index,lyr,year,month,date_char,date,data_type,time_period,gcm,scenario,mean_prob_mask,mean_prob_rescale,prop_suitable
1,2008_01,2008,January,2008-Jan-15,2008-01-15,weather,historical,NA,NA,0.10673290637718078,0.11472070342585879,0.670513519277708
2,2008_02,2008,February,2008-Feb-15,2008-02-15,weather,historical,NA,NA,0.09371578700946585,0.10065172218985757,0.760515652029669
3,2008_03,2008,March,2008-Mar-15,2008-03-15,weather,historical,NA,NA,0.05924946055663372,0.06340030833287073,0.6574326405839
4,2008_04,2008,April,2008-Apr-15,2008-04-15,weather,historical,NA,NA,0.07704887095157359,0.08263801860385506,0.7274224507689756
5,2008_05,2008,May,2008-May-15,2008-05-15,weather,historical,NA,NA,0.1661416431961106,0.1789300250534343,0.8804711012109292
6,2008_06,2008,June,2008-Jun-15,2008-06-15,weather,historical,NA,NA,0.18549120735861108,0.19984315093820912,0.9063840375364345
7,2008_07,2008,July,2008-Jul-15,2008-07-15,weather,historical,NA,NA,0.10262291448136472,0.11027859935271483,0.8002203843692979
8,2008_08,2008,August,2008-Aug-15,2008-08-15,weather,historical,NA,NA,0.07184109644950963,0.07700942446668717,0.6923860754994194
9,2008_09,2008,September,2008-Sep-15,2008-09-15,weather,historical,NA,NA,0.062152017938765576,0.06653740987059444,0.6521244579255433
10,2008_10,2008,October,2008-Oct-15,2008-10-15,weather,historical,NA,NA,0.05438994436586758,0.05814811385231546,0.5958553520225598
11,2008_11,2008,November,2008-Nov-15,2008-11-15,weather,historical,NA,NA,0.04988815787265153,0.05328255581666643,0.5647408706367449
12,2008_12,2008,December,2008-Dec-15,2008-12-15,weather,historical,NA,NA,0.09093074184909963,0.09764162854189948,0.6611057134055309
13,2009_01,2009,January,2009-Jan-15,2009-01-15,weather,historical,NA,NA,0.11808466267725871,0.12698975022894382,0.7108699258276262
14,2009_02,2009,February,2009-Feb-15,2009-02-15,weather,historical,NA,NA,0.08116271498841769,0.08708428610811021,0.687054195597052
15,2009_03,2009,March,2009-Mar-15,2009-03-15,weather,historical,NA,NA,0.06684136476352087,0.07160568426394755,0.7254318822720918
16,2009_04,2009,April,2009-Apr-15,2009-04-15,weather,historical,NA,NA,0.0774218678840255,0.08304115595806343,0.7169245716723145
17,2009_05,2009,May,2009-May-15,2009-05-15,weather,historical,NA,NA,0.1324089042479208,0.14247147707037974,0.822306215787104
18,2009_06,2009,June,2009-Jun-15,2009-06-15,weather,historical,NA,NA,0.1678043067965192,0.18072704196250527,0.9280433185620512
19,2009_07,2009,July,2009-Jul-15,2009-07-15,weather,historical,NA,NA,0.10384068109771138,0.11159476885553739,0.7821156899452594
20,2009_08,2009,August,2009-Aug-15,2009-08-15,weather,historical,NA,NA,0.07520095983493182,0.08064078510707465,0.6543519988625323
21,2009_09,2009,September,2009-Sep-15,2009-09-15,weather,historical,NA,NA,0.06318801142016323,0.06765711787476,0.6350031991279415
22,2009_10,2009,October,2009-Oct-15,2009-10-15,weather,historical,NA,NA,0.053325496406170306,0.0569976520770619,0.6112941064954146
23,2009_11,2009,November,2009-Nov-15,2009-11-15,weather,historical,NA,NA,0.05453633805434764,0.0583063370423042,0.5080807602075879
24,2009_12,2009,December,2009-Dec-15,2009-12-15,weather,historical,NA,NA,0.08008227662544781,0.0859165417948042,0.5342899120832247
25,2010_01,2010,January,2010-Jan-15,2010-01-15,weather,historical,NA,NA,0.1061636523309569,0.11410545021554845,0.6908457546387355
26,2010_02,2010,February,2010-Feb-15,2010-02-15,weather,historical,NA,NA,0.1038700935682354,0.11162655805391293,0.7173866679305196
27,2010_03,2010,March,2010-Mar-15,2010-03-15,weather,historical,NA,NA,0.06860510348445976,0.07351194370008228,0.6349202587739046
28,2010_04,2010,April,2010-Apr-15,2010-04-15,weather,historical,NA,NA,0.07757460933581481,0.08320623981562997,0.7036659636484277
29,2010_05,2010,May,2010-May-15,2010-05-15,weather,historical,NA,NA,0.1334914310764833,0.14364147863908736,0.8390009241925164
30,2010_06,2010,June,2010-Jun-15,2010-06-15,weather,historical,NA,NA,0.17196469513208182,0.1852236148198418,0.8792151472783716
31,2010_07,2010,July,2010-Jul-15,2010-07-15,weather,historical,NA,NA,0.10927889194191116,0.11747242000116725,0.8140951207374583
32,2010_08,2010,August,2010-Aug-15,2010-08-15,weather,historical,NA,NA,0.07524852177218726,0.08069219032478701,0.672196023602455
33,2010_09,2010,September,2010-Sep-15,2010-09-15,weather,historical,NA,NA,0.06780907402739383,0.07265159027353625,0.6843527097798526
34,2010_10,2010,October,2010-Oct-15,2010-10-15,weather,historical,NA,NA,0.06493689417810801,0.0695473209445287,0.6559871086992582
35,2010_11,2010,November,2010-Nov-15,2010-11-15,weather,historical,NA,NA,0.055491446251665695,0.059338623743930605,0.5953577098983388
36,2010_12,2010,December,2010-Dec-15,2010-12-15,weather,historical,NA,NA,0.06280223923940371,0.06724017300540562,0.5523590606412474
37,2011_01,2011,January,2011-Jan-15,2011-01-15,weather,historical,NA,NA,0.10071982615900682,0.10822173003547023,0.6966278821773028
38,2011_02,2011,February,2011-Feb-15,2011-02-15,weather,historical,NA,NA,0.08949927960137863,0.09609449550837063,0.7536671485106282
39,2011_03,2011,March,2011-Mar-15,2011-03-15,weather,historical,NA,NA,0.05537207768823262,0.05920960950738835,0.597182397687149
40,2011_04,2011,April,2011-Apr-15,2011-04-15,weather,historical,NA,NA,0.06993190023726135,0.07494595365979966,0.6840209483637053
41,2011_05,2011,May,2011-May-15,2011-05-15,weather,historical,NA,NA,0.1350711825940645,0.145348883575526,0.8407071257612739
42,2011_06,2011,June,2011-Jun-15,2011-06-15,weather,historical,NA,NA,0.15827926874652304,0.1704323232831242,0.885186852769023
43,2011_07,2011,July,2011-Jul-15,2011-07-15,weather,historical,NA,NA,0.10477776510342199,0.11260757493699554,0.7913102206213417
44,2011_08,2011,August,2011-Aug-15,2011-08-15,weather,historical,NA,NA,0.07079833663468417,0.07588240337119641,0.6746605369795493
45,2011_09,2011,September,2011-Sep-15,2011-09-15,weather,historical,NA,NA,0.0587196419350855,0.06282767715684183,0.6054408872248157
46,2011_10,2011,October,2011-Oct-15,2011-10-15,weather,historical,NA,NA,0.057319128083099094,0.061313993329485374,0.6693286570771819
47,2011_11,2011,November,2011-Nov-15,2011-11-15,weather,historical,NA,NA,0.05149547399388418,0.055019752802342003,0.5798478636934524
48,2011_12,2011,December,2011-Dec-15,2011-12-15,weather,historical,NA,NA,0.08015136227819258,0.08599120997401125,0.591186994952487
49,2012_01,2012,January,2012-Jan-15,2012-01-15,weather,historical,NA,NA,0.13263658790111643,0.1427175589058279,0.7751368515841608
50,2012_02,2012,February,2012-Feb-15,2012-02-15,weather,historical,NA,NA,0.1053294655429167,0.1132038561054427,0.8361335576672433
51,2012_03,2012,March,2012-Mar-15,2012-03-15,weather,historical,NA,NA,0.07806528866532578,0.08373656904653602,0.7509182682054077
52,2012_04,2012,April,2012-Apr-15,2012-04-15,weather,historical,NA,NA,0.057160233726134,0.061142259332929536,0.5953103154103178
53,2012_05,2012,May,2012-May-15,2012-05-15,weather,historical,NA,NA,0.10633641325957674,0.11429217129809016,0.7854333041067324
54,2012_06,2012,June,2012-Jun-15,2012-06-15,weather,historical,NA,NA,0.16873111327018395,0.1817287400067338,0.9089670371335814
55,2012_07,2012,July,2012-Jul-15,2012-07-15,weather,historical,NA,NA,0.10672801006373932,0.11471541146466227,0.8260266830967559
56,2012_08,2012,August,2012-Aug-15,2012-08-15,weather,historical,NA,NA,0.07455279790732801,0.07994024778645921,0.6877532642953624
57,2012_09,2012,September,2012-Sep-15,2012-09-15,weather,historical,NA,NA,0.06819745198087462,0.07307135152060117,0.6762956468162753
58,2012_10,2012,October,2012-Oct-15,2012-10-15,weather,historical,NA,NA,0.057938932447332454,0.061983881611468866,0.6213417379558758
59,2012_11,2012,November,2012-Nov-15,2012-11-15,weather,historical,NA,NA,0.05097929798623657,0.05446186664993845,0.5802981113296524
60,2012_12,2012,December,2012-Dec-15,2012-12-15,weather,historical,NA,NA,0.06162966036912957,0.06597284266600242,0.5122514751534396
61,2013_01,2013,January,2013-Jan-15,2013-01-15,weather,historical,NA,NA,0.10883774762456006,0.11699562859186621,0.6548614896087585
62,2013_02,2013,February,2013-Feb-15,2013-02-15,weather,historical,NA,NA,0.1288210023541047,0.13859365099092916,0.8277091874215029
63,2013_03,2013,March,2013-Mar-15,2013-03-15,weather,historical,NA,NA,0.061098439759441334,0.06539869621832117,0.6293277091874215
64,2013_04,2013,April,2013-Apr-15,2013-04-15,weather,historical,NA,NA,0.05840929491946097,0.06249225223915093,0.5576198488115832
65,2013_05,2013,May,2013-May-15,2013-05-15,weather,historical,NA,NA,0.14923384561846953,0.16065597536674744,0.8560273940140761
66,2013_06,2013,June,2013-Jun-15,2013-06-15,weather,historical,NA,NA,0.2008523739594165,0.21644559257934198,0.9344297258228867
67,2013_07,2013,July,2013-Jul-15,2013-07-15,weather,historical,NA,NA,0.10097176225768065,0.10849402406496811,0.7902675418848788
68,2013_08,2013,August,2013-Aug-15,2013-08-15,weather,historical,NA,NA,0.06647528000441673,0.07121001764332244,0.6498613711225385
69,2013_09,2013,September,2013-Sep-15,2013-09-15,weather,historical,NA,NA,0.06025994589067234,0.06449244698696624,0.6115666248015356
70,2013_10,2013,October,2013-Oct-15,2013-10-15,weather,historical,NA,NA,0.06488184609507273,0.06948782464614557,0.6802056920780113
71,2013_11,2013,November,2013-Nov-15,2013-11-15,weather,historical,NA,NA,0.05282144256713178,0.05645286763374127,0.5627858480058769
72,2013_12,2013,December,2013-Dec-15,2013-12-15,weather,historical,NA,NA,0.056824090297240386,0.060778953484608524,0.5200004739448802
73,2014_01,2014,January,2014-Jan-15,2014-01-15,weather,historical,NA,NA,0.10439991865675835,0.11219919621873128,0.6962250290291239
74,2014_02,2014,February,2014-Feb-15,2014-02-15,weather,historical,NA,NA,0.09790685381642783,0.10518145254319028,0.7719377236427404
75,2014_03,2014,March,2014-Mar-15,2014-03-15,weather,historical,NA,NA,0.07407990364178754,0.07942914081367095,0.7060712339154956
76,2014_04,2014,April,2014-Apr-15,2014-04-15,weather,historical,NA,NA,0.07598892801697636,0.08149242586778918,0.7296499917059646
77,2014_05,2014,May,2014-May-15,2014-05-15,weather,historical,NA,NA,0.11414857199371205,0.12273559965037575,0.800362567833361
78,2014_06,2014,June,2014-Jun-15,2014-06-15,weather,historical,NA,NA,0.15301975784430236,0.1647478121507859,0.8714542998649257
79,2014_07,2014,July,2014-Jul-15,2014-07-15,weather,historical,NA,NA,0.10357248554645228,0.11130490148362145,0.7886324320481528
80,2014_08,2014,August,2014-Aug-15,2014-08-15,weather,historical,NA,NA,0.07364331898159539,0.0789572774578427,0.6704779734116922
81,2014_09,2014,September,2014-Sep-15,2014-09-15,weather,historical,NA,NA,0.06304241469574273,0.06749975608488526,0.6390080333657195
82,2014_10,2014,October,2014-Oct-15,2014-10-15,weather,historical,NA,NA,0.06266341298481715,0.06709012872235386,0.6676580013744402
83,2014_11,2014,November,2014-Nov-15,2014-11-15,weather,historical,NA,NA,0.04915536999103568,0.05249055425912207,0.5384013839190502
84,2014_12,2014,December,2014-Dec-15,2014-12-15,weather,historical,NA,NA,0.06935450401491806,0.07432190032290141,0.5654399393350553
85,2015_01,2015,January,2015-Jan-15,2015-01-15,weather,historical,NA,NA,0.11921021548991899,0.12820625447697098,0.744117159174388
86,2015_02,2015,February,2015-Feb-15,2015-02-15,weather,historical,NA,NA,0.10058701444232647,0.10807818631896206,0.800635086139482
87,2015_03,2015,March,2015-Mar-15,2015-03-15,weather,historical,NA,NA,0.06631099077595272,0.07103245282625877,0.6974691343396763
88,2015_04,2015,April,2015-Apr-15,2015-04-15,weather,historical,NA,NA,0.05532646071851817,0.059160306393607115,0.595049645726202
89,2015_05,2015,May,2015-May-15,2015-05-15,weather,historical,NA,NA,0.10508127537349177,0.112935610636728,0.7589397853029692
90,2015_06,2015,June,2015-Jun-15,2015-06-15,weather,historical,NA,NA,0.17872331672114342,0.19252837386804184,0.9070001658807081
91,2015_07,2015,July,2015-Jul-15,2015-07-15,weather,historical,NA,NA,0.11947580130084035,0.1284933012380798,0.8216545415768146
92,2015_08,2015,August,2015-Aug-15,2015-08-15,weather,historical,NA,NA,0.08221342529927717,0.08821990014795886,0.6841631318277684
93,2015_09,2015,September,2015-Sep-15,2015-09-15,weather,historical,NA,NA,0.062293762234015,0.06669060799138127,0.630761392450058
94,2015_10,2015,October,2015-Oct-15,2015-10-15,weather,historical,NA,NA,0.05498812051120987,0.05879462624938966,0.5769567999241688
95,2015_11,2015,November,2015-Nov-15,2015-11-15,weather,historical,NA,NA,0.04636956241128625,0.049479636597010275,0.4882461669707813
96,2015_12,2015,December,2015-Dec-15,2015-12-15,weather,historical,NA,NA,0.06933054606291171,0.07429600642773329,0.5279745965544207
97,2016_01,2016,January,2016-Jan-15,2016-01-15,weather,historical,NA,NA,0.1099089873258264,0.11815343089919038,0.657930282708121
98,2016_02,2016,February,2016-Feb-15,2016-02-15,weather,historical,NA,NA,0.09793950375463926,0.1052167407525695,0.7785611033436811
99,2016_03,2016,March,2016-Mar-15,2016-03-15,weather,historical,NA,NA,0.07464185748064348,0.08003650391143555,0.7332045783075428
100,2016_04,2016,April,2016-Apr-15,2016-04-15,weather,historical,NA,NA,0.0651411615606422,0.0697680943664719,0.6245290172752909
101,2016_05,2016,May,2016-May-15,2016-05-15,weather,historical,NA,NA,0.1092284282461925,0.11741787854804532,0.7982890589824403
102,2016_06,2016,June,2016-Jun-15,2016-06-15,weather,historical,NA,NA,0.18592157985150565,0.20030830019023893,0.9140027014858172
103,2016_07,2016,July,2016-Jul-15,2016-07-15,weather,historical,NA,NA,0.10297096366156204,0.11065477300583351,0.8159316571482736
104,2016_08,2016,August,2016-Aug-15,2016-08-15,weather,historical,NA,NA,0.07231091184467385,0.07751720376638215,0.6896964383042252
105,2016_09,2016,September,2016-Sep-15,2016-09-15,weather,historical,NA,NA,0.06822662188228876,0.07310287850521095,0.6797554444418115
106,2016_10,2016,October,2016-Oct-15,2016-10-15,weather,historical,NA,NA,0.06167319007525978,0.06601988982629346,0.6705253678997133
107,2016_11,2016,November,2016-Nov-15,2016-11-15,weather,historical,NA,NA,0.04982706730960514,0.05321652878032096,0.5904049859001398
108,2016_12,2016,December,2016-Dec-15,2016-12-15,weather,historical,NA,NA,0.04989240387977109,0.05328714493857188,0.5002132751960947
109,2017_01,2017,January,2017-Jan-15,2017-01-15,weather,historical,NA,NA,0.11456239232661253,0.12318285915038442,0.7142704803431361
110,2017_02,2017,February,2017-Feb-15,2017-02-15,weather,historical,NA,NA,0.09951949698466984,0.10692440699066791,0.7397687148984573
111,2017_03,2017,March,2017-Mar-15,2017-03-15,weather,historical,NA,NA,0.05824661528194947,0.06231642709269586,0.5946112467120074
112,2017_04,2017,April,2017-Apr-15,2017-04-15,weather,historical,NA,NA,0.0657736286660439,0.07045166863918556,0.6382852674233986
113,2017_05,2017,May,2017-May-15,2017-05-15,weather,historical,NA,NA,0.12402381763409889,0.133408824796387,0.8172824000568734
114,2017_06,2017,June,2017-Jun-15,2017-06-15,weather,historical,NA,NA,0.1807042146790392,0.19466934035505684,0.9264793004573568
115,2017_07,2017,July,2017-Jul-15,2017-07-15,weather,historical,NA,NA,0.1081216346094932,0.11622164927345671,0.7689400222754094
116,2017_08,2017,August,2017-Aug-15,2017-08-15,weather,historical,NA,NA,0.07538218427352446,0.08083665357214277,0.6397426479300458
117,2017_09,2017,September,2017-Sep-15,2017-09-15,weather,historical,NA,NA,0.0659898700226867,0.07068538360105675,0.6265551316381904
118,2017_10,2017,October,2017-Oct-15,2017-10-15,weather,historical,NA,NA,0.05311447312338702,0.056769576836086584,0.5870162800066352
119,2017_11,2017,November,2017-Nov-15,2017-11-15,weather,historical,NA,NA,0.04748817817707582,0.05068864326609727,0.542619493352923
120,2017_12,2017,December,2017-Dec-15,2017-12-15,weather,historical,NA,NA,0.0982399849854204,0.10554150267720225,0.7245313869996919
121,2018_01,2018,January,2018-Jan-15,2018-01-15,weather,historical,NA,NA,0.11612220330301508,0.12486871225054845,0.6959288134789924
122,2018_02,2018,February,2018-Feb-15,2018-02-15,weather,historical,NA,NA,0.07078922445190616,0.07587255485203923,0.6434631152396976
123,2018_03,2018,March,2018-Mar-15,2018-03-15,weather,historical,NA,NA,0.061135568085060085,0.06543882474281264,0.6656792814995616
124,2018_04,2018,April,2018-Apr-15,2018-04-15,weather,historical,NA,NA,0.05920247941543266,0.06334953081474529,0.6163890139576768
125,2018_05,2018,May,2018-May-15,2018-05-15,weather,historical,NA,NA,0.11275702261518518,0.12123160466786358,0.7827199696675277
126,2018_06,2018,June,2018-Jun-15,2018-06-15,weather,historical,NA,NA,0.1906963506649816,0.2054689012292121,0.9064906751344819
127,2018_07,2018,July,2018-Jul-15,2018-07-15,weather,historical,NA,NA,0.1314526785020029,0.14143798245023226,0.8355529751889855
128,2018_08,2018,August,2018-Aug-15,2018-08-15,weather,historical,NA,NA,0.07883434480447199,0.08456776955095115,0.7139031730609731
129,2018_09,2018,September,2018-Sep-15,2018-09-15,weather,historical,NA,NA,0.06964772187049599,0.07463881197224899,0.6713429228180763
130,2018_10,2018,October,2018-Oct-15,2018-10-15,weather,historical,NA,NA,0.06239165367002484,0.06679640963033157,0.657337851607858
131,2018_11,2018,November,2018-Nov-15,2018-11-15,weather,historical,NA,NA,0.06006012880654411,0.06427648346138262,0.5849190739117041
132,2018_12,2018,December,2018-Dec-15,2018-12-15,weather,historical,NA,NA,0.05762407781967673,0.06164358482702338,0.48755894689447615
133,2019_01,2019,January,2019-Jan-15,2019-01-15,weather,historical,NA,NA,0.07807268229247626,0.08374456009157459,0.6134505557003721
134,2019_02,2019,February,2019-Feb-15,2019-02-15,weather,historical,NA,NA,0.09112543382221817,0.09785205278210674,0.6961539372970923
135,2019_03,2019,March,2019-Mar-15,2019-03-15,weather,historical,NA,NA,0.06294917470103895,0.06739898170205672,0.6157728856134032
136,2019_04,2019,April,2019-Apr-15,2019-04-15,weather,historical,NA,NA,0.06437100240222571,0.06893570171414233,0.6007132870447167
137,2019_05,2019,May,2019-May-15,2019-05-15,weather,historical,NA,NA,0.12204853715443262,0.13127392969182683,0.7987867011066613
138,2019_06,2019,June,2019-Jun-15,2019-06-15,weather,historical,NA,NA,0.17702818282910632,0.19069626292906566,0.9090973719756392
139,2019_07,2019,July,2019-Jul-15,2019-07-15,weather,historical,NA,NA,0.11283288888138712,0.1213136014040854,0.8104220479158274
140,2019_08,2019,August,2019-Aug-15,2019-08-15,weather,historical,NA,NA,0.08172792696781064,0.08769517061851657,0.7085712931586057
141,2019_09,2019,September,2019-Sep-15,2019-09-15,weather,historical,NA,NA,0.06896862511671664,0.07390484011263719,0.6783217611791749
142,2019_10,2019,October,2019-Oct-15,2019-10-15,weather,historical,NA,NA,0.042013688546119275,0.044771781816483884,0.49659944548449014
143,2019_11,2019,November,2019-Nov-15,2019-11-15,weather,historical,NA,NA,0.041840277746217014,0.04458435836650021,0.4463968340482002
144,2019_12,2019,December,2019-Dec-15,2019-12-15,weather,historical,NA,NA,0.06969996719267807,0.07469527902130885,0.52385127609659
145,2020_01,2020,January,2020-Jan-15,2020-01-15,weather,historical,NA,NA,0.10409604506305152,0.11187076783532948,0.6581672551482263
146,2020_02,2020,February,2020-Feb-15,2020-02-15,weather,historical,NA,NA,0.12068816704129592,0.12980363342351042,0.8026730491243869
147,2020_03,2020,March,2020-Mar-15,2020-03-15,weather,historical,NA,NA,0.08530897564107076,0.09156558962980513,0.7325410554752483
148,2020_04,2020,April,2020-Apr-15,2020-04-15,weather,historical,NA,NA,0.07076001086928059,0.0758409806367966,0.6536884760302377
149,2020_05,2020,May,2020-May-15,2020-05-15,weather,historical,NA,NA,0.14577289349634662,0.15691535738990114,0.8556363894879025
150,2020_06,2020,June,2020-Jun-15,2020-06-15,weather,historical,NA,NA,0.19975203250468027,0.2152563369088118,0.9261593876632148
151,2020_07,2020,July,2020-Jul-15,2020-07-15,weather,historical,NA,NA,0.08951620002369645,0.09611278317493581,0.7731344344652716
152,2020_08,2020,August,2020-Aug-15,2020-08-15,weather,historical,NA,NA,0.07428775053543628,0.07965378299217342,0.6753714542998649
153,2020_09,2020,September,2020-Sep-15,2020-09-15,weather,historical,NA,NA,0.06431467918178002,0.06887482720487485,0.6628948553283253
154,2020_10,2020,October,2020-Oct-15,2020-10-15,weather,historical,NA,NA,0.05485516073138836,0.058650922533493854,0.6003459797625537
155,2020_11,2020,November,2020-Nov-15,2020-11-15,weather,historical,NA,NA,0.04802363853877878,0.05126737207124899,0.533484205786867
156,2020_12,2020,December,2020-Dec-15,2020-12-15,weather,historical,NA,NA,0.06318367196501182,0.06765242778276223,0.5814474276641627
157,2021_01,2021,January,2021-Jan-15,2021-01-15,weather,historical,NA,NA,0.09378529097243546,0.10072684251462176,0.6343159790516363
158,2021_02,2021,February,2021-Feb-15,2021-02-15,weather,historical,NA,NA,0.07864314129562801,0.08436111565235462,0.6828242375411739
159,2021_03,2021,March,2021-Mar-15,2021-03-15,weather,historical,NA,NA,0.05849455926070216,0.0625844064534862,0.6502760728927226
160,2021_04,2021,April,2021-Apr-15,2021-04-15,weather,historical,NA,NA,0.07104562009569339,0.07614966881024962,0.702267826251807
161,2021_05,2021,May,2021-May-15,2021-05-15,weather,historical,NA,NA,0.13761406835638157,0.14809724986268313,0.8058721770658073
162,2021_06,2021,June,2021-Jun-15,2021-06-15,weather,historical,NA,NA,0.17728261183035843,0.1909712513276904,0.9432451005948008
163,2021_07,2021,July,2021-Jul-15,2021-07-15,weather,historical,NA,NA,0.09544031959695413,0.10251560744544332,0.7829806393516434
164,2021_08,2021,August,2021-Aug-15,2021-08-15,weather,historical,NA,NA,0.07286449371052256,0.07811551838263507,0.6786890684613379
165,2021_09,2021,September,2021-Sep-15,2021-09-15,weather,historical,NA,NA,0.06313898063711104,0.067604125119046607,0.6407734780445035
166,2021_10,2021,October,2021-Oct-15,2021-10-15,weather,historical,NA,NA,0.05073327371872371,0.05419596213697026,0.5852034408398303
167,2021_11,2021,November,2021-Nov-15,2021-11-15,weather,historical,NA,NA,0.04858291422239669,0.05187184058664155,0.5778217493305529
168,2021_12,2021,December,2021-Dec-15,2021-12-15,weather,historical,NA,NA,0.07730642615493127,0.08291638584440203,0.6044337543543686
169,ACCESS-CM2_SSP126_2030_01,2030,January,2030-Jan-15,2030-01-15,climate,future,ACCESS-CM2,SSP126,0.10002242312795413,0.10746797257819155,0.6425270741012821
170,ACCESS-CM2_SSP126_2030_02,2030,February,2030-Feb-15,2030-02-15,climate,future,ACCESS-CM2,SSP126,0.09177435427221202,0.09855340994141175,0.70808549965639
171,ACCESS-CM2_SSP126_2030_03,2030,March,2030-Mar-15,2030-03-15,climate,future,ACCESS-CM2,SSP126,0.06120352148472968,0.06551226918071208,0.5931894120713761
172,ACCESS-CM2_SSP126_2030_04,2030,April,2030-Apr-15,2030-04-15,climate,future,ACCESS-CM2,SSP126,0.06487736460800919,0.06948298102198834,0.5753098414654376
173,ACCESS-CM2_SSP126_2030_05,2030,May,2030-May-15,2030-05-15,climate,future,ACCESS-CM2,SSP126,0.11077720914006461,0.11909181033607188,0.7667954216924572
174,ACCESS-CM2_SSP126_2030_06,2030,June,2030-Jun-15,2030-06-15,climate,future,ACCESS-CM2,SSP126,0.1646704248579569,0.17733992338498872,0.8935875257707528
175,ACCESS-CM2_SSP126_2030_07,2030,July,2030-Jul-15,2030-07-15,climate,future,ACCESS-CM2,SSP126,0.10048730022271816,0.10797041457729198,0.7489513969525344
176,ACCESS-CM2_SSP126_2030_08,2030,August,2030-Aug-15,2030-08-15,climate,future,ACCESS-CM2,SSP126,0.06734813629907156,0.0721534059994359,0.60290528211568994
177,ACCESS-CM2_SSP126_2030_09,2030,September,2030-Sep-15,2030-09-15,climate,future,ACCESS-CM2,SSP126,0.05859830865783938,0.06269653940939111,0.5885210550013034
178,ACCESS-CM2_SSP126_2030_10,2030,October,2030-Oct-15,2030-10-15,climate,future,ACCESS-CM2,SSP126,0.052922636103145876,0.05656223823041502,0.5731652408824853
179,ACCESS-CM2_SSP126_2030_11,2030,November,2030-Nov-15,2030-11-15,climate,future,ACCESS-CM2,SSP126,0.048669408533216586,0.051965324177964435,0.4948813952937273
180,ACCESS-CM2_SSP126_2030_12,2030,December,2030-Dec-15,2030-12-15,climate,future,ACCESS-CM2,SSP126,0.06427701238323245,0.06883411671980678,0.5087324344178772
181,ACCESS-CM2_SSP126_2050_01,2050,January,2050-Jan-15,2050-01-15,climate,future,ACCESS-CM2,SSP126,0.09962878547736503,0.10704252661628784,0.6293751036754426
182,ACCESS-CM2_SSP126_2050_02,2050,February,2050-Feb-15,2050-02-15,climate,future,ACCESS-CM2,SSP126,0.09241474983847484,0.099245553328305,0.6915448233370459
183,ACCESS-CM2_SSP126_2050_03,2050,March,2050-Mar-15,2050-03-15,climate,future,ACCESS-CM2,SSP126,0.06314984318989651,0.06761586545466355,0.5754757221735112
184,ACCESS-CM2_SSP126_2050_04,2050,April,2050-Apr-15,2050-04-15,climate,future,ACCESS-CM2,SSP126,0.0660457897878105,0.07074582200082026,0.5763051257138795
185,ACCESS-CM2_SSP126_2050_05,2050,May,2050-May-15,2050-05-15,climate,future,ACCESS-CM2,SSP126,0.11455404296859542,0.12317383512251781,0.7762269248086447
186,ACCESS-CM2_SSP126_2050_06,2050,June,2050-Jun-15,2050-06-15,climate,future,ACCESS-CM2,SSP126,0.16462365199613946,0.17728937103939144,0.8956017915116472
187,ACCESS-CM2_SSP126_2050_07,2050,July,2050-Jul-15,2050-07-15,climate,future,ACCESS-CM2,SSP126,0.09711218557243886,0.10432257024563266,0.7327661792933482
188,ACCESS-CM2_SSP126_2050_08,2050,August,2050-Aug-15,2050-08-15,climate,future,ACCESS-CM2,SSP126,0.06491980763921727,0.06952885370673578,0.5837105144671675
189,ACCESS-CM2_SSP126_2050_09,2050,September,2050-Sep-15,2050-09-15,climate,future,ACCESS-CM2,SSP126,0.05673248382842852,0.06067994467465906,0.5662574942534183
190,ACCESS-CM2_SSP126_2050_10,2050,October,2050-Oct-15,2050-10-15,climate,future,ACCESS-CM2,SSP126,0.05178621049873546,0.055333982567739776,0.5571222066873622
191,ACCESS-CM2_SSP126_2050_11,2050,November,2050-Nov-15,2050-11-15,climate,future,ACCESS-CM2,SSP126,0.050348224937979365,0.053779799078915336,0.48896893291310223
192,ACCESS-CM2_SSP126_2050_12,2050,December,2050-Dec-15,2050-12-15,climate,future,ACCESS-CM2,SSP126,0.06364520682949922,0.06815125746599447,0.4896680016114126
193,ACCESS-CM2_SSP126_2070_01,2070,January,2070-Jan-15,2070-01-15,climate,future,ACCESS-CM2,SSP126,0.09966281347089578,0.10707930435981673,0.6342330386975995
194,ACCESS-CM2_SSP126_2070_02,2070,February,2070-Feb-15,2070-02-15,climate,future,ACCESS-CM2,SSP126,0.09240128504342639,0.09923100053701817,0.6859641223725681
195,ACCESS-CM2_SSP126_2070_03,2070,March,2070-Mar-15,2070-03-15,climate,future,ACCESS-CM2,SSP126,0.06344766994260403,0.06793775836725768,0.5680229389322022
196,ACCESS-CM2_SSP126_2070_04,2070,April,2070-Apr-15,2070-04-15,climate,future,ACCESS-CM2,SSP126,0.06731231579461587,0.07211469096690534,0.5745159837910851
197,ACCESS-CM2_SSP126_2070_05,2070,May,2070-May-15,2070-05-15,climate,future,ACCESS-CM2,SSP126,0.11598039791226322,0.12471544815437463,0.7750894570961397
198,ACCESS-CM2_SSP126_2070_06,2070,June,2070-Jun-15,2070-06-15,climate,future,ACCESS-CM2,SSP126,0.16572086435321517,0.17847524478675975,0.8960757363918577
199,ACCESS-CM2_SSP126_2070_07,2070,July,2070-Jul-15,2070-07-15,climate,future,ACCESS-CM2,SSP126,0.09693123503003534,0.10412699784502628,0.7372805042773526
200,ACCESS-CM2_SSP126_2070_08,2070,August,2070-Aug-15,2070-08-15,climate,future,ACCESS-CM2,SSP126,0.06419401921921764,0.06874441718070955,0.5781298135026897
201,ACCESS-CM2_SSP126_2070_09,2070,September,2070-Sep-15,2070-09-15,climate,future,ACCESS-CM2,SSP126,0.0560593480497331,0.059952415450523565,0.5573591791274675
202,ACCESS-CM2_SSP126_2070_10,2070,October,2070-Oct-15,2070-10-15,climate,future,ACCESS-CM2,SSP126,0.05170029027051995,0.05524111948988123,0.5520509964691106
203,ACCESS-CM2_SSP126_2070_11,2070,November,2070-Nov-15,2070-11-15,climate,future,ACCESS-CM2,SSP126,0.050929917473824554,0.05440849588433474,0.4758051138652575
204,ACCESS-CM2_SSP126_2070_12,2070,December,2070-Dec-15,2070-12-15,climate,future,ACCESS-CM2,SSP126,0.06527918326693402,0.06991726907510276,0.4970141472546743
205,ACCESS-CM2_SSP245_2030_01,2030,January,2030-Jan-15,2030-01-15,climate,future,ACCESS-CM2,SSP245,0.09886200554099857,0.10621378624082126,0.6407734780445035
206,ACCESS-CM2_SSP245_2030_02,2030,February,2030-Feb-15,2030-02-15,climate,future,ACCESS-CM2,SSP245,0.08992854471118979,0.09655844783067989,0.6999810422047916
207,ACCESS-CM2_SSP245_2030_03,2030,March,2030-Mar-15,2030-03-15,climate,future,ACCESS-CM2,SSP245,0.0604540641547837,0.06470225117859325,0.5798004692054314
208,ACCESS-CM2_SSP245_2030_04,2030,April,2030-Apr-15,2030-04-15,climate,future,ACCESS-CM2,SSP245,0.06498640569531157,0.06960083328543255,0.5766842816180479
209,ACCESS-CM2_SSP245_2030_05,2030,May,2030-May-15,2030-05-15,climate,future,ACCESS-CM2,SSP245,0.1151197000943574,0.12378520077815933,0.7866655607952795
210,ACCESS-CM2_SSP245_2030_06,2030,June,2030-Jun-15,2030-06-15,climate,future,ACCESS-CM2,SSP245,0.17010516809435228,0.18321382676898082,0.8996895661034622
211,ACCESS-CM2_SSP245_2030_07,2030,July,2030-Jul-15,2030-07-15,climate,future,ACCESS-CM2,SSP245,0.10090433327196141,0.10842114644844666,0.7510486030474656
212,ACCESS-CM2_SSP245_2030_08,2030,August,2030-Aug-15,2030-08-15,climate,future,ACCESS-CM2,SSP245,0.06736409944528517,0.0721706590578682,0.6073959098556838
213,ACCESS-CM2_SSP245_2030_09,2030,September,2030-Sep-15,2030-09-15,climate,future,ACCESS-CM2,SSP245,0.05881025366778735,0.06292561085763028,0.5932842010474182
214,ACCESS-CM2_SSP245_2030_10,2030,October,2030-Oct-15,2030-10-15,climate,future,ACCESS-CM2,SSP245,0.053849174911008206,0.0575636469773431,0.5813526386881206
215,ACCESS-CM2_SSP245_2030_11,2030,November,2030-Nov-15,2030-11-15,climate,future,ACCESS-CM2,SSP245,0.0490646155547942,0.052392466314508654,0.5008057062963578
216,ACCESS-CM2_SSP245_2030_12,2030,December,2030-Dec-15,2030-12-15,climate,future,ACCESS-CM2,SSP245,0.06303857213052665,0.0674956030068074,0.5039811369937677
217,ACCESS-CM2_SSP245_2050_01,2050,January,2050-Jan-15,2050-01-15,climate,future,ACCESS-CM2,SSP245,0.09776675584542305,0.10503003377198437,0.6290551908813005
218,ACCESS-CM2_SSP245_2050_02,2050,February,2050-Feb-15,2050-02-15,climate,future,ACCESS-CM2,SSP245,0.09176549067564826,0.09854383011092777,0.6884760302376833
219,ACCESS-CM2_SSP245_2050_03,2050,March,2050-Mar-15,2050-03-15,climate,future,ACCESS-CM2,SSP245,0.06243541806299948,0.06684371044197693,0.5644920495746345
220,ACCESS-CM2_SSP245_2050_04,2050,April,2050-Apr-15,2050-04-15,climate,future,ACCESS-CM2,SSP245,0.06446445007248397,0.06903670049098246,0.5657598521291973
221,ACCESS-CM2_SSP245_2050_05,2050,May,2050-May-15,2050-05-15,climate,future,ACCESS-CM2,SSP245,0.1131842440042019,0.12169334811105044,0.7720325126187825
222,ACCESS-CM2_SSP245_2050_06,2050,June,2050-Jun-15,2050-06-15,climate,future,ACCESS-CM2,SSP245,0.1658918189068519,0.17866001349287106,0.900862579681983
223,ACCESS-CM2_SSP245_2050_07,2050,July,2050-Jul-15,2050-07-15,climate,future,ACCESS-CM2,SSP245,0.09745779706475893,0.10469610925550475,0.7341998625559847
224,ACCESS-CM2_SSP245_2050_08,2050,August,2050-Aug-15,2050-08-15,climate,future,ACCESS-CM2,SSP245,0.06346012824558953,0.06795122340613201,0.5702978743572122
225,ACCESS-CM2_SSP245_2050_09,2050,September,2050-Sep-15,2050-09-15,climate,future,ACCESS-CM2,SSP245,0.055151020951733104,0.05897069005112738,0.552157634067158
226,ACCESS-CM2_SSP245_2050_10,2050,October,2050-Oct-15,2050-10-15,climate,future,ACCESS-CM2,SSP245,0.05075396956045788,0.054218330333147706,0.5478210384132325
227,ACCESS-CM2_SSP245_2050_11,2050,November,2050-Nov-15,2050-11-15,climate,future,ACCESS-CM2,SSP245,0.0504631362176568,0.05390399589530748,0.4705087798289059
228,ACCESS-CM2_SSP245_2050_12,2050,December,2050-Dec-15,2050-12-15,climate,future,ACCESS-CM2,SSP245,0.06403601267470062,0.06857364277139892,0.49022488684565985
229,ACCESS-CM2_SSP245_2070_01,2070,January,2070-Jan-15,2070-01-15,climate,future,ACCESS-CM2,SSP245,0.10114587003813132,0.10868220079051687,0.6362354558164885
230,ACCESS-CM2_SSP245_2070_02,2070,February,2070-Feb-15,2070-02-15,climate,future,ACCESS-CM2,SSP245,0.09387334023014302,0.10082200666266,0.6859404251285576
231,ACCESS-CM2_SSP245_2070_03,2070,March,2070-Mar-15,2070-03-15,climate,future,ACCESS-CM2,SSP245,0.06475109539765561,0.06934650851099926,0.5694092277068177
232,ACCESS-CM2_SSP245_2070_04,2070,April,2070-Apr-15,2070-04-15,climate,future,ACCESS-CM2,SSP245,0.0674941336447013,0.07231120079863751,0.5776677172444845
233,ACCESS-CM2_SSP245_2070_05,2070,May,2070-May-15,2070-05-15,climate,future,ACCESS-CM2,SSP245,0.11566099861371082,0.12437023944282818,0.7749354250100713
234,ACCESS-CM2_SSP245_2070_06,2070,June,2070-Jun-15,2070-06-15,climate,future,ACCESS-CM2,SSP245,0.16405082236404353,0.17667025329446284,0.8996303229934358
235,ACCESS-CM2_SSP245_2070_07,2070,July,2070-Jul-15,2070-07-15,climate,future,ACCESS-CM2,SSP245,0.0951092051748964,0.10215773695264664,0.7318893812649588
236,ACCESS-CM2_SSP245_2070_08,2070,August,2070-Aug-15,2070-08-15,climate,future,ACCESS-CM2,SSP245,0.061943969850661744,0.06631255024204957,0.5559610417308467
237,ACCESS-CM2_SSP245_2070_09,2070,September,2070-Sep-15,2070-09-15,climate,future,ACCESS-CM2,SSP245,0.05419851492322981,0.05794121579362837,0.5340647882651247
238,ACCESS-CM2_SSP245_2070_10,2070,October,2070-Oct-15,2070-10-15,climate,future,ACCESS-CM2,SSP245,0.04988604040984201,0.05328026725245352,0.5288987890708311
239,ACCESS-CM2_SSP245_2070_11,2070,November,2070-Nov-15,2070-11-15,climate,future,ACCESS-CM2,SSP245,0.052892613349931186,0.056529789456103784,0.4801180122751724
240,ACCESS-CM2_SSP245_2070_12,2070,December,2070-Dec-15,2070-12-15,climate,future,ACCESS-CM2,SSP245,0.06647815172396954,0.07121312139975587,0.495864830920164
241,ACCESS-CM2_SSP370_2030_01,2030,January,2030-Jan-15,2030-01-15,climate,future,ACCESS-CM2,SSP370,0.09714344222188721,0.10435635262893875,0.6416976705609138
242,ACCESS-CM2_SSP370_2030_02,2030,February,2030-Feb-15,2030-02-15,climate,future,ACCESS-CM2,SSP370,0.08554343344710495,0.09181899310097694,0.6909523922367828
243,ACCESS-CM2_SSP370_2030_03,2030,March,2030-Mar-15,2030-03-15,climate,future,ACCESS-CM2,SSP370,0.05801422267466485,0.06206525575812919,0.5727149932462855
244,ACCESS-CM2_SSP370_2030_04,2030,April,2030-Apr-15,2030-04-15,climate,future,ACCESS-CM2,SSP370,0.06297648397324568,0.06742849775233485,0.5622408113936349
245,ACCESS-CM2_SSP370_2030_05,2030,May,2030-May-15,2030-05-15,climate,future,ACCESS-CM2,SSP370,0.10960028469583717,0.11781978324926719,0.767150880352615
246,ACCESS-CM2_SSP370_2030_06,2030,June,2030-Jun-15,2030-06-15,climate,future,ACCESS-CM2,SSP370,0.16614009787517744,0.17892835494024806,0.8954003649375578
247,ACCESS-CM2_SSP370_2030_07,2030,July,2030-Jul-15,2030-07-15,climate,future,ACCESS-CM2,SSP370,0.10135339144033353,0.10890649116988087,0.7513566672196024
248,ACCESS-CM2_SSP370_2030_08,2030,August,2030-Aug-15,2030-08-15,climate,future,ACCESS-CM2,SSP370,0.06613308760381914,0.07084017402539117,0.5986279295717908
249,ACCESS-CM2_SSP370_2030_09,2030,September,2030-Sep-15,2030-09-15,climate,future,ACCESS-CM2,SSP370,0.057714506902187115,0.061741321147770645,0.5862579681982986
250,ACCESS-CM2_SSP370_2030_10,2030,October,2030-Oct-15,2030-10-15,climate,future,ACCESS-CM2,SSP370,0.05313836634349771,0.056795400762444784,0.5789592170430579
251,ACCESS-CM2_SSP370_2030_11,2030,November,2030-Nov-15,2030-11-15,climate,future,ACCESS-CM2,SSP370,0.04916700768810886,0.052503132333208496,0.5048579350221569
252,ACCESS-CM2_SSP370_2030_12,2030,December,2030-Dec-15,2030-12-15,climate,future,ACCESS-CM2,SSP370,0.06404436428701317,0.06858266921889533,0.517038318443565
253,ACCESS-CM2_SSP370_2050_01,2050,January,2050-Jan-15,2050-01-15,climate,future,ACCESS-CM2,SSP370,0.09433533892368473,0.10132133763364884,0.6300623237517476
254,ACCESS-CM2_SSP370_2050_02,2050,February,2050-Feb-15,2050-02-15,climate,future,ACCESS-CM2,SSP370,0.08975603052410386,0.0963719934317141,0.6813194625465059
255,ACCESS-CM2_SSP370_2050_03,2050,March,2050-Mar-15,2050-03-15,climate,future,ACCESS-CM2,SSP370,0.06230826446895857,0.06670628208864587,0.565925732837271
256,ACCESS-CM2_SSP370_2050_04,2050,April,2050-Apr-15,2050-04-15,climate,future,ACCESS-CM2,SSP370,0.06534116438190593,0.06998425863272618,0.5625725728097822
257,ACCESS-CM2_SSP370_2050_05,2050,May,2050-May-15,2050-05-15,climate,future,ACCESS-CM2,SSP370,0.10976945869295333,0.11800262751534589,0.7576008910163748
258,ACCESS-CM2_SSP370_2050_06,2050,June,2050-Jun-15,2050-06-15,climate,future,ACCESS-CM2,SSP370,0.15949968280191995,0.17175135415554665,0.8895234484229484
259,ACCESS-CM2_SSP370_2050_07,2050,July,2050-Jul-15,2050-07-15,climate,future,ACCESS-CM2,SSP370,0.09283350617157492,0.0996981477072087,0.7176591862366407
260,ACCESS-CM2_SSP370_2050_08,2050,August,2050-Aug-15,2050-08-15,climate,future,ACCESS-CM2,SSP370,0.060999760455651746,0.06529204303808754,0.5548472712623522
261,ACCESS-CM2_SSP370_2050_09,2050,September,2050-Sep-15,2050-09-15,climate,future,ACCESS-CM2,SSP370,0.053306449449481284,0.05697706602729839,0.5361975402260717
262,ACCESS-CM2_SSP370_2050_10,2050,October,2050-Oct-15,2050-10-15,climate,future,ACCESS-CM2,SSP370,0.05039360988264121,0.05382885142316847,0.5429986492570914
263,ACCESS-CM2_SSP370_2050_11,2050,November,2050-Nov-15,2050-11-15,climate,future,ACCESS-CM2,SSP370,0.051206772575423845,0.05470772255515086,0.46502286784047014
264,ACCESS-CM2_SSP370_2050_12,2050,December,2050-Dec-15,2050-12-15,climate,future,ACCESS-CM2,SSP370,0.06305890341554113,0.06751757716667603,0.484596791393161
265,ACCESS-CM2_SSP370_2070_01,2070,January,2070-Jan-15,2070-01-15,climate,future,ACCESS-CM2,SSP370,0.09902274216864668,0.10638751139555713,0.6342211900755942
266,ACCESS-CM2_SSP370_2070_02,2070,February,2070-Feb-15,2070-02-15,climate,future,ACCESS-CM2,SSP370,0.09378427594978524,0.10072574546517755,0.6852413564302472
267,ACCESS-CM2_SSP370_2070_03,2070,March,2070-Mar-15,2070-03-15,climate,future,ACCESS-CM2,SSP370,0.0675675044595304,0.07239050042896134,0.581873978056352
268,ACCESS-CM2_SSP370_2070_04,2070,April,2070-Apr-15,2070-04-15,climate,future,ACCESS-CM2,SSP370,0.07002577583663663,0.07504741497981526,0.5910092656224081
269,ACCESS-CM2_SSP370_2070_05,2070,May,2070-May-15,2070-05-15,climate,future,ACCESS-CM2,SSP370,0.11966701554371827,0.12869996678514672,0.7927676011279888
270,ACCESS-CM2_SSP370_2070_06,2070,June,2070-Jun-15,2070-06-15,climate,future,ACCESS-CM2,SSP370,0.1647686930190794,0.17744613226394235,0.9115144908647125
271,ACCESS-CM2_SSP370_2070_07,2070,July,2070-Jul-15,2070-07-15,climate,future,ACCESS-CM2,SSP370,0.09234097581056173,0.09916581795552815,0.7301713310741961
272,ACCESS-CM2_SSP370_2070_08,2070,August,2070-Aug-15,2070-08-15,climate,future,ACCESS-CM2,SSP370,0.05960156089499815,0.06378086046831638,0.5448944287779331
273,ACCESS-CM2_SSP370_2070_09,2070,September,2070-Sep-15,2070-09-15,climate,future,ACCESS-CM2,SSP370,0.05313072772062108,0.0567871449011196,0.5183653641081543
274,ACCESS-CM2_SSP370_2070_10,2070,October,2070-Oct-15,2070-10-15,climate,future,ACCESS-CM2,SSP370,0.04998349503444358,0.05338559680288946,0.5234721201924216
275,ACCESS-CM2_SSP370_2070_11,2070,November,2070-Nov-15,2070-11-15,climate,future,ACCESS-CM2,SSP370,0.05359919831697352,0.05729347077049212,0.47060356880494797
276,ACCESS-CM2_SSP370_2070_12,2070,December,2070-Dec-15,2070-12-15,climate,future,ACCESS-CM2,SSP370,0.06563642009866387,0.07030337278988236,0.5005568852342472
277,BCC-CSM2-MR_SSP126_2030_01,2030,January,2030-Jan-15,2030-01-15,climate,future,BCC-CSM2-MR,SSP126,0.10591846502217928,0.11384045025821946,0.6675513637763928
278,BCC-CSM2-MR_SSP126_2030_02,2030,February,2030-Feb-15,2030-02-15,climate,future,BCC-CSM2-MR,SSP126,0.09302599763807526,0.09990619363468743,0.7326121472072797
279,BCC-CSM2-MR_SSP126_2030_03,2030,March,2030-Mar-15,2030-03-15,climate,future,BCC-CSM2-MR,SSP126,0.06667928350231947,0.07143050585009879,0.6350624422379677
280,BCC-CSM2-MR_SSP126_2030_04,2030,April,2030-Apr-15,2030-04-15,climate,future,BCC-CSM2-MR,SSP126,0.06516354775247411,0.06979228949295051,0.6122538448778407
281,BCC-CSM2-MR_SSP126_2030_05,2030,May,2030-May-15,2030-05-15,climate,future,BCC-CSM2-MR,SSP126,0.12104428697839761,0.13018853003746042,0.7868077442593426
282,BCC-CSM2-MR_SSP126_2030_06,2030,June,2030-Jun-15,2030-06-15,climate,future,BCC-CSM2-MR,SSP126,0.18664929407753508,0.20109481805075585,0.9177468660394796
283,BCC-CSM2-MR_SSP126_2030_07,2030,July,2030-Jul-15,2030-07-15,climate,future,BCC-CSM2-MR,SSP126,0.1160117424184975,0.12474932548356567,0.7882651247659898
284,BCC-CSM2-MR_SSP126_2030_08,2030,August,2030-Aug-15,2030-08-15,climate,future,BCC-CSM2-MR,SSP126,0.0711984180877829,0.07631481380509463,0.6264840399061589
285,BCC-CSM2-MR_SSP126_2030_09,2030,September,2030-Sep-15,2030-09-15,climate,future,BCC-CSM2-MR,SSP126,0.05988216857220421,0.06408414298585505,0.6075025474537311
286,BCC-CSM2-MR_SSP126_2030_10,2030,October,2030-Oct-15,2030-10-15,climate,future,BCC-CSM2-MR,SSP126,0.05101370423952407,0.05449905314845476,0.5632834901300978
287,BCC-CSM2-MR_SSP126_2030_11,2030,November,2030-Nov-15,2030-11-15,climate,future,BCC-CSM2-MR,SSP126,0.04188748005555222,0.044635374898352176,0.43632550534372855
288,BCC-CSM2-MR_SSP126_2030_12,2030,December,2030-Dec-15,2030-12-15,climate,future,BCC-CSM2-MR,SSP126,0.06421638645293343,0.06876859183803605,0.5050238157302306
289,BCC-CSM2-MR_SSP126_2050_01,2050,January,2050-Jan-15,2050-01-15,climate,future,BCC-CSM2-MR,SSP126,0.10567935869652456,0.11358202271982851,0.6773620227967487
290,BCC-CSM2-MR_SSP126_2050_02,2050,February,2050-Feb-15,2050-02-15,climate,future,BCC-CSM2-MR,SSP126,0.09515938309488224,0.10221196956301382,0.7347212019242162
291,BCC-CSM2-MR_SSP126_2050_03,2050,March,2050-Mar-15,2050-03-15,climate,future,BCC-CSM2-MR,SSP126,0.0683066806040877,0.07318940648035847,0.6361999099504727
292,BCC-CSM2-MR_SSP126_2050_04,2050,April,2050-Apr-15,2050-04-15,climate,future,BCC-CSM2-MR,SSP126,0.06467524914962539,0.06926453340360778,0.6013057181449797
293,BCC-CSM2-MR_SSP126_2050_05,2050,May,2050-May-15,2050-05-15,climate,future,BCC-CSM2-MR,SSP126,0.12124567331698594,0.13040618957498926,0.7750420626081187
294,BCC-CSM2-MR_SSP126_2050_06,2050,June,2050-Jun-15,2050-06-15,climate,future,BCC-CSM2-MR,SSP126,0.18213314944913753,0.19621374167420694,0.9067750420626082
295,BCC-CSM2-MR_SSP126_2050_07,2050,July,2050-Jul-15,2050-07-15,climate,future,BCC-CSM2-MR,SSP126,0.11104696776342098,0.11938336705937086,0.7794852958600915
296,BCC-CSM2-MR_SSP126_2050_08,2050,August,2050-Aug-15,2050-08-15,climate,future,BCC-CSM2-MR,SSP126,0.06731975598087689,0.07212273237636614,0.6076802767838101
297,BCC-CSM2-MR_SSP126_2050_09,2050,September,2050-Sep-15,2050-09-15,climate,future,BCC-CSM2-MR,SSP126,0.0570769448009593,0.06105224017661178,0.5897296144458399
298,BCC-CSM2-MR_SSP126_2050_10,2050,October,2050-Oct-15,2050-10-15,climate,future,BCC-CSM2-MR,SSP126,0.04891753749202311,0.052233503467019465,0.546339960662575
299,BCC-CSM2-MR_SSP126_2050_11,2050,November,2050-Nov-15,2050-11-15,climate,future,BCC-CSM2-MR,SSP126,0.04218569407672345,0.04495768640969074,0.422036067205384
300,BCC-CSM2-MR_SSP126_2050_12,2050,December,2050-Dec-15,2050-12-15,climate,future,BCC-CSM2-MR,SSP126,0.06591375438282085,0.07060311733709912,0.4971326334747269
301,BCC-CSM2-MR_SSP126_2070_01,2070,January,2070-Jan-15,2070-01-15,climate,future,BCC-CSM2-MR,SSP126,0.1057166805928142,0.11362236045543447,0.6616152041517571
302,BCC-CSM2-MR_SSP126_2070_02,2070,February,2070-Feb-15,2070-02-15,climate,future,BCC-CSM2-MR,SSP126,0.09737563191292091,0.10460730464154513,0.733346761771606
303,BCC-CSM2-MR_SSP126_2070_03,2070,March,2070-Mar-15,2070-03-15,climate,future,BCC-CSM2-MR,SSP126,0.06980812599097991,0.07481217773345895,0.6386762719495722
304,BCC-CSM2-MR_SSP126_2070_04,2070,April,2070-Apr-15,2070-04-15,climate,future,BCC-CSM2-MR,SSP126,0.06713485868130423,0.07192289426042267,0.6106187350411147
305,BCC-CSM2-MR_SSP126_2070_05,2070,May,2070-May-15,2070-05-15,climate,future,BCC-CSM2-MR,SSP126,0.11984674887040314,0.12889422362087727,0.7788217730277969
306,BCC-CSM2-MR_SSP126_2070_06,2070,June,2070-Jun-15,2070-06-15,climate,future,BCC-CSM2-MR,SSP126,0.18312803879191308,0.19728902412609076,0.9128770823953174
307,BCC-CSM2-MR_SSP126_2070_07,2070,July,2070-Jul-15,2070-07-15,climate,future,BCC-CSM2-MR,SSP126,0.11592119282440409,0.1246514589531158,0.7852674233986587
308,BCC-CSM2-MR_SSP126_2070_08,2070,August,2070-Aug-15,2070-08-15,climate,future,BCC-CSM2-MR,SSP126,0.06888629216040906,0.0738158541504637,0.6102632763809569
309,BCC-CSM2-MR_SSP126_2070_09,2070,September,2070-Sep-15,2070-09-15,climate,future,BCC-CSM2-MR,SSP126,0.05799474706497008,0.06204420639233578,0.5843147941894358
310,BCC-CSM2-MR_SSP126_2070_10,2070,October,2070-Oct-15,2070-10-15,climate,future,BCC-CSM2-MR,SSP126,0.050083141638607255,0.053493295462224616,0.5484845612455271
311,BCC-CSM2-MR_SSP126_2070_11,2070,November,2070-Nov-15,2070-11-15,climate,future,BCC-CSM2-MR,SSP126,0.042175387944363624,0.04494654748903651,0.4251996492807886
312,BCC-CSM2-MR_SSP126_2070_12,2070,December,2070-Dec-15,2070-12-15,climate,future,BCC-CSM2-MR,SSP126,0.0674658312254086,0.07228061139650394,0.5041233204578307
313,BCC-CSM2-MR_SSP245_2030_01,2030,January,2030-Jan-15,2030-01-15,climate,future,BCC-CSM2-MR,SSP245,0.10317868040142987,0.11087927456262579,0.650430104978791
314,BCC-CSM2-MR_SSP245_2030_02,2030,February,2030-Feb-15,2030-02-15,climate,future,BCC-CSM2-MR,SSP245,0.09271021079922737,0.09956488934094533,0.7251475153439655
315,BCC-CSM2-MR_SSP245_2030_03,2030,March,2030-Mar-15,2030-03-15,climate,future,BCC-CSM2-MR,SSP245,0.06844463797185558,0.0733385116139216,0.6432616886656082
316,BCC-CSM2-MR_SSP245_2030_04,2030,April,2030-Apr-15,2030-04-15,climate,future,BCC-CSM2-MR,SSP245,0.06561733927245716,0.07028275011311651,0.6188653759567763
317,BCC-CSM2-MR_SSP245_2030_05,2030,May,2030-May-15,2030-05-15,climate,future,BCC-CSM2-MR,SSP245,0.12340162575136143,0.13273635601989112,0.788324367876016
318,BCC-CSM2-MR_SSP245_2030_06,2030,June,2030-Jun-15,2030-06-15,climate,future,BCC-CSM2-MR,SSP245,0.18770373397329532,0.20223446310739435,0.9069409227706817
319,BCC-CSM2-MR_SSP245_2030_07,2030,July,2030-Jul-15,2030-07-15,climate,future,BCC-CSM2-MR,SSP245,0.1161696914650625,0.12492003776389374,0.7829095476196118
320,BCC-CSM2-MR_SSP245_2030_08,2030,August,2030-Aug-15,2030-08-15,climate,future,BCC-CSM2-MR,SSP245,0.06936663103887838,0.07433500729990523,0.6171473257660134
321,BCC-CSM2-MR_SSP245_2030_09,2030,September,2030-Sep-15,2030-09-15,climate,future,BCC-CSM2-MR,SSP245,0.05788866017957404,0.06192954705079741,0.5933434441574444
322,BCC-CSM2-MR_SSP245_2030_10,2030,October,2030-Oct-15,2030-10-15,climate,future,BCC-CSM2-MR,SSP245,0.050307633845076555,0.05373592799935026,0.5562335600369677
323,BCC-CSM2-MR_SSP245_2030_11,2030,November,2030-Nov-15,2030-11-15,climate,future,BCC-CSM2-MR,SSP245,0.042939298389342115,0.04577218651072884,0.44502239389558995
324,BCC-CSM2-MR_SSP245_2030_12,2030,December,2030-Dec-15,2030-12-15,climate,future,BCC-CSM2-MR,SSP245,0.06863269733180338,0.073541767314834125,0.5109481267328609
325,BCC-CSM2-MR_SSP245_2050_01,2050,January,2050-Jan-15,2050-01-15,climate,future,BCC-CSM2-MR,SSP245,0.10250210956379222,0.1101480326943486,0.647527192587502
326,BCC-CSM2-MR_SSP245_2050_02,2050,February,2050-Feb-15,2050-02-15,climate,future,BCC-CSM2-MR,SSP245,0.09241389069625779,0.09924462477147637,0.6968411573733975
327,BCC-CSM2-MR_SSP245_2050_03,2050,March,2050-Mar-15,2050-03-15,climate,future,BCC-CSM2-MR,SSP245,0.0690145324201911,0.07395445699695931,0.6160927984075452
328,BCC-CSM2-MR_SSP245_2050_04,2050,April,2050-Apr-15,2050-04-15,climate,future,BCC-CSM2-MR,SSP245,0.06785058447240007,0.0726964550238059,0.6135571932984194
329,BCC-CSM2-MR_SSP245_2050_05,2050,May,2050-May-15,2050-05-15,climate,future,BCC-CSM2-MR,SSP245,0.12344251144296477,0.1327805455550553,0.7837152539159695
330,BCC-CSM2-MR_SSP245_2050_06,2050,June,2050-Jun-15,2050-06-15,climate,future,BCC-CSM2-MR,SSP245,0.1795874749475154,0.19346236129631098,0.9068698310386502
331,BCC-CSM2-MR_SSP245_2050_07,2050,July,2050-Jul-15,2050-07-15,climate,future,BCC-CSM2-MR,SSP245,0.10706411256219864,0.11507867308773179,0.7599469181734164
332,BCC-CSM2-MR_SSP245_2050_08,2050,August,2050-Aug-15,2050-08-15,climate,future,BCC-CSM2-MR,SSP245,0.06655149764126377,0.07129239411083313,0.5943742742719021
333,BCC-CSM2-MR_SSP245_2050_09,2050,September,2050-Sep-15,2050-09-15,climate,future,BCC-CSM2-MR,SSP245,0.05652052013791396,0.060450853038632284,0.5727268418682907
334,BCC-CSM2-MR_SSP245_2050_10,2050,October,2050-Oct-15,2050-10-15,climate,future,BCC-CSM2-MR,SSP245,0.04912842285246354,0.052461429615275376,0.5349889807815351
335,BCC-CSM2-MR_SSP245_2050_11,2050,November,2050-Nov-15,2050-11-15,climate,future,BCC-CSM2-MR,SSP245,0.044271931050442366,0.04721250394172652,0.4224744662195787
336,BCC-CSM2-MR_SSP245_2050_12,2050,December,2050-Dec-15,2050-12-15,climate,future,BCC-CSM2-MR,SSP245,0.06574193666991432,0.07041741571769047,0.491504538022228
337,BCC-CSM2-MR_SSP245_2070_01,2070,January,2070-Jan-15,2070-01-15,climate,future,BCC-CSM2-MR,SSP245,0.10629429351071865,0.11424664802647884,0.6614967179317045
338,BCC-CSM2-MR_SSP245_2070_02,2070,February,2070-Feb-15,2070-02-15,climate,future,BCC-CSM2-MR,SSP245,0.09744236649231068,0.10467943180163221,0.7201000023697244
339,BCC-CSM2-MR_SSP245_2070_03,2070,March,2070-Mar-15,2070-03-15,climate,future,BCC-CSM2-MR,SSP245,0.06987397727216232,0.07488335020626291,0.6153700324652243
340,BCC-CSM2-MR_SSP245_2070_04,2070,April,2070-Apr-15,2070-04-15,climate,future,BCC-CSM2-MR,SSP245,0.06845496157359257,0.07334966944414992,0.6162942249816347
341,BCC-CSM2-MR_SSP245_2070_05,2070,May,2070-May-15,2070-05-15,climate,future,BCC-CSM2-MR,SSP245,0.12873235022703328,0.13849783525239828,0.8034313609327235
342,BCC-CSM2-MR_SSP245_2070_06,2070,June,2070-Jun-15,2070-06-15,climate,future,BCC-CSM2-MR,SSP245,0.18316866015678315,0.19733292792849336,0.9111234863385388
343,BCC-CSM2-MR_SSP245_2070_07,2070,July,2070-Jul-15,2070-07-15,climate,future,BCC-CSM2-MR,SSP245,0.10820733646766934,0.11631427638447954,0.7503732315931657
344,BCC-CSM2-MR_SSP245_2070_08,2070,August,2070-Aug-15,2070-08-15,climate,future,BCC-CSM2-MR,SSP245,0.06586243626040224,0.07054765241662497,0.5821346477404677
345,BCC-CSM2-MR_SSP245_2070_09,2070,September,2070-Sep-15,2070-09-15,climate,future,BCC-CSM2-MR,SSP245,0.05538901117727167,0.05922791131388842,0.5561032251949098
346,BCC-CSM2-MR_SSP245_2070_10,2070,October,2070-Oct-15,2070-10-15,climate,future,BCC-CSM2-MR,SSP245,0.04744710314796164,0.05064424913278503,0.5115050119671082
347,BCC-CSM2-MR_SSP245_2070_11,2070,November,2070-Nov-15,2070-11-15,climate,future,BCC-CSM2-MR,SSP245,0.04454444719266574,0.0475070410436031,0.4034574279011351
348,BCC-CSM2-MR_SSP245_2070_12,2070,December,2070-Dec-15,2070-12-15,climate,future,BCC-CSM2-MR,SSP245,0.06854784950624922,0.07345006326512511,0.5018246877888102
349,BCC-CSM2-MR_SSP370_2030_01,2030,January,2030-Jan-15,2030-01-15,climate,future,BCC-CSM2-MR,SSP370,0.10430552539219436,0.11209717537713745,0.6589374155785682
350,BCC-CSM2-MR_SSP370_2030_02,2030,February,2030-Feb-15,2030-02-15,climate,future,BCC-CSM2-MR,SSP370,0.0946266470816992,0.10163618526650903,0.7360719448328159
351,BCC-CSM2-MR_SSP370_2030_03,2030,March,2030-Mar-15,2030-03-15,climate,future,BCC-CSM2-MR,SSP370,0.06752695756056412,0.07234667710672886,0.6379061115192303
352,BCC-CSM2-MR_SSP370_2030_04,2030,April,2030-Apr-15,2030-04-15,climate,future,BCC-CSM2-MR,SSP370,0.06518606215241526,0.06981662318540774,0.6136993767624825
353,BCC-CSM2-MR_SSP370_2030_05,2030,May,2030-May-15,2030-05-15,climate,future,BCC-CSM2-MR,SSP370,0.12164075267707859,0.13083319377671637,0.7809071305007228
354,BCC-CSM2-MR_SSP370_2030_06,2030,June,2030-Jun-15,2030-06-15,climate,future,BCC-CSM2-MR,SSP370,0.18183045469162834,0.19588658735688713,0.9090025829995971
355,BCC-CSM2-MR_SSP370_2030_07,2030,July,2030-Jul-15,2030-07-15,climate,future,BCC-CSM2-MR,SSP370,0.11168224123711354,0.12006997446706848,0.7750302139861134
356,BCC-CSM2-MR_SSP370_2030_08,2030,August,2030-Aug-15,2030-08-15,climate,future,BCC-CSM2-MR,SSP370,0.06824513722145178,0.07312289001381353,0.6065665063153155
357,BCC-CSM2-MR_SSP370_2030_09,2030,September,2030-Sep-15,2030-09-15,climate,future,BCC-CSM2-MR,SSP370,0.05748472389540612,0.06149297027219758,0.5878930780350246
358,BCC-CSM2-MR_SSP370_2030_10,2030,October,2030-Oct-15,2030-10-15,climate,future,BCC-CSM2-MR,SSP370,0.04862159077085961,0.05191364244694899,0.5443493921656911
359,BCC-CSM2-MR_SSP370_2030_11,2030,November,2030-Nov-15,2030-11-15,climate,future,BCC-CSM2-MR,SSP370,0.04287099775119614,0.04569836677144021,0.4384108628166544
360,BCC-CSM2-MR_SSP370_2030_12,2030,December,2030-Dec-15,2030-12-15,climate,future,BCC-CSM2-MR,SSP370,0.06913334624615153,0.07408287168279044,0.5141946491623024
361,BCC-CSM2-MR_SSP370_2050_01,2050,January,2050-Jan-15,2050-01-15,climate,future,BCC-CSM2-MR,SSP370,0.10653391392166749,0.11450563118765433,0.660880589587431
362,BCC-CSM2-MR_SSP370_2050_02,2050,February,2050-Feb-15,2050-02-15,climate,future,BCC-CSM2-MR,SSP370,0.09616430639915549,0.10329809673105587,0.719128415365293
363,BCC-CSM2-MR_SSP370_2050_03,2050,March,2050-Mar-15,2050-03-15,climate,future,BCC-CSM2-MR,SSP370,0.0676256312151967,0.07245332417140467,0.6075262446977416
364,BCC-CSM2-MR_SSP370_2050_04,2050,April,2050-Apr-15,2050-04-15,climate,future,BCC-CSM2-MR,SSP370,0.06615585666428375,0.07086478296460105,0.5994217872461433
365,BCC-CSM2-MR_SSP370_2050_05,2050,May,2050-May-15,2050-05-15,climate,future,BCC-CSM2-MR,SSP370,0.12270093207752092,0.13197904204949246,0.7885850375601318
366,BCC-CSM2-MR_SSP370_2050_06,2050,June,2050-Jun-15,2050-06-15,climate,future,BCC-CSM2-MR,SSP370,0.18320271318062054,0.1973697326156566,0.9226995900376787
367,BCC-CSM2-MR_SSP370_2050_07,2050,July,2050-Jul-15,2050-07-15,climate,future,BCC-CSM2-MR,SSP370,0.10764367666673105,0.11570506947208921,0.7602194364795374
368,BCC-CSM2-MR_SSP370_2050_08,2050,August,2050-Aug-15,2050-08-15,climate,future,BCC-CSM2-MR,SSP370,0.06406156643340565,0.06860126140692509,0.5745278324130904
369,BCC-CSM2-MR_SSP370_2050_09,2050,September,2050-Sep-15,2050-09-15,climate,future,BCC-CSM2-MR,SSP370,0.05435661554856335,0.058112091884314765,0.550972771866632
370,BCC-CSM2-MR_SSP370_2050_10,2050,October,2050-Oct-15,2050-10-15,climate,future,BCC-CSM2-MR,SSP370,0.047162606171989425,0.050336763084216626,0.5162800066352283
371,BCC-CSM2-MR_SSP370_2050_11,2050,November,2050-Nov-15,2050-11-15,climate,future,BCC-CSM2-MR,SSP370,0.04341977057068486,0.0462914837404107,0.392687030498353
372,BCC-CSM2-MR_SSP370_2050_12,2050,December,2050-Dec-15,2050-12-15,climate,future,BCC-CSM2-MR,SSP370,0.06700981394250619,0.07178774513955279,0.4827721036043508
373,BCC-CSM2-MR_SSP370_2070_01,2070,January,2070-Jan-15,2070-01-15,climate,future,BCC-CSM2-MR,SSP370,0.10574063401786764,0.11364824947359056,0.6550155216948269
374,BCC-CSM2-MR_SSP370_2070_02,2070,February,2070-Feb-15,2070-02-15,climate,future,BCC-CSM2-MR,SSP370,0.09828914313545843,0.10559463310193916,0.7143415720751677
375,BCC-CSM2-MR_SSP370_2070_03,2070,March,2070-Mar-15,2070-03-15,climate,future,BCC-CSM2-MR,SSP370,0.0718687502164779,0.07703931284681541,0.6155003673072822
376,BCC-CSM2-MR_SSP370_2070_04,2070,April,2070-Apr-15,2070-04-15,climate,future,BCC-CSM2-MR,SSP370,0.06975767636271449,0.07475765146484227,0.6168748074598924
377,BCC-CSM2-MR_SSP370_2070_05,2070,May,2070-May-15,2070-05-15,climate,future,BCC-CSM2-MR,SSP370,0.12370712801137156,0.13306654469028353,0.7886324320481528
378,BCC-CSM2-MR_SSP370_2070_06,2070,June,2070-Jun-15,2070-06-15,climate,future,BCC-CSM2-MR,SSP370,0.1741149912447118,0.1875476678602419,0.8991445294912201
379,BCC-CSM2-MR_SSP370_2070_07,2070,July,2070-Jul-15,2070-07-15,climate,future,BCC-CSM2-MR,SSP370,0.10412799905675822,0.11190530387750305,0.7363326145169317
380,BCC-CSM2-MR_SSP370_2070_08,2070,August,2070-Aug-15,2070-08-15,climate,future,BCC-CSM2-MR,SSP370,0.06305195335632913,0.06751006549521546,0.5566482618071519
381,BCC-CSM2-MR_SSP370_2070_09,2070,September,2070-Sep-15,2070-09-15,climate,future,BCC-CSM2-MR,SSP370,0.05403542398485505,0.05776494609132671,0.5386739022251712
382,BCC-CSM2-MR_SSP370_2070_10,2070,October,2070-Oct-15,2070-10-15,climate,future,BCC-CSM2-MR,SSP370,0.04863752542905026,0.051930864728457135,0.5127372686556554
383,BCC-CSM2-MR_SSP370_2070_11,2070,November,2070-Nov-15,2070-11-15,climate,future,BCC-CSM2-MR,SSP370,0.046832731089808594,0.04998023210080693,0.40666840446456076
384,BCC-CSM2-MR_SSP370_2070_12,2070,December,2070-Dec-15,2070-12-15,climate,future,BCC-CSM2-MR,SSP370,0.06987149374906326,0.07488066595385785,0.4862200526078817
385,CMCC-ESM2_SSP126_2030_01,2030,January,2030-Jan-15,2030-01-15,climate,future,CMCC-ESM2,SSP126,0.10362810816125606,0.11136501874364163,0.6745538993815019
386,CMCC-ESM2_SSP126_2030_02,2030,February,2030-Feb-15,2030-02-15,climate,future,CMCC-ESM2,SSP126,0.0911869279034412,0.09791851598570572,0.7259176757743074
387,CMCC-ESM2_SSP126_2030_03,2030,March,2030-Mar-15,2030-03-15,climate,future,CMCC-ESM2,SSP126,0.057092158415127756,0.061068683121054707,0.5912580866845186
388,CMCC-ESM2_SSP126_2030_04,2030,April,2030-Apr-15,2030-04-15,climate,future,CMCC-ESM2,SSP126,0.06160264334245531,0.06594364249022111,0.5777506575985213
389,CMCC-ESM2_SSP126_2030_05,2030,May,2030-May-15,2030-05-15,climate,future,CMCC-ESM2,SSP126,0.11318947775431325,0.1216990048140121,0.779781511410223
390,CMCC-ESM2_SSP126_2030_06,2030,June,2030-Jun-15,2030-06-15,climate,future,CMCC-ESM2,SSP126,0.17455210595741782,0.18802010408692613,0.9005308182658357
391,CMCC-ESM2_SSP126_2030_07,2030,July,2030-Jul-15,2030-07-15,climate,future,CMCC-ESM2,SSP126,0.10721165072299561,0.11523813321555518,0.7751723974501765
392,CMCC-ESM2_SSP126_2030_08,2030,August,2030-Aug-15,2030-08-15,climate,future,CMCC-ESM2,SSP126,0.07229519562855832,0.0775002176190638,0.6405246569823929
393,CMCC-ESM2_SSP126_2030_09,2030,September,2030-Sep-15,2030-09-15,climate,future,CMCC-ESM2,SSP126,0.061266774649461744,0.06558063359023801,0.6228820588165597
394,CMCC-ESM2_SSP126_2030_10,2030,October,2030-Oct-15,2030-10-15,climate,future,CMCC-ESM2,SSP126,0.0537616047793597,0.05746900063660778,0.5896585227138084
395,CMCC-ESM2_SSP126_2030_11,2030,November,2030-Nov-15,2030-11-15,climate,future,CMCC-ESM2,SSP126,0.04558291465736836,0.048629422942018025,0.4803549847152776
396,CMCC-ESM2_SSP126_2030_12,2030,December,2030-Dec-15,2030-12-15,climate,future,CMCC-ESM2,SSP126,0.06496972131721782,0.06958280072933015,0.5251546245171687
397,CMCC-ESM2_SSP126_2050_01,2050,January,2050-Jan-15,2050-01-15,climate,future,CMCC-ESM2,SSP126,0.10177825246338268,0.10936568355186345,0.6559041683452215
398,CMCC-ESM2_SSP126_2050_02,2050,February,2050-Feb-15,2050-02-15,climate,future,CMCC-ESM2,SSP126,0.09201733951924658,0.0988160298553878,0.6950401668285978
399,CMCC-ESM2_SSP126_2050_03,2050,March,2050-Mar-15,2050-03-15,climate,future,CMCC-ESM2,SSP126,0.06174816244905454,0.06610092044467043,0.5846228583615726
400,CMCC-ESM2_SSP126_2050_04,2050,April,2050-Apr-15,2050-04-15,climate,future,CMCC-ESM2,SSP126,0.06650123037363433,0.0712380649393729,0.5843977345434725
401,CMCC-ESM2_SSP126_2050_05,2050,May,2050-May-15,2050-05-15,climate,future,CMCC-ESM2,SSP126,0.1197948766715459,0.12883815985718478,0.7809071305007228
402,CMCC-ESM2_SSP126_2050_06,2050,June,2050-Jun-15,2050-06-15,climate,future,CMCC-ESM2,SSP126,0.17447481699703332,0.1879365696902091,0.8996421716154411
403,CMCC-ESM2_SSP126_2050_07,2050,July,2050-Jul-15,2050-07-15,climate,future,CMCC-ESM2,SSP126,0.10108601267002931,0.10861750659185025,0.7499585298229816
404,CMCC-ESM2_SSP126_2050_08,2050,August,2050-Aug-15,2050-08-15,climate,future,CMCC-ESM2,SSP126,0.06637266977719977,0.0710991158813234,0.602182516173369
405,CMCC-ESM2_SSP126_2050_09,2050,September,2050-Sep-15,2050-09-15,climate,future,CMCC-ESM2,SSP126,0.05748185718304461,0.06148987191461262,0.5828811109267992
406,CMCC-ESM2_SSP126_2050_10,2050,October,2050-Oct-15,2050-10-15,climate,future,CMCC-ESM2,SSP126,0.05266249360565088,0.05628107463507423,0.5665655584255551
407,CMCC-ESM2_SSP126_2050_11,2050,November,2050-Nov-15,2050-11-15,climate,future,CMCC-ESM2,SSP126,0.0462041862974427,0.04930089709403078,0.4554610298822247
408,CMCC-ESM2_SSP126_2050_12,2050,December,2050-Dec-15,2050-12-15,climate,future,CMCC-ESM2,SSP126,0.06397790588847596,0.06851084060884532,0.5026422427071732
409,CMCC-ESM2_SSP126_2070_01,2070,January,2070-Jan-15,2070-01-15,climate,future,CMCC-ESM2,SSP126,0.10127100457303086,0.10881744700061338,0.6461172065688761
410,CMCC-ESM2_SSP126_2070_02,2070,February,2070-Feb-15,2070-02-15,climate,future,CMCC-ESM2,SSP126,0.09221237668205984,0.09902682720210342,0.6985829048081708
411,CMCC-ESM2_SSP126_2070_03,2070,March,2070-Mar-15,2070-03-15,climate,future,CMCC-ESM2,SSP126,0.060352630779249905,0.0645926213746497,0.57337851607858
412,CMCC-ESM2_SSP126_2070_04,2070,April,2070-Apr-15,2070-04-15,climate,future,CMCC-ESM2,SSP126,0.06739603401899942,0.07220517413442758,0.5826559871086993
413,CMCC-ESM2_SSP126_2070_05,2070,May,2070-May-15,2070-05-15,climate,future,CMCC-ESM2,SSP126,0.12031843358708935,0.1294040233036672,0.7793668096400389
414,CMCC-ESM2_SSP126_2070_06,2070,June,2070-Jun-15,2070-06-15,climate,future,CMCC-ESM2,SSP126,0.17093161315233657,0.18410705358115428,0.8944050806891158
415,CMCC-ESM2_SSP126_2070_07,2070,July,2070-Jul-15,2070-07-15,climate,future,CMCC-ESM2,SSP126,0.09987170063572734,0.10730507080188739,0.7329794544894429
416,CMCC-ESM2_SSP126_2070_08,2070,August,2070-Aug-15,2070-08-15,climate,future,CMCC-ESM2,SSP126,0.06621970072914439,0.07093378602754696,0.5911040545984502
417,CMCC-ESM2_SSP126_2070_09,2070,September,2070-Sep-15,2070-09-15,climate,future,CMCC-ESM2,SSP126,0.057290107619155345,0.061282627837483054,0.5705822412853385
418,CMCC-ESM2_SSP126_2070_10,2070,October,2070-Oct-15,2070-10-15,climate,future,CMCC-ESM2,SSP126,0.05205962854134093,0.05562949442715439,0.5552619730325363
419,CMCC-ESM2_SSP126_2070_11,2070,November,2070-Nov-15,2070-11-15,climate,future,CMCC-ESM2,SSP126,0.047081354622812745,0.050248945921839434,0.4569421076328823
420,CMCC-ESM2_SSP126_2070_12,2070,December,2070-Dec-15,2070-12-15,climate,future,CMCC-ESM2,SSP126,0.06363605454822929,0.06814136561227999,0.49985781653593686
421,CMCC-ESM2_SSP245_2030_01,2030,January,2030-Jan-15,2030-01-15,climate,future,CMCC-ESM2,SSP245,0.10304195646731311,0.11073150247190883,0.6702054551055712
422,CMCC-ESM2_SSP245_2030_02,2030,February,2030-Feb-15,2030-02-15,climate,future,CMCC-ESM2,SSP245,0.09323344935415796,0.10013040872850089,0.723856015545392
423,CMCC-ESM2_SSP245_2030_03,2030,March,2030-Mar-15,2030-03-15,climate,future,CMCC-ESM2,SSP245,0.05830247476303243,0.0623768003552067,0.5861987250882722
424,CMCC-ESM2_SSP245_2030_04,2030,April,2030-Apr-15,2030-04-15,climate,future,CMCC-ESM2,SSP245,0.061313869716623996,0.06563153420459855,0.5778928410625844
425,CMCC-ESM2_SSP245_2030_05,2030,May,2030-May-15,2030-05-15,climate,future,CMCC-ESM2,SSP245,0.11585149578512663,0.1245761299418861,0.7942012843906253
426,CMCC-ESM2_SSP245_2030_06,2030,June,2030-Jun-15,2030-06-15,climate,future,CMCC-ESM2,SSP245,0.1746645331299416,0.1881416160465555,0.9124623806251333
427,CMCC-ESM2_SSP245_2030_07,2030,July,2030-Jul-15,2030-07-15,climate,future,CMCC-ESM2,SSP245,0.1047014666170319,0.11252511104902048,0.761700514230195
428,CMCC-ESM2_SSP245_2030_08,2030,August,2030-Aug-15,2030-08-15,climate,future,CMCC-ESM2,SSP245,0.07098694119019182,0.07608624829429916,0.6256546363657907
429,CMCC-ESM2_SSP245_2030_09,2030,September,2030-Sep-15,2030-09-15,climate,future,CMCC-ESM2,SSP245,0.060302749450247606,0.06453870933320241,0.6173606009621081
430,CMCC-ESM2_SSP245_2030_10,2030,October,2030-Oct-15,2030-10-15,climate,future,CMCC-ESM2,SSP245,0.05403750834299712,0.057767198883160814,0.5857129315860565
431,CMCC-ESM2_SSP245_2030_11,2030,November,2030-Nov-15,2030-11-15,climate,future,CMCC-ESM2,SSP245,0.0463957483692077,0.049507938545944964,0.4756510817791891
432,CMCC-ESM2_SSP245_2030_12,2030,December,2030-Dec-15,2030-12-15,climate,future,CMCC-ESM2,SSP245,0.06544936986926517,0.07010120774830698,0.5267423398658736
433,CMCC-ESM2_SSP245_2050_01,2050,January,2050-Jan-15,2050-01-15,climate,future,CMCC-ESM2,SSP245,0.10102701182967015,0.10855373812369162,0.6487712978980544
434,CMCC-ESM2_SSP245_2050_02,2050,February,2050-Feb-15,2050-02-15,climate,future,CMCC-ESM2,SSP245,0.09163114568424942,0.09839862924779226,0.691592217825067
435,CMCC-ESM2_SSP245_2050_03,2050,March,2050-Mar-15,2050-03-15,climate,future,CMCC-ESM2,SSP245,0.0604184932655236,0.06466380595607599,0.5756060570155691
436,CMCC-ESM2_SSP245_2050_04,2050,April,2050-Apr-15,2050-04-15,climate,future,CMCC-ESM2,SSP245,0.062170248151223816,0.06655711319061429,0.5632716415080926
437,CMCC-ESM2_SSP245_2050_05,2050,May,2050-May-15,2050-05-15,climate,future,CMCC-ESM2,SSP245,0.11339434518622331,0.12192042675032187,0.7659423209080783
438,CMCC-ESM2_SSP245_2050_06,2050,June,2050-Jun-15,2050-06-15,climate,future,CMCC-ESM2,SSP245,0.16883990639699445,0.181846324216932,0.8958032180857366
439,CMCC-ESM2_SSP245_2050_07,2050,July,2050-Jul-15,2050-07-15,climate,future,CMCC-ESM2,SSP245,0.10050975592128643,0.10799468483607996,0.7383824261238418
440,CMCC-ESM2_SSP245_2050_08,2050,August,2050-Aug-15,2050-08-15,climate,future,CMCC-ESM2,SSP245,0.06691186226341701,0.07168187837209428,0.5930590772293183
441,CMCC-ESM2_SSP245_2050_09,2050,September,2050-Sep-15,2050-09-15,climate,future,CMCC-ESM2,SSP245,0.05780651754244105,0.06184076680650838,0.5716249200218014
442,CMCC-ESM2_SSP245_2050_10,2050,October,2050-Oct-15,2050-10-15,climate,future,CMCC-ESM2,SSP245,0.051291314747613816,0.05479909626205678,0.5463755065285907
443,CMCC-ESM2_SSP245_2050_11,2050,November,2050-Nov-15,2050-11-15,climate,future,CMCC-ESM2,SSP245,0.046681584415030355,0.04981687184347025,0.44534230668973196
444,CMCC-ESM2_SSP245_2050_12,2050,December,2050-Dec-15,2050-12-15,climate,future,CMCC-ESM2,SSP245,0.06497460973568162,0.0695880841643982,0.5085310078437878
445,CMCC-ESM2_SSP245_2070_01,2070,January,2070-Jan-15,2070-01-15,climate,future,CMCC-ESM2,SSP245,0.10229226151188758,0.10992122762047273,0.6478471053816441
446,CMCC-ESM2_SSP245_2070_02,2070,February,2070-Feb-15,2070-02-15,climate,future,CMCC-ESM2,SSP245,0.0933701172020823,0.10027812017141742,0.6772672338207066
447,CMCC-ESM2_SSP245_2070_03,2070,March,2070-Mar-15,2070-03-15,climate,future,CMCC-ESM2,SSP245,0.06317459465883962,0.06764261697447382,0.5599895732126353
448,CMCC-ESM2_SSP245_2070_04,2070,April,2070-Apr-15,2070-04-15,climate,future,CMCC-ESM2,SSP245,0.06869256278203476,0.07360647026458958,0.5690300718026493
449,CMCC-ESM2_SSP245_2070_05,2070,May,2070-May-15,2070-05-15,climate,future,CMCC-ESM2,SSP245,0.11961621556390181,0.1286450617870272,0.7621270646223844
450,CMCC-ESM2_SSP245_2070_06,2070,June,2070-Jun-15,2070-06-15,climate,future,CMCC-ESM2,SSP245,0.16476609739210005,0.1774433268819485,0.8805658901869713
451,CMCC-ESM2_SSP245_2070_07,2070,July,2070-Jul-15,2070-07-15,climate,future,CMCC-ESM2,SSP245,0.09781376114967674,0.10508083740550848,0.7182279200928932
452,CMCC-ESM2_SSP245_2070_08,2070,August,2070-Aug-15,2070-08-15,climate,future,CMCC-ESM2,SSP245,0.06458607181338535,0.0691681500025638,0.5719092869499277
453,CMCC-ESM2_SSP245_2070_09,2070,September,2070-Sep-15,2070-09-15,climate,future,CMCC-ESM2,SSP245,0.05556631011630565,0.0594195370645448,0.5479039787672694
454,CMCC-ESM2_SSP245_2070_10,2070,October,2070-Oct-15,2070-10-15,climate,future,CMCC-ESM2,SSP245,0.05093291458856094,0.054411735189896046,0.5244200099528424
455,CMCC-ESM2_SSP245_2070_11,2070,November,2070-Nov-15,2070-11-15,climate,future,CMCC-ESM2,SSP245,0.049087010977090194,0.052416671408322964,0.42983246048484564
456,CMCC-ESM2_SSP245_2070_12,2070,December,2070-Dec-15,2070-12-15,climate,future,CMCC-ESM2,SSP245,0.06798436634192921,0.07284104726871479,0.49267755160074883
457,CMCC-ESM2_SSP370_2030_01,2030,January,2030-Jan-15,2030-01-15,climate,future,CMCC-ESM2,SSP370,0.10203058836050442,0.10963840969615181,0.6667812033460508
458,CMCC-ESM2_SSP370_2030_02,2030,February,2030-Feb-15,2030-02-15,climate,future,CMCC-ESM2,SSP370,0.09157757677001725,0.09834073161057083,0.7166402047441882
459,CMCC-ESM2_SSP370_2030_03,2030,March,2030-Mar-15,2030-03-15,climate,future,CMCC-ESM2,SSP370,0.05894774307786335,0.06307421024241293,0.5957605630465177
460,CMCC-ESM2_SSP370_2030_04,2030,April,2030-Apr-15,2030-04-15,climate,future,CMCC-ESM2,SSP370,0.06045865938206917,0.06470721770837262,0.5719566814379488
461,CMCC-ESM2_SSP370_2030_05,2030,May,2030-May-15,2030-05-15,climate,future,CMCC-ESM2,SSP370,0.11206321338022,0.12048173143164198,0.7773051494111235
462,CMCC-ESM2_SSP370_2030_06,2030,June,2030-Jun-15,2030-06-15,climate,future,CMCC-ESM2,SSP370,0.17018436633209166,0.1832994246867842,0.8974264793004574
463,CMCC-ESM2_SSP370_2030_07,2030,July,2030-Jul-15,2030-07-15,climate,future,CMCC-ESM2,SSP370,0.10522933058293613,0.11309562959318295,0.7609422024218583
464,CMCC-ESM2_SSP370_2030_08,2030,August,2030-Aug-15,2030-08-15,climate,future,CMCC-ESM2,SSP370,0.07122589341723898,0.07634450931172437,0.636211758572478
465,CMCC-ESM2_SSP370_2030_09,2030,September,2030-Sep-15,2030-09-15,climate,future,CMCC-ESM2,SSP370,0.060808039742789144,0.06508483013971587,0.6225858432664281
466,CMCC-ESM2_SSP370_2030_10,2030,October,2030-Oct-15,2030-10-15,climate,future,CMCC-ESM2,SSP370,0.05349986489108565,0.0571861106111398,0.5822649825825257
467,CMCC-ESM2_SSP370_2030_11,2030,November,2030-Nov-15,2030-11-15,climate,future,CMCC-ESM2,SSP370,0.04520614063031566,0.048222203303612446,0.47324581151212114
468,CMCC-ESM2_SSP370_2030_12,2030,December,2030-Dec-15,2030-12-15,climate,future,CMCC-ESM2,SSP370,0.0641968969516374,0.06874752746439372,0.5290883670229153
469,CMCC-ESM2_SSP370_2050_01,2050,January,2050-Jan-15,2050-01-15,climate,future,CMCC-ESM2,SSP370,0.09943641446312416,0.10683461090773515,0.6497784307685016
470,CMCC-ESM2_SSP370_2050_02,2050,February,2050-Feb-15,2050-02-15,climate,future,CMCC-ESM2,SSP370,0.08953416446305645,0.0961321992618164,0.6805256048721534
471,CMCC-ESM2_SSP370_2050_03,2050,March,2050-Mar-15,2050-03-15,climate,future,CMCC-ESM2,SSP370,0.0621549875718609,0.06654061948991573,0.5769804971681793
472,CMCC-ESM2_SSP370_2050_04,2050,April,2050-Apr-15,2050-04-15,climate,future,CMCC-ESM2,SSP370,0.06648896389551198,0.07122480723839028,0.5694803194388492
473,CMCC-ESM2_SSP370_2050_05,2050,May,2050-May-15,2050-05-15,climate,future,CMCC-ESM2,SSP370,0.11025011376460674,0.11852212242319957,0.7623284911964738
474,CMCC-ESM2_SSP370_2050_06,2050,June,2050-Jun-15,2050-06-15,climate,future,CMCC-ESM2,SSP370,0.15804026466644347,0.17017400626938295,0.8786345648001137
475,CMCC-ESM2_SSP370_2050_07,2050,July,2050-Jul-15,2050-07-15,climate,future,CMCC-ESM2,SSP370,0.09485154552746052,0.10187925684050214,0.7166639019881987
476,CMCC-ESM2_SSP370_2050_08,2050,August,2050-Aug-15,2050-08-15,climate,future,CMCC-ESM2,SSP370,0.06428464182084391,0.06884236263430324,0.578781487712979
477,CMCC-ESM2_SSP370_2050_09,2050,September,2050-Sep-15,2050-09-15,climate,future,CMCC-ESM2,SSP370,0.0558490828825497,0.0597251595747228,0.5623119031256665
478,CMCC-ESM2_SSP370_2050_10,2050,October,2050-Oct-15,2050-10-15,climate,future,CMCC-ESM2,SSP370,0.05063001520430472,0.0540843597058056,0.5437569610654281
479,CMCC-ESM2_SSP370_2050_11,2050,November,2050-Nov-15,2050-11-15,climate,future,CMCC-ESM2,SSP370,0.04665717823182964,0.0497904935123227,0.43759330789829143
480,CMCC-ESM2_SSP370_2050_12,2050,December,2050-Dec-15,2050-12-15,climate,future,CMCC-ESM2,SSP370,0.06534884652426667,0.06999256151257724,0.5056873385625251
481,CMCC-ESM2_SSP370_2070_01,2070,January,2070-Jan-15,2070-01-15,climate,future,CMCC-ESM2,SSP370,0.09761233924166812,0.1048631393929358,0.6210099765397284
482,CMCC-ESM2_SSP370_2070_02,2070,February,2070-Feb-15,2070-02-15,climate,future,CMCC-ESM2,SSP370,0.09076996958423286,0.09746786490938998,0.6622076352520202
483,CMCC-ESM2_SSP370_2070_03,2070,March,2070-Mar-15,2070-03-15,climate,future,CMCC-ESM2,SSP370,0.06328298248352915,0.06775976317975158,0.5412805990663286
484,CMCC-ESM2_SSP370_2070_04,2070,April,2070-Apr-15,2070-04-15,climate,future,CMCC-ESM2,SSP370,0.06662729181521068,0.0713743129191002,0.5628213938718927
485,CMCC-ESM2_SSP370_2070_05,2070,May,2070-May-15,2070-05-15,climate,future,CMCC-ESM2,SSP370,0.12220134716378125,0.13143908768968174,0.7675300362567833
486,CMCC-ESM2_SSP370_2070_06,2070,June,2070-Jun-15,2070-06-15,climate,future,CMCC-ESM2,SSP370,0.16237374495470105,0.17485765793136915,0.8759330789829143
487,CMCC-ESM2_SSP370_2070_07,2070,July,2070-Jul-15,2070-07-15,climate,future,CMCC-ESM2,SSP370,0.09639851280746224,0.10355122841149024,0.7074812199341216
488,CMCC-ESM2_SSP370_2070_08,2070,August,2070-Aug-15,2070-08-15,climate,future,CMCC-ESM2,SSP370,0.06323887210917271,0.0677120884289428,0.5627739993838716
489,CMCC-ESM2_SSP370_2070_09,2070,September,2070-Sep-15,2070-09-15,climate,future,CMCC-ESM2,SSP370,0.05501806071568514,0.05882698581466655,0.5374534941586293
490,CMCC-ESM2_SSP370_2070_10,2070,October,2070-Oct-15,2070-10-15,climate,future,CMCC-ESM2,SSP370,0.0495461747203891,0.0529129383658072,0.5141591032962867
491,CMCC-ESM2_SSP370_2070_11,2070,November,2070-Nov-15,2070-11-15,climate,future,CMCC-ESM2,SSP370,0.04939507390201966,0.05274962770793544,0.42550771345292543
492,CMCC-ESM2_SSP370_2070_12,2070,December,2070-Dec-15,2070-12-15,climate,future,CMCC-ESM2,SSP370,0.06513973305486905,0.06976655043064527,0.48432427308703996
493,EC-Earth3-Veg_SSP126_2030_01,2030,January,2030-Jan-15,2030-01-15,climate,future,EC-Earth3-Veg,SSP126,0.10331599239873764,0.11102768219632234,0.6493992748643332
494,EC-Earth3-Veg_SSP126_2030_02,2030,February,2030-Feb-15,2030-02-15,climate,future,EC-Earth3-Veg,SSP126,0.09202314444934506,0.09882230386615815,0.7135358657788099
495,EC-Earth3-Veg_SSP126_2030_03,2030,March,2030-Mar-15,2030-03-15,climate,future,EC-Earth3-Veg,SSP126,0.05997902053648687,0.06418882118312191,0.6109741937012726
496,EC-Earth3-Veg_SSP126_2030_04,2030,April,2030-Apr-15,2030-04-15,climate,future,EC-Earth3-Veg,SSP126,0.06489195735729313,0.06949875294491163,0.6051565202966895
497,EC-Earth3-Veg_SSP126_2030_05,2030,May,2030-May-15,2030-05-15,climate,future,EC-Earth3-Veg,SSP126,0.11544194591054137,0.12413348599582254,0.8063698191900281
498,EC-Earth3-Veg_SSP126_2030_06,2030,June,2030-Jun-15,2030-06-15,climate,future,EC-Earth3-Veg,SSP126,0.16929196801642457,0.18233491519468348,0.9040735562454086
499,EC-Earth3-Veg_SSP126_2030_07,2030,July,2030-Jul-15,2030-07-15,climate,future,EC-Earth3-Veg,SSP126,0.10317469275831913,0.11087496467570539,0.7636673854830683
500,EC-Earth3-Veg_SSP126_2030_08,2030,August,2030-Aug-15,2030-08-15,climate,future,EC-Earth3-Veg,SSP126,0.0697391240896892,0.07473760005256322,0.6248726273134434
501,EC-Earth3-Veg_SSP126_2030_09,2030,September,2030-Sep-15,2030-09-15,climate,future,EC-Earth3-Veg,SSP126,0.060721667614499326,0.06499147861751925,0.6173842982061186
502,EC-Earth3-Veg_SSP126_2030_10,2030,October,2030-Oct-15,2030-10-15,climate,future,EC-Earth3-Veg,SSP126,0.05534426939397342,0.0591795540976134,0.5988767506339012
503,EC-Earth3-Veg_SSP126_2030_11,2030,November,2030-Nov-15,2030-11-15,climate,future,EC-Earth3-Veg,SSP126,0.048082089729367165,0.05133054646423213,0.5101542690585085
504,EC-Earth3-Veg_SSP126_2030_12,2030,December,2030-Dec-15,2030-12-15,climate,future,EC-Earth3-Veg,SSP126,0.06318726856272526,0.06765631499542742,0.5077608474134458
505,EC-Earth3-Veg_SSP126_2050_01,2050,January,2050-Jan-15,2050-01-15,climate,future,EC-Earth3-Veg,SSP126,0.10138195262406911,0.10893736030412815,0.6432024455555819
506,EC-Earth3-Veg_SSP126_2050_02,2050,February,2050-Feb-15,2050-02-15,climate,future,EC-Earth3-Veg,SSP126,0.09074250871348306,0.09743818505350284,0.7069361833218797
507,EC-Earth3-Veg_SSP126_2050_03,2050,March,2050-Mar-15,2050-03-15,climate,future,EC-Earth3-Veg,SSP126,0.06001908751700077,0.0642321257980054,0.600950259484822
508,EC-Earth3-Veg_SSP126_2050_04,2050,April,2050-Apr-15,2050-04-15,climate,future,EC-Earth3-Veg,SSP126,0.06388092827052849,0.06840602660838227,0.582738927462736
509,EC-Earth3-Veg_SSP126_2050_05,2050,May,2050-May-15,2050-05-15,climate,future,EC-Earth3-Veg,SSP126,0.11477987195248315,0.12341791241925591,0.7880400009478897
510,EC-Earth3-Veg_SSP126_2050_06,2050,June,2050-Jun-15,2050-06-15,climate,future,EC-Earth3-Veg,SSP126,0.17245722642532246,0.18575594559875536,0.911538188108723
511,EC-Earth3-Veg_SSP126_2050_07,2050,July,2050-Jul-15,2050-07-15,climate,future,EC-Earth3-Veg,SSP126,0.10265429398285196,0.1103125145110287,0.7616649683641793
512,EC-Earth3-Veg_SSP126_2050_08,2050,August,2050-Aug-15,2050-08-15,climate,future,EC-Earth3-Veg,SSP126,0.0667272040229767,0.0714822986423963,0.6049669423446054
513,EC-Earth3-Veg_SSP126_2050_09,2050,September,2050-Sep-15,2050-09-15,climate,future,EC-Earth3-Veg,SSP126,0.058299106585758834,0.062373160002170275,0.5924311002630394
514,EC-Earth3-Veg_SSP126_2050_10,2050,October,2050-Oct-15,2050-10-15,climate,future,EC-Earth3-Veg,SSP126,0.05374595865827253,0.057452090224875865,0.5812104552240575
515,EC-Earth3-Veg_SSP126_2050_11,2050,November,2050-Nov-15,2050-11-15,climate,future,EC-Earth3-Veg,SSP126,0.048256383515321834,0.05151892423887685,0.498364890163274
516,EC-Earth3-Veg_SSP126_2050_12,2050,December,2050-Dec-15,2050-12-15,climate,future,EC-Earth3-Veg,SSP126,0.06325137120205214,0.0677255975355135,0.5051304533282779
517,EC-Earth3-Veg_SSP126_2070_01,2070,January,2070-Jan-15,2070-01-15,climate,future,EC-Earth3-Veg,SSP126,0.102573199716687,0.11022486733295858,0.646069812080855
518,EC-Earth3-Veg_SSP126_2070_02,2070,February,2070-Feb-15,2070-02-15,climate,future,EC-Earth3-Veg,SSP126,0.09155731818603055,0.09831883603446731,0.7045309130548117
519,EC-Earth3-Veg_SSP126_2070_03,2070,March,2070-Mar-15,2070-03-15,climate,future,EC-Earth3-Veg,SSP126,0.0612257714703647,0.06553631709761606,0.6030593142017583
520,EC-Earth3-Veg_SSP126_2070_04,2070,April,2070-Apr-15,2070-04-15,climate,future,EC-Earth3-Veg,SSP126,0.06393347658640164,0.06846282114561321,0.5837105144671675
521,EC-Earth3-Veg_SSP126_2070_05,2070,May,2070-May-15,2070-05-15,climate,future,EC-Earth3-Veg,SSP126,0.11404881438456649,0.12262778098917496,0.7834308869878434
522,EC-Earth3-Veg_SSP126_2070_06,2070,June,2070-Jun-15,2070-06-15,climate,future,EC-Earth3-Veg,SSP126,0.17077550836944386,0.18393833459746847,0.9065262210004976
523,EC-Earth3-Veg_SSP126_2070_07,2070,July,2070-Jul-15,2070-07-15,climate,future,EC-Earth3-Veg,SSP126,0.10199258089639013,0.10959733102225098,0.75216237351596
524,EC-Earth3-Veg_SSP126_2070_08,2070,August,2070-Aug-15,2070-08-15,climate,future,EC-Earth3-Veg,SSP126,0.06651622784169083,0.07125427429937166,0.5998483376383327
525,EC-Earth3-Veg_SSP126_2070_09,2070,September,2070-Sep-15,2070-09-15,climate,future,EC-Earth3-Veg,SSP126,0.05788598840515032,0.06192665937130786,0.5837460603331832
526,EC-Earth3-Veg_SSP126_2070_10,2070,October,2070-Oct-15,2070-10-15,climate,future,EC-Earth3-Veg,SSP126,0.052795603328605535,0.056424940448351474,0.572560961160217
527,EC-Earth3-Veg_SSP126_2070_11,2070,November,2070-Nov-15,2070-11-15,climate,future,EC-Earth3-Veg,SSP126,0.04875571669587343,0.05205860656046755,0.4915993269982701
528,EC-Earth3-Veg_SSP126_2070_12,2070,December,2070-Dec-15,2070-12-15,climate,future,EC-Earth3-Veg,SSP126,0.0643879604215585,0.06895403001419156,0.5060664944666935
529,EC-Earth3-Veg_SSP245_2030_01,2030,January,2030-Jan-15,2030-01-15,climate,future,EC-Earth3-Veg,SSP245,0.10355464671555818,0.11128562118687069,0.6476693760515652
530,EC-Earth3-Veg_SSP245_2030_02,2030,February,2030-Feb-15,2030-02-15,climate,future,EC-Earth3-Veg,SSP245,0.09250522686854966,0.09934334146219388,0.7176354889926302
531,EC-Earth3-Veg_SSP245_2030_03,2030,March,2030-Mar-15,2030-03-15,climate,future,EC-Earth3-Veg,SSP245,0.06035000667342863,0.06458978523653712,0.6152160003791559
532,EC-Earth3-Veg_SSP245_2030_04,2030,April,2030-Apr-15,2030-04-15,climate,future,EC-Earth3-Veg,SSP245,0.06319097933005026,0.06766032561397532,0.5915898481006658
533,EC-Earth3-Veg_SSP245_2030_05,2030,May,2030-May-15,2030-05-15,climate,future,EC-Earth3-Veg,SSP245,0.11417459258578615,0.12276372284793083,0.8012630631057608
534,EC-Earth3-Veg_SSP245_2030_06,2030,June,2030-Jun-15,2030-06-15,climate,future,EC-Earth3-Veg,SSP245,0.17151639753982506,0.18473909206158298,0.9091447664636603
535,EC-Earth3-Veg_SSP245_2030_07,2030,July,2030-Jul-15,2030-07-15,climate,future,EC-Earth3-Veg,SSP245,0.10362048819210917,0.11135678305592527,0.7686912012132989
536,EC-Earth3-Veg_SSP245_2030_08,2030,August,2030-Aug-15,2030-08-15,climate,future,EC-Earth3-Veg,SSP245,0.06948482464262624,0.07446275167269024,0.6244342282992488
537,EC-Earth3-Veg_SSP245_2030_09,2030,September,2030-Sep-15,2030-09-15,climate,future,EC-Earth3-Veg,SSP245,0.06040994964543359,0.06465457192980599,0.6163060736036399
538,EC-Earth3-Veg_SSP245_2030_10,2030,October,2030-Oct-15,2030-10-15,climate,future,EC-Earth3-Veg,SSP245,0.05493553679258739,0.05873779343318277,0.5951088888362284
539,EC-Earth3-Veg_SSP245_2030_11,2030,November,2030-Nov-15,2030-11-15,climate,future,EC-Earth3-Veg,SSP245,0.047825167876385535,0.05105286378855356,0.5065285907248986
540,EC-Earth3-Veg_SSP245_2030_12,2030,December,2030-Dec-15,2030-12-15,climate,future,EC-Earth3-Veg,SSP245,0.06365028588494243,0.06815674693631313,0.5100831773264769
541,EC-Earth3-Veg_SSP245_2050_01,2050,January,2050-Jan-15,2050-01-15,climate,future,EC-Earth3-Veg,SSP245,0.10182540594094985,0.10941664731988016,0.6400151662361667
542,EC-Earth3-Veg_SSP245_2050_02,2050,February,2050-Feb-15,2050-02-15,climate,future,EC-Earth3-Veg,SSP245,0.09086491500851938,0.09757048250284926,0.7003720467309652
543,EC-Earth3-Veg_SSP245_2050_03,2050,March,2050-Mar-15,2050-03-15,climate,future,EC-Earth3-Veg,SSP245,0.06051196983271367,0.06476483597397156,0.5965781179648807
544,EC-Earth3-Veg_SSP245_2050_04,2050,April,2050-Apr-15,2050-04-15,climate,future,EC-Earth3-Veg,SSP245,0.0641853164276491,0.0687350111926475,0.5836394227351359
545,EC-Earth3-Veg_SSP245_2050_05,2050,May,2050-May-15,2050-05-15,climate,future,EC-Earth3-Veg,SSP245,0.113010744199179,0.12150582847102498,0.7806227635725965
546,EC-Earth3-Veg_SSP245_2050_06,2050,June,2050-Jun-15,2050-06-15,climate,future,EC-Earth3-Veg,SSP245,0.1682318294305943,0.18118911102789312,0.9062300054503661
547,EC-Earth3-Veg_SSP245_2050_07,2050,July,2050-Jul-15,2050-07-15,climate,future,EC-Earth3-Veg,SSP245,0.10085283717673188,0.10836548911522773,0.7546861300030806
548,EC-Earth3-Veg_SSP245_2050_08,2050,August,2050-Aug-15,2050-08-15,climate,future,EC-Earth3-Veg,SSP245,0.06533754007514443,0.06998034144192124,0.595594682338444
549,EC-Earth3-Veg_SSP245_2050_09,2050,September,2050-Sep-15,2050-09-15,climate,future,EC-Earth3-Veg,SSP245,0.057072045115255716,0.061046944577242655,0.5786985473589421
550,EC-Earth3-Veg_SSP245_2050_10,2050,October,2050-Oct-15,2050-10-15,climate,future,EC-Earth3-Veg,SSP245,0.05234953211792815,0.05594282397817733,0.5666248015355814
551,EC-Earth3-Veg_SSP245_2050_11,2050,November,2050-Nov-15,2050-11-15,climate,future,EC-Earth3-Veg,SSP245,0.04864932744250868,0.051943620426288535,0.4915400838882438
552,EC-Earth3-Veg_SSP245_2050_12,2050,December,2050-Dec-15,2050-12-15,climate,future,EC-Earth3-Veg,SSP245,0.06368624761902966,0.06819561458218551,0.4968838124126164
553,EC-Earth3-Veg_SSP245_2070_01,2070,January,2070-Jan-15,2070-01-15,climate,future,EC-Earth3-Veg,SSP245,0.10278329182573426,0.11045193616410191,0.6388540012796512
554,EC-Earth3-Veg_SSP245_2070_02,2070,February,2070-Feb-15,2070-02-15,climate,future,EC-Earth3-Veg,SSP245,0.09185371422316214,0.09863918265570669,0.689506860352141
555,EC-Earth3-Veg_SSP245_2070_03,2070,March,2070-Mar-15,2070-03-15,climate,future,EC-Earth3-Veg,SSP245,0.06311382020352313,0.0675769315873118,0.5888765136614612
556,EC-Earth3-Veg_SSP245_2070_04,2070,April,2070-Apr-15,2070-04-15,climate,future,EC-Earth3-Veg,SSP245,0.06739890973865541,0.07220828224405167,0.5904760776321714
557,EC-Earth3-Veg_SSP245_2070_05,2070,May,2070-May-15,2070-05-15,climate,future,EC-Earth3-Veg,SSP245,0.1154186584779489,0.12410831676968598,0.7808360387686912
558,EC-Earth3-Veg_SSP245_2070_06,2070,June,2070-Jun-15,2070-06-15,climate,future,EC-Earth3-Veg,SSP245,0.1666177361649205,0.17944458927660656,0.9070594089907343
559,EC-Earth3-Veg_SSP245_2070_07,2070,July,2070-Jul-15,2070-07-15,climate,future,EC-Earth3-Veg,SSP245,0.09793635415433129,0.10521333664052629,0.7476717457759663
560,EC-Earth3-Veg_SSP245_2070_08,2070,August,2070-Aug-15,2070-08-15,climate,future,EC-Earth3-Veg,SSP245,0.06316636081368904,0.06763371778137295,0.5780705703926633
561,EC-Earth3-Veg_SSP245_2070_09,2070,September,2070-Sep-15,2070-09-15,climate,future,EC-Earth3-Veg,SSP245,0.054834352151576754,0.05862843247563677,0.554160051186047
562,EC-Earth3-Veg_SSP245_2070_10,2070,October,2070-Oct-15,2070-10-15,climate,future,EC-Earth3-Veg,SSP245,0.05125677770211088,0.0547617684110268,0.5524775468613
563,EC-Earth3-Veg_SSP245_2070_11,2070,November,2070-Nov-15,2070-11-15,climate,future,EC-Earth3-Veg,SSP245,0.05068827157348374,0.05414732355666902,0.4881987724827603
564,EC-Earth3-Veg_SSP245_2070_12,2070,December,2070-Dec-15,2070-12-15,climate,future,EC-Earth3-Veg,SSP245,0.06507772186355638,0.06969952835706836,0.49433635868148534
565,EC-Earth3-Veg_SSP370_2030_01,2030,January,2030-Jan-15,2030-01-15,climate,future,EC-Earth3-Veg,SSP370,0.10158783986547602,0.10915988447748906,0.6428706841394346
566,EC-Earth3-Veg_SSP370_2030_02,2030,February,2030-Feb-15,2030-02-15,climate,future,EC-Earth3-Veg,SSP370,0.09135947913809289,0.09810501040728271,0.7122562146022418
567,EC-Earth3-Veg_SSP370_2030_03,2030,March,2030-Mar-15,2030-03-15,climate,future,EC-Earth3-Veg,SSP370,0.06031366675656402,0.06455050883022607,0.6126093035379986
568,EC-Earth3-Veg_SSP370_2030_04,2030,April,2030-Apr-15,2030-04-15,climate,future,EC-Earth3-Veg,SSP370,0.06256864621132516,0.06698770423780191,0.58655418374843
569,EC-Earth3-Veg_SSP370_2030_05,2030,May,2030-May-15,2030-05-15,climate,future,EC-Earth3-Veg,SSP370,0.1138485953656358,0.12241138310346335,0.7962629446195407
570,EC-Earth3-Veg_SSP370_2030_06,2030,June,2030-Jun-15,2030-06-15,climate,future,EC-Earth3-Veg,SSP370,0.17308162598647325,0.18643080043049387,0.9097727434299391
571,EC-Earth3-Veg_SSP370_2030_07,2030,July,2030-Jul-15,2030-07-15,climate,future,EC-Earth3-Veg,SSP370,0.1049219263614378,0.11276338531115611,0.7707647100642195
572,EC-Earth3-Veg_SSP370_2030_08,2030,August,2030-Aug-15,2030-08-15,climate,future,EC-Earth3-Veg,SSP370,0.0691847044896615,0.0741383800040871,0.624398682433233
573,EC-Earth3-Veg_SSP370_2030_09,2030,September,2030-Sep-15,2030-09-15,climate,future,EC-Earth3-Veg,SSP370,0.05970580113954195,0.06389352398120547,0.6112585606293988
574,EC-Earth3-Veg_SSP370_2030_10,2030,October,2030-Oct-15,2030-10-15,climate,future,EC-Earth3-Veg,SSP370,0.054437937319890314,0.058199984930439014,0.5901206189720135
575,EC-Earth3-Veg_SSP370_2030_11,2030,November,2030-Nov-15,2030-11-15,climate,future,EC-Earth3-Veg,SSP370,0.04786860038226847,0.0510998058919328,0.5073461456432616
576,EC-Earth3-Veg_SSP370_2030_12,2030,December,2030-Dec-15,2030-12-15,climate,future,EC-Earth3-Veg,SSP370,0.06263190830990348,0.0670560783046759,0.5029266096352994
577,EC-Earth3-Veg_SSP370_2050_01,2050,January,2050-Jan-15,2050-01-15,climate,future,EC-Earth3-Veg,SSP370,0.10095907570728237,0.10848031235927057,0.6329652361430366
578,EC-Earth3-Veg_SSP370_2050_02,2050,February,2050-Feb-15,2050-02-15,climate,future,EC-Earth3-Veg,SSP370,0.0911753910359462,0.09790604686841851,0.6970188867034763
579,EC-Earth3-Veg_SSP370_2050_03,2050,March,2050-Mar-15,2050-03-15,climate,future,EC-Earth3-Veg,SSP370,0.0604834439634483,0.06473400503439074,0.5878812294130192
580,EC-Earth3-Veg_SSP370_2050_04,2050,April,2050-Apr-15,2050-04-15,climate,future,EC-Earth3-Veg,SSP370,0.06470641633631417,0.06929821910543191,0.5757126946136164
581,EC-Earth3-Veg_SSP370_2050_05,2050,May,2050-May-15,2050-05-15,climate,future,EC-Earth3-Veg,SSP370,0.1137480423468493,0.12230270478727284,0.788774615512216
582,EC-Earth3-Veg_SSP370_2050_06,2050,June,2050-Jun-15,2050-06-15,climate,future,EC-Earth3-Veg,SSP370,0.16661024207331426,0.17943648960630632,0.9049859001398137
583,EC-Earth3-Veg_SSP370_2050_07,2050,July,2050-Jul-15,2050-07-15,climate,future,EC-Earth3-Veg,SSP370,0.09832659919693186,0.10563511584602721,0.7480864475461504
584,EC-Earth3-Veg_SSP370_2050_08,2050,August,2050-Aug-15,2050-08-15,climate,future,EC-Earth3-Veg,SSP370,0.0642515710243193,0.06880661954230333,0.588509206379298
585,EC-Earth3-Veg_SSP370_2050_09,2050,September,2050-Sep-15,2050-09-15,climate,future,EC-Earth3-Veg,SSP370,0.05566825545560992,0.05952972021625954,0.5663522832294604
586,EC-Earth3-Veg_SSP370_2050_10,2050,October,2050-Oct-15,2050-10-15,climate,future,EC-Earth3-Veg,SSP370,0.05213826208654864,0.05571448206493066,0.5629872745799663
587,EC-Earth3-Veg_SSP370_2050_11,2050,November,2050-Nov-15,2050-11-15,climate,future,EC-Earth3-Veg,SSP370,0.049385935331555365,0.0527397506596831,0.49370838171520653
588,EC-Earth3-Veg_SSP370_2050_12,2050,December,2050-Dec-15,2050-12-15,climate,future,EC-Earth3-Veg,SSP370,0.06365100960770603,0.06815752912685827,0.4938979596672907
589,EC-Earth3-Veg_SSP370_2070_01,2070,January,2070-Jan-15,2070-01-15,climate,future,EC-Earth3-Veg,SSP370,0.10229617112261834,0.10992545319385424,0.6403706248963246
590,EC-Earth3-Veg_SSP370_2070_02,2070,February,2070-Feb-15,2070-02-15,climate,future,EC-Earth3-Veg,SSP370,0.09250278335071976,0.0993407004791045,0.6800398113699376
591,EC-Earth3-Veg_SSP370_2070_03,2070,March,2070-Mar-15,2070-03-15,climate,future,EC-Earth3-Veg,SSP370,0.0633839388856018,0.06786887749318822,0.5772056209862793
592,EC-Earth3-Veg_SSP370_2070_04,2070,April,2070-Apr-15,2070-04-15,climate,future,EC-Earth3-Veg,SSP370,0.06586762475722768,0.07055326015937557,0.5878338349249982
593,EC-Earth3-Veg_SSP370_2070_05,2070,May,2070-May-15,2070-05-15,climate,future,EC-Earth3-Veg,SSP370,0.11731943765317449,0.1261626904026471,0.7862390104030901
594,EC-Earth3-Veg_SSP370_2070_06,2070,June,2070-Jun-15,2070-06-15,climate,future,EC-Earth3-Veg,SSP370,0.16931500692848245,0.18235981579125246,0.9114789449986966
595,EC-Earth3-Veg_SSP370_2070_07,2070,July,2070-Jul-15,2070-07-15,climate,future,EC-Earth3-Veg,SSP370,0.09840314644750689,0.10571784857275685,0.7383942747458471
596,EC-Earth3-Veg_SSP370_2070_08,2070,August,2070-Aug-15,2070-08-15,climate,future,EC-Earth3-Veg,SSP370,0.06130998165729659,0.06562733199074008,0.563923315718382
597,EC-Earth3-Veg_SSP370_2070_09,2070,September,2070-Sep-15,2070-09-15,climate,future,EC-Earth3-Veg,SSP370,0.053111989289545476,0.056766892293719555,0.5367781227043295
598,EC-Earth3-Veg_SSP370_2070_10,2070,October,2070-Oct-15,2070-10-15,climate,future,EC-Earth3-Veg,SSP370,0.05027744816251806,0.05370330312824545,0.5367899713263348
599,EC-Earth3-Veg_SSP370_2070_11,2070,November,2070-Nov-15,2070-11-15,climate,future,EC-Earth3-Veg,SSP370,0.05242740474237888,0.05602698919308645,0.48746415791843406
600,EC-Earth3-Veg_SSP370_2070_12,2070,December,2070-Dec-15,2070-12-15,climate,future,EC-Earth3-Veg,SSP370,0.06578786872826457,0.07046705937708057,0.49454963387758005
601,GISS-E2-1-G_SSP126_2030_01,2030,January,2030-Jan-15,2030-01-15,climate,future,GISS-E2-1-G,SSP126,0.10434475528685108,0.11213957531932899,0.6589255669565629
602,GISS-E2-1-G_SSP126_2030_02,2030,February,2030-Feb-15,2030-02-15,climate,future,GISS-E2-1-G,SSP126,0.09203707989142029,0.09883736540254588,0.7245906301097182
603,GISS-E2-1-G_SSP126_2030_03,2030,March,2030-Mar-15,2030-03-15,climate,future,GISS-E2-1-G,SSP126,0.06014944730673603,0.0643730194294407,0.6153700324652243
604,GISS-E2-1-G_SSP126_2030_04,2030,April,2030-Apr-15,2030-04-15,climate,future,GISS-E2-1-G,SSP126,0.061979535900813974,0.06635099022488594,0.5746107727671271
605,GISS-E2-1-G_SSP126_2030_05,2030,May,2030-May-15,2030-05-15,climate,future,GISS-E2-1-G,SSP126,0.10634228600922116,0.11429851860010656,0.7642716652053366
606,GISS-E2-1-G_SSP126_2030_06,2030,June,2030-Jun-15,2030-06-15,climate,future,GISS-E2-1-G,SSP126,0.16766353956248886,0.1805748998685029,0.8971895068603521
607,GISS-E2-1-G_SSP126_2030_07,2030,July,2030-Jul-15,2030-07-15,climate,future,GISS-E2-1-G,SSP126,0.10641392207097101,0.11437594329452713,0.770693618332188
608,GISS-E2-1-G_SSP126_2030_08,2030,August,2030-Aug-15,2030-08-15,climate,future,GISS-E2-1-G,SSP126,0.07078379602021959,0.07586668779260505,0.6291025853693215
609,GISS-E2-1-G_SSP126_2030_09,2030,September,2030-Sep-15,2030-09-15,climate,future,GISS-E2-1-G,SSP126,0.06049394369543456,0.06474535321962815,0.614813147230977
610,GISS-E2-1-G_SSP126_2030_10,2030,October,2030-Oct-15,2030-10-15,climate,future,GISS-E2-1-G,SSP126,0.05307834211727825,0.056730526218807455,0.5815303680181995
611,GISS-E2-1-G_SSP126_2030_11,2030,November,2030-Nov-15,2030-11-15,climate,future,GISS-E2-1-G,SSP126,0.04639774371022316,0.049510095112011134,0.48674139197611316
612,GISS-E2-1-G_SSP126_2030_12,2030,December,2030-Dec-15,2030-12-15,climate,future,GISS-E2-1-G,SSP126,0.064770595852624,0.06936758468750143,0.5192777080025593
613,GISS-E2-1-G_SSP126_2050_01,2050,January,2050-Jan-15,2050-01-15,climate,future,GISS-E2-1-G,SSP126,0.10341633991646075,0.1111361383785652,0.6504182563567857
614,GISS-E2-1-G_SSP126_2050_02,2050,February,2050-Feb-15,2050-02-15,climate,future,GISS-E2-1-G,SSP126,0.09162148933630537,0.09838819259117997,0.7105500130334842
615,GISS-E2-1-G_SSP126_2050_03,2050,March,2050-Mar-15,2050-03-15,climate,future,GISS-E2-1-G,SSP126,0.06001744866046288,0.06423035450558223,0.5914358160145975
616,GISS-E2-1-G_SSP126_2050_04,2050,April,2050-Apr-15,2050-04-15,climate,future,GISS-E2-1-G,SSP126,0.06353020407217973,0.06802696178283006,0.5694447735728335
617,GISS-E2-1-G_SSP126_2050_05,2050,May,2050-May-15,2050-05-15,climate,future,GISS-E2-1-G,SSP126,0.10880641130992125,0.11696176009599979,0.7709542880163037
618,GISS-E2-1-G_SSP126_2050_06,2050,June,2050-Jun-15,2050-06-15,climate,future,GISS-E2-1-G,SSP126,0.16444468215454325,0.1770959393332419,0.8963601033199838
619,GISS-E2-1-G_SSP126_2050_07,2050,July,2050-Jul-15,2050-07-15,climate,future,GISS-E2-1-G,SSP126,0.10011186768930724,0.10756464483735602,0.7502428967511079
620,GISS-E2-1-G_SSP126_2050_08,2050,August,2050-Aug-15,2050-08-15,climate,future,GISS-E2-1-G,SSP126,0.06720250072760385,0.07199600219055989,0.6052039147847106
621,GISS-E2-1-G_SSP126_2050_09,2050,September,2050-Sep-15,2050-09-15,climate,future,GISS-E2-1-G,SSP126,0.05870424259437504,0.06281103345962903,0.590594563852224
622,GISS-E2-1-G_SSP126_2050_10,2050,October,2050-Oct-15,2050-10-15,climate,future,GISS-E2-1-G,SSP126,0.051789145631647104,0.055337154878555866,0.5620512334415507
623,GISS-E2-1-G_SSP126_2050_11,2050,November,2050-Nov-15,2050-11-15,climate,future,GISS-E2-1-G,SSP126,0.04698786415978403,0.050147900862680346,0.47155145856536884
624,GISS-E2-1-G_SSP126_2050_12,2050,December,2050-Dec-15,2050-12-15,climate,future,GISS-E2-1-G,SSP126,0.06553454811224037,0.0701932689192467,0.5103793928766085
625,GISS-E2-1-G_SSP126_2070_01,2070,January,2070-Jan-15,2070-01-15,climate,future,GISS-E2-1-G,SSP126,0.10307810315885471,0.11077057005858462,0.6489016327401124
626,GISS-E2-1-G_SSP126_2070_02,2070,February,2070-Feb-15,2070-02-15,climate,future,GISS-E2-1-G,SSP126,0.09211491643231318,0.09892149158000456,0.7058224128533852
627,GISS-E2-1-G_SSP126_2070_03,2070,March,2070-Mar-15,2070-03-15,climate,future,GISS-E2-1-G,SSP126,0.061450608622878364,0.06577932247025578,0.5989359937439276
628,GISS-E2-1-G_SSP126_2070_04,2070,April,2070-Apr-15,2070-04-15,climate,future,GISS-E2-1-G,SSP126,0.06520021605775261,0.06983192080814454,0.5754401763074954
629,GISS-E2-1-G_SSP126_2070_05,2070,May,2070-May-15,2070-05-15,climate,future,GISS-E2-1-G,SSP126,0.10832459220188698,0.11644100710131984,0.7620322756463423
630,GISS-E2-1-G_SSP126_2070_06,2070,June,2070-Jun-15,2070-06-15,climate,future,GISS-E2-1-G,SSP126,0.1643971131994514,0.17704452650586378,0.8960046446598261
631,GISS-E2-1-G_SSP126_2070_07,2070,July,2070-Jul-15,2070-07-15,climate,future,GISS-E2-1-G,SSP126,0.10143593732515595,0.1089957072707499,0.7520320386739022
632,GISS-E2-1-G_SSP126_2070_08,2070,August,2070-Aug-15,2070-08-15,climate,future,GISS-E2-1-G,SSP126,0.06698298670745054,0.0717587501153473,0.6020995758193323
633,GISS-E2-1-G_SSP126_2070_09,2070,September,2070-Sep-15,2070-09-15,climate,future,GISS-E2-1-G,SSP126,0.05881105407049493,0.06292647593126438,0.5887224815753928
634,GISS-E2-1-G_SSP126_2070_10,2070,October,2070-Oct-15,2070-10-15,climate,future,GISS-E2-1-G,SSP126,0.05170544665069777,0.0552466925030104,0.5609967060830825
635,GISS-E2-1-G_SSP126_2070_11,2070,November,2070-Nov-15,2070-11-15,climate,future,GISS-E2-1-G,SSP126,0.04709098517206874,0.05025935468190228,0.4681746012938695
636,GISS-E2-1-G_SSP126_2070_12,2070,December,2070-Dec-15,2070-12-15,climate,future,GISS-E2-1-G,SSP126,0.06476697344421654,0.06936366960750857,0.50272518306121
637,GISS-E2-1-G_SSP245_2030_01,2030,January,2030-Jan-15,2030-01-15,climate,future,GISS-E2-1-G,SSP245,0.10366970908246607,0.11140998129546897,0.6540202374463849
638,GISS-E2-1-G_SSP245_2030_02,2030,February,2030-Feb-15,2030-02-15,climate,future,GISS-E2-1-G,SSP245,0.09137809072832617,0.0981251259285876,0.712493187042347
639,GISS-E2-1-G_SSP245_2030_03,2030,March,2030-Mar-15,2030-03-15,climate,future,GISS-E2-1-G,SSP245,0.06025823898435659,0.06449060215220155,0.6022536079054006
640,GISS-E2-1-G_SSP245_2030_04,2030,April,2030-Apr-15,2030-04-15,climate,future,GISS-E2-1-G,SSP245,0.0631384738549714,0.06760357737911565,0.5735917912746747
641,GISS-E2-1-G_SSP245_2030_05,2030,May,2030-May-15,2030-05-15,climate,future,GISS-E2-1-G,SSP245,0.10695473449162791,0.11496045661488379,0.7685016232612147
642,GISS-E2-1-G_SSP245_2030_06,2030,June,2030-Jun-15,2030-06-15,climate,future,GISS-E2-1-G,SSP245,0.16369502724746712,0.17628570778873795,0.8972369013483732
643,GISS-E2-1-G_SSP245_2030_07,2030,July,2030-Jul-15,2030-07-15,climate,future,GISS-E2-1-G,SSP245,0.1006674585391787,0.10816513078714449,0.7514396075736391
644,GISS-E2-1-G_SSP245_2030_08,2030,August,2030-Aug-15,2030-08-15,climate,future,GISS-E2-1-G,SSP245,0.06766981688669309,0.07250108031031235,0.6044574515983792
645,GISS-E2-1-G_SSP245_2030_09,2030,September,2030-Sep-15,2030-09-15,climate,future,GISS-E2-1-G,SSP245,0.0593076454423305,0.06346319488719403,0.5934263845114813
646,GISS-E2-1-G_SSP245_2030_10,2030,October,2030-Oct-15,2030-10-15,climate,future,GISS-E2-1-G,SSP245,0.05289072440290296,0.05652774786914517,0.5724898694281855
647,GISS-E2-1-G_SSP245_2030_11,2030,November,2030-Nov-15,2030-11-15,climate,future,GISS-E2-1-G,SSP245,0.048120708889344166,0.05137228627959837,0.48906372188914427
648,GISS-E2-1-G_SSP245_2030_12,2030,December,2030-Dec-15,2030-12-15,climate,future,GISS-E2-1-G,SSP245,0.06614061450065009,0.07084830914947984,0.5195502263086803
649,GISS-E2-1-G_SSP245_2050_01,2050,January,2050-Jan-15,2050-01-15,climate,future,GISS-E2-1-G,SSP245,0.10509620375855167,0.11295174534851243,0.6525036138297116
650,GISS-E2-1-G_SSP245_2050_02,2050,February,2050-Feb-15,2050-02-15,climate,future,GISS-E2-1-G,SSP245,0.09164986668267197,0.09841886301985897,0.702267826251807
651,GISS-E2-1-G_SSP245_2050_03,2050,March,2050-Mar-15,2050-03-15,climate,future,GISS-E2-1-G,SSP245,0.0604005457298482,0.06464440814812454,0.5854048674139197
652,GISS-E2-1-G_SSP245_2050_04,2050,April,2050-Apr-15,2050-04-15,climate,future,GISS-E2-1-G,SSP245,0.06399463287571962,0.06852891922290774,0.5640299533164292
653,GISS-E2-1-G_SSP245_2050_05,2050,May,2050-May-15,2050-05-15,climate,future,GISS-E2-1-G,SSP245,0.10681223787824454,0.11480644537449172,0.7658001374440153
654,GISS-E2-1-G_SSP245_2050_06,2050,June,2050-Jun-15,2050-06-15,climate,future,GISS-E2-1-G,SSP245,0.1575251436874215,0.16961726034149022,0.8939903789189317
655,GISS-E2-1-G_SSP245_2050_07,2050,July,2050-Jul-15,2050-07-15,climate,future,GISS-E2-1-G,SSP245,0.09362670470039444,0.10055544145436317,0.72626128581246
656,GISS-E2-1-G_SSP245_2050_08,2050,August,2050-Aug-15,2050-08-15,climate,future,GISS-E2-1-G,SSP245,0.06442747197178529,0.06899673433791217,0.5789592170430579
657,GISS-E2-1-G_SSP245_2050_09,2050,September,2050-Sep-15,2050-09-15,climate,future,GISS-E2-1-G,SSP245,0.05665710908479184,0.060598479196831395,0.5643143202445555
658,GISS-E2-1-G_SSP245_2050_10,2050,October,2050-Oct-15,2050-10-15,climate,future,GISS-E2-1-G,SSP245,0.05061609709954109,0.05406931692851976,0.5438754472854807
659,GISS-E2-1-G_SSP245_2050_11,2050,November,2050-Nov-15,2050-11-15,climate,future,GISS-E2-1-G,SSP245,0.04905846916532321,0.05238582326381662,0.4576885708192137
660,GISS-E2-1-G_SSP245_2050_12,2050,December,2050-Dec-15,2050-12-15,climate,future,GISS-E2-1-G,SSP245,0.06785867981468434,0.07270520449962267,0.5087916775279036
661,GISS-E2-1-G_SSP245_2070_01,2070,January,2070-Jan-15,2070-01-15,climate,future,GISS-E2-1-G,SSP245,0.104754013519733,0.11258190407377297,0.6503945591127752
662,GISS-E2-1-G_SSP245_2070_02,2070,February,2070-Feb-15,2070-02-15,climate,future,GISS-E2-1-G,SSP245,0.09288785616386366,0.09975688954056294,0.7000995284248442
663,GISS-E2-1-G_SSP245_2070_03,2070,March,2070-Mar-15,2070-03-15,climate,future,GISS-E2-1-G,SSP245,0.06246407886018018,0.06687468721672159,0.5918386691627764
664,GISS-E2-1-G_SSP245_2070_04,2070,April,2070-Apr-15,2070-04-15,climate,future,GISS-E2-1-G,SSP245,0.0655880093775094,0.07025105017617052,0.5711509751415911
665,GISS-E2-1-G_SSP245_2070_05,2070,May,2070-May-15,2070-05-15,climate,future,GISS-E2-1-G,SSP245,0.10700103273103355,0.11501049601247364,0.7631105002488211
666,GISS-E2-1-G_SSP245_2070_06,2070,June,2070-Jun-15,2070-06-15,climate,future,GISS-E2-1-G,SSP245,0.15677836092646286,0.16881013304488815,0.8934453423066897
667,GISS-E2-1-G_SSP245_2070_07,2070,July,2070-Jul-15,2070-07-15,climate,future,GISS-E2-1-G,SSP245,0.09319212896207653,0.10008574937303691,0.7248276025498235
668,GISS-E2-1-G_SSP245_2070_08,2070,August,2070-Aug-15,2070-08-15,climate,future,GISS-E2-1-G,SSP245,0.0634344092608713,0.0679234261637881,0.5698831725870281
669,GISS-E2-1-G_SSP245_2070_09,2070,September,2070-Sep-15,2070-09-15,climate,future,GISS-E2-1-G,SSP245,0.055766122181236624,0.05963549517267924,0.5528330055214579
670,GISS-E2-1-G_SSP245_2070_10,2070,October,2070-Oct-15,2070-10-15,climate,future,GISS-E2-1-G,SSP245,0.049747251263557245,0.05313026311429745,0.5317069124860778
671,GISS-E2-1-G_SSP245_2070_11,2070,November,2070-Nov-15,2070-11-15,climate,future,GISS-E2-1-G,SSP245,0.05036395161834785,0.05379679658042356,0.4551529657100879
672,GISS-E2-1-G_SSP245_2070_12,2070,December,2070-Dec-15,2070-12-15,climate,future,GISS-E2-1-G,SSP245,0.06892825309655494,0.07386120576180208,0.5064811962368777
673,GISS-E2-1-G_SSP370_2030_01,2030,January,2030-Jan-15,2030-01-15,climate,future,GISS-E2-1-G,SSP370,0.10478990730644615,0.1126206983094549,0.6624920021801465
674,GISS-E2-1-G_SSP370_2030_02,2030,February,2030-Feb-15,2030-02-15,climate,future,GISS-E2-1-G,SSP370,0.09123560792108987,0.09797112966323221,0.7183582549349511
675,GISS-E2-1-G_SSP370_2030_03,2030,March,2030-Mar-15,2030-03-15,climate,future,GISS-E2-1-G,SSP370,0.05954017195561143,0.06371451096344667,0.601364961255006
676,GISS-E2-1-G_SSP370_2030_04,2030,April,2030-Apr-15,2030-04-15,climate,future,GISS-E2-1-G,SSP370,0.06125529733717522,0.0655682288314641,0.5650963292969028
677,GISS-E2-1-G_SSP370_2030_05,2030,May,2030-May-15,2030-05-15,climate,future,GISS-E2-1-G,SSP370,0.10556370847052698,0.11345702725331126,0.7674470959027465
678,GISS-E2-1-G_SSP370_2030_06,2030,June,2030-Jun-15,2030-06-15,climate,future,GISS-E2-1-G,SSP370,0.16409623788152786,0.17671933868843864,0.9000331761416147
679,GISS-E2-1-G_SSP370_2030_07,2030,July,2030-Jul-15,2030-07-15,climate,future,GISS-E2-1-G,SSP370,0.10036611371903191,0.1078394354765432,0.7524822863101022
680,GISS-E2-1-G_SSP370_2030_08,2030,August,2030-Aug-15,2030-08-15,climate,future,GISS-E2-1-G,SSP370,0.06717782581572018,0.071969333398518,0.6056897082869263
681,GISS-E2-1-G_SSP370_2030_09,2030,September,2030-Sep-15,2030-09-15,climate,future,GISS-E2-1-G,SSP370,0.058920335966974796,0.06304458847672702,0.5973482783952226
682,GISS-E2-1-G_SSP370_2030_10,2030,October,2030-Oct-15,2030-10-15,climate,future,GISS-E2-1-G,SSP370,0.052050712274633294,0.05561985769311821,0.5711628237635963
683,GISS-E2-1-G_SSP370_2030_11,2030,November,2030-Nov-15,2030-11-15,climate,future,GISS-E2-1-G,SSP370,0.04649885313672311,0.04961937479028965,0.47635015047749946
684,GISS-E2-1-G_SSP370_2030_12,2030,December,2030-Dec-15,2030-12-15,climate,future,GISS-E2-1-G,SSP370,0.06597184626611872,0.07066590341382789,0.5204625702030854
685,GISS-E2-1-G_SSP370_2050_01,2050,January,2050-Jan-15,2050-01-15,climate,future,GISS-E2-1-G,SSP370,0.10522777408657347,0.11309394735437221,0.6557264390151425
686,GISS-E2-1-G_SSP370_2050_02,2050,February,2050-Feb-15,2050-02-15,climate,future,GISS-E2-1-G,SSP370,0.09080389852153625,0.09750453551360004,0.6951705016706557
687,GISS-E2-1-G_SSP370_2050_03,2050,March,2050-Mar-15,2050-03-15,climate,future,GISS-E2-1-G,SSP370,0.06032600846190925,0.06456384781103151,0.5857958719400934
688,GISS-E2-1-G_SSP370_2050_04,2050,April,2050-Apr-15,2050-04-15,climate,future,GISS-E2-1-G,SSP370,0.06385070137786748,0.06837335717594946,0.5634019763501504
689,GISS-E2-1-G_SSP370_2050_05,2050,May,2050-May-15,2050-05-15,climate,future,GISS-E2-1-G,SSP370,0.10410055127462287,0.11187563814062311,0.7573283727102538
690,GISS-E2-1-G_SSP370_2050_06,2050,June,2050-Jun-15,2050-06-15,climate,future,GISS-E2-1-G,SSP370,0.1528822277509736,0.1645991687971755,0.8870589350458542
691,GISS-E2-1-G_SSP370_2050_07,2050,July,2050-Jul-15,2050-07-15,climate,future,GISS-E2-1-G,SSP370,0.09205926007652608,0.09886133787715466,0.7174696082845565
692,GISS-E2-1-G_SSP370_2050_08,2050,August,2050-Aug-15,2050-08-15,climate,future,GISS-E2-1-G,SSP370,0.06264701667912563,0.06707240750851137,0.5654754852010712
693,GISS-E2-1-G_SSP370_2050_09,2050,September,2050-Sep-15,2050-09-15,climate,future,GISS-E2-1-G,SSP370,0.055486335312631724,0.059333099839189316,0.5538993815019313
694,GISS-E2-1-G_SSP370_2050_10,2050,October,2050-Oct-15,2050-10-15,climate,future,GISS-E2-1-G,SSP370,0.049554590516560575,0.05292203421643821,0.5338278158250196
695,GISS-E2-1-G_SSP370_2050_11,2050,November,2050-Nov-15,2050-11-15,climate,future,GISS-E2-1-G,SSP370,0.04831183525071799,0.0515788568306878,0.44521197184767414
696,GISS-E2-1-G_SSP370_2050_12,2050,December,2050-Dec-15,2050-12-15,climate,future,GISS-E2-1-G,SSP370,0.06802534337557786,0.07288533548108135,0.5071684163131828
697,GISS-E2-1-G_SSP370_2070_01,2070,January,2070-Jan-15,2070-01-15,climate,future,GISS-E2-1-G,SSP370,0.1071791940856741,0.11520305390351958,0.6571719708997844
698,GISS-E2-1-G_SSP370_2070_02,2070,February,2070-Feb-15,2070-02-15,climate,future,GISS-E2-1-G,SSP370,0.09363922970072178,0.10056897859211,0.6910116353468092
699,GISS-E2-1-G_SSP370_2070_03,2070,March,2070-Mar-15,2070-03-15,climate,future,GISS-E2-1-G,SSP370,0.0636402119471311,0.06814585894112421,0.5967203014289438
700,GISS-E2-1-G_SSP370_2070_04,2070,April,2070-Apr-15,2070-04-15,climate,future,GISS-E2-1-G,SSP370,0.0668628189073004,0.07162887201957488,0.5792198867271736
701,GISS-E2-1-G_SSP370_2070_05,2070,May,2070-May-15,2070-05-15,climate,future,GISS-E2-1-G,SSP370,0.10618644167866796,0.1141300811071975,0.774058626981682
702,GISS-E2-1-G_SSP370_2070_06,2070,June,2070-Jun-15,2070-06-15,climate,future,GISS-E2-1-G,SSP370,0.15202934495668088,0.16367736793724372,0.8984810066589256
703,GISS-E2-1-G_SSP370_2070_07,2070,July,2070-Jul-15,2070-07-15,climate,future,GISS-E2-1-G,SSP370,0.08811328701448767,0.09459650634683879,0.7139268703049836
704,GISS-E2-1-G_SSP370_2070_08,2070,August,2070-Aug-15,2070-08-15,climate,future,GISS-E2-1-G,SSP370,0.060501000988344725,0.0647529808062811,0.5535083769757577
705,GISS-E2-1-G_SSP370_2070_09,2070,September,2070-Sep-15,2070-09-15,climate,future,GISS-E2-1-G,SSP370,0.05419872172376172,0.057941439279239934,0.5377615583307661
706,GISS-E2-1-G_SSP370_2070_10,2070,October,2070-Oct-15,2070-10-15,climate,future,GISS-E2-1-G,SSP370,0.04946866766892721,0.05282916827562526,0.5197753501267802
707,GISS-E2-1-G_SSP370_2070_11,2070,November,2070-Nov-15,2070-11-15,climate,future,GISS-E2-1-G,SSP370,0.05131692523306452,0.05482677622750161,0.44934714092751016
708,GISS-E2-1-G_SSP370_2070_12,2070,December,2070-Dec-15,2070-12-15,climate,future,GISS-E2-1-G,SSP370,0.07090100389868308,0.07599336675280927,0.5083532785137088
709,historical_climate_1985_01,1985,January,1985-Jan-15,1985-01-15,climate,historical,NA,NA,0.11620746127756662,0.12496085958226888,0.7017109410175597
710,historical_climate_1985_02,1985,February,1985-Feb-15,1985-02-15,climate,historical,NA,NA,0.10026353473908986,0.10772856749765868,0.7801606673143914
711,historical_climate_1985_03,1985,March,1985-Mar-15,1985-03-15,climate,historical,NA,NA,0.06414504189375901,0.06869148218845865,0.6955615061968293
712,historical_climate_1985_04,1985,April,1985-Apr-15,1985-04-15,climate,historical,NA,NA,0.06393099934453803,0.06846014371606812,0.6618640252138677
713,historical_climate_1985_05,1985,May,1985-May-15,1985-05-15,climate,historical,NA,NA,0.12340290786352803,0.13273774174304523,0.8189293585156047
714,historical_climate_1985_06,1985,June,1985-Jun-15,1985-06-15,climate,historical,NA,NA,0.19879028403862678,0.21421687336293516,0.929394061470651
715,historical_climate_1985_07,1985,July,1985-Jul-15,1985-07-15,climate,historical,NA,NA,0.1271430125617651,0.13678006949751068,0.84756747790232
716,historical_climate_1985_08,1985,August,1985-Aug-15,1985-08-15,climate,historical,NA,NA,0.08707171542946372,0.09347076946843974,0.7373515960093842
717,historical_climate_1985_09,1985,September,1985-Sep-15,1985-09-15,climate,historical,NA,NA,0.07642780157095358,0.08196676307902424,0.7224697267707766
718,historical_climate_1985_10,1985,October,1985-Oct-15,1985-10-15,climate,historical,NA,NA,0.06855008809647686,0.07345248276363663,0.7011066612952913
719,historical_climate_1985_11,1985,November,1985-Nov-15,1985-11-15,climate,historical,NA,NA,0.0532430789971194,0.056908574844231244,0.5920756416028816
720,historical_climate_1985_12,1985,December,1985-Dec-15,1985-12-15,climate,historical,NA,NA,0.0742169830412878,0.07957729705303017,0.5693381359747861
721,INM-CM5-0_SSP126_2030_01,2030,January,2030-Jan-15,2030-01-15,climate,future,INM-CM5-0,SSP126,0.10802312805804092,0.11611518279830113,0.6718168676982866
722,INM-CM5-0_SSP126_2030_02,2030,February,2030-Feb-15,2030-02-15,climate,future,INM-CM5-0,SSP126,0.09318649727090982,0.100079662630395,0.7299580558781014
723,INM-CM5-0_SSP126_2030_03,2030,March,2030-Mar-15,2030-03-15,climate,future,INM-CM5-0,SSP126,0.06180707712405558,0.06616459575073844,0.6301808099718003
724,INM-CM5-0_SSP126_2030_04,2030,April,2030-Apr-15,2030-04-15,climate,future,INM-CM5-0,SSP126,0.061971273471592765,0.06634206015037479,0.5853337756818882
725,INM-CM5-0_SSP126_2030_05,2030,May,2030-May-15,2030-05-15,climate,future,INM-CM5-0,SSP126,0.10758157245042005,0.11563794684106206,0.7647811559515628
726,INM-CM5-0_SSP126_2030_06,2030,June,2030-Jun-15,2030-06-15,climate,future,INM-CM5-0,SSP126,0.1717031144880283,0.18494089687776508,0.8993222588212991
727,INM-CM5-0_SSP126_2030_07,2030,July,2030-Jul-15,2030-07-15,climate,future,INM-CM5-0,SSP126,0.11066096282807025,0.11896617061835711,0.7861679186710585
728,INM-CM5-0_SSP126_2030_08,2030,August,2030-Aug-15,2030-08-15,climate,future,INM-CM5-0,SSP126,0.07203273173573373,0.07721654504484853,0.6404891111163772
729,INM-CM5-0_SSP126_2030_09,2030,September,2030-Sep-15,2030-09-15,climate,future,INM-CM5-0,SSP126,0.06274529239694022,0.06717862448435977,0.6359273916443517
730,INM-CM5-0_SSP126_2030_10,2030,October,2030-Oct-15,2030-10-15,climate,future,INM-CM5-0,SSP126,0.05399864689428469,0.057725197187162104,0.5894333988957084
731,INM-CM5-0_SSP126_2030_11,2030,November,2030-Nov-15,2030-11-15,climate,future,INM-CM5-0,SSP126,0.04579625345891724,0.048860000801939814,0.47389748572241047
732,INM-CM5-0_SSP126_2030_12,2030,December,2030-Dec-15,2030-12-15,climate,future,INM-CM5-0,SSP126,0.0670978733572554,0.07188292028294285,0.5268252802199104
733,INM-CM5-0_SSP126_2050_01,2050,January,2050-Jan-15,2050-01-15,climate,future,INM-CM5-0,SSP126,0.10265516972931085,0.11031346101438515,0.6553472831109742
734,INM-CM5-0_SSP126_2050_02,2050,February,2050-Feb-15,2050-02-15,climate,future,INM-CM5-0,SSP126,0.09037930654003122,0.09704563393510925,0.7255740657361549
735,INM-CM5-0_SSP126_2050_03,2050,March,2050-Mar-15,2050-03-15,climate,future,INM-CM5-0,SSP126,0.059378370142296036,0.06353963456575532,0.6095168131946255
736,INM-CM5-0_SSP126_2050_04,2050,April,2050-Apr-15,2050-04-15,climate,future,INM-CM5-0,SSP126,0.05979579497283125,0.06399078985108714,0.5619919903315245
737,INM-CM5-0_SSP126_2050_05,2050,May,2050-May-15,2050-05-15,climate,future,INM-CM5-0,SSP126,0.10515622800313318,0.1130166199118891,0.7512144837555392
738,INM-CM5-0_SSP126_2050_06,2050,June,2050-Jun-15,2050-06-15,climate,future,INM-CM5-0,SSP126,0.1699553454678506,0.18305189749908315,0.8968695940662101
739,INM-CM5-0_SSP126_2050_07,2050,July,2050-Jul-15,2050-07-15,climate,future,INM-CM5-0,SSP126,0.11240271829341797,0.12084867040675347,0.7850896940685799
740,INM-CM5-0_SSP126_2050_08,2050,August,2050-Aug-15,2050-08-15,climate,future,INM-CM5-0,SSP126,0.07319638154377245,0.07847422478322898,0.6412000284366928
741,INM-CM5-0_SSP126_2050_09,2050,September,2050-Sep-15,2050-09-15,climate,future,INM-CM5-0,SSP126,0.061633558471088895,0.06597705574738595,0.6230834853906491
742,INM-CM5-0_SSP126_2050_10,2050,October,2050-Oct-15,2050-10-15,climate,future,INM-CM5-0,SSP126,0.05519937646878003,0.05902295296691429,0.5954998933624019
743,INM-CM5-0_SSP126_2050_11,2050,November,2050-Nov-15,2050-11-15,climate,future,INM-CM5-0,SSP126,0.0468801442449778,0.05003147650512306,0.49677717481456907
744,INM-CM5-0_SSP126_2050_12,2050,December,2050-Dec-15,2050-12-15,climate,future,INM-CM5-0,SSP126,0.06292148699181101,0.06736905668422073,0.5092300765420982
745,INM-CM5-0_SSP126_2070_01,2070,January,2070-Jan-15,2070-01-15,climate,future,INM-CM5-0,SSP126,0.10387046617742268,0.11162696079641617,0.6512713571411645
746,INM-CM5-0_SSP126_2070_02,2070,February,2070-Feb-15,2070-02-15,climate,future,INM-CM5-0,SSP126,0.09157337276609975,0.09833618792836848,0.7269248086447546
747,INM-CM5-0_SSP126_2070_03,2070,March,2070-Mar-15,2070-03-15,climate,future,INM-CM5-0,SSP126,0.06222609501474968,0.06661747281027089,0.6207730040996232
748,INM-CM5-0_SSP126_2070_04,2070,April,2070-Apr-15,2070-04-15,climate,future,INM-CM5-0,SSP126,0.063863991277868,0.06838772099765157,0.5887698760634138
749,INM-CM5-0_SSP126_2070_05,2070,May,2070-May-15,2070-05-15,climate,future,INM-CM5-0,SSP126,0.10915722211078631,0.1173409185377547,0.7674352472807412
750,INM-CM5-0_SSP126_2070_06,2070,June,2070-Jun-15,2070-06-15,climate,future,INM-CM5-0,SSP126,0.16877558426259917,0.18177680450838526,0.8936112230147634
751,INM-CM5-0_SSP126_2070_07,2070,July,2070-Jul-15,2070-07-15,climate,future,INM-CM5-0,SSP126,0.11035784263162128,0.1186385564380932,0.7821038413232541
752,INM-CM5-0_SSP126_2070_08,2070,August,2070-Aug-15,2070-08-15,climate,future,INM-CM5-0,SSP126,0.07250233029479644,0.07772408999561772,0.6411763311926822
753,INM-CM5-0_SSP126_2070_09,2070,September,2070-Sep-15,2070-09-15,climate,future,INM-CM5-0,SSP126,0.06161463481630911,0.06595660295557455,0.6267091637242589
754,INM-CM5-0_SSP126_2070_10,2070,October,2070-Oct-15,2070-10-15,climate,future,INM-CM5-0,SSP126,0.055861383617205364,0.05973845428644397,0.6052987037607527
755,INM-CM5-0_SSP126_2070_11,2070,November,2070-Nov-15,2070-11-15,climate,future,INM-CM5-0,SSP126,0.045563234336178614,0.048608152348607936,0.4793123059788147
756,INM-CM5-0_SSP126_2070_12,2070,December,2070-Dec-15,2070-12-15,climate,future,INM-CM5-0,SSP126,0.06201038971571914,0.06638433724468519,0.4974880921348847
757,INM-CM5-0_SSP245_2030_01,2030,January,2030-Jan-15,2030-01-15,climate,future,INM-CM5-0,SSP245,0.10552242714513119,0.11341241016209345,0.6748619635536387
758,INM-CM5-0_SSP245_2030_02,2030,February,2030-Feb-15,2030-02-15,climate,future,INM-CM5-0,SSP245,0.09254888949477505,0.09939053231412232,0.7400412332045783
759,INM-CM5-0_SSP245_2030_03,2030,March,2030-Mar-15,2030-03-15,climate,future,INM-CM5-0,SSP245,0.0599588662193139,0.06416703824353934,0.6162942249816347
760,INM-CM5-0_SSP245_2030_04,2030,April,2030-Apr-15,2030-04-15,climate,future,INM-CM5-0,SSP245,0.06261993235481156,0.06704313458200199,0.5844806748975094
761,INM-CM5-0_SSP245_2030_05,2030,May,2030-May-15,2030-05-15,climate,future,INM-CM5-0,SSP245,0.11171976768317082,0.1201105332499738,0.7709187421502879
762,INM-CM5-0_SSP245_2030_06,2030,June,2030-Jun-15,2030-06-15,climate,future,INM-CM5-0,SSP245,0.17179031917310364,0.18503514819778707,0.9023081115666248
763,INM-CM5-0_SSP245_2030_07,2030,July,2030-Jul-15,2030-07-15,climate,future,INM-CM5-0,SSP245,0.11358463157465984,0.12212608942961241,0.7862271617810849
764,INM-CM5-0_SSP245_2030_08,2030,August,2030-Aug-15,2030-08-15,climate,future,INM-CM5-0,SSP245,0.07338232946790234,0.07867519841535195,0.6405957487144245
765,INM-CM5-0_SSP245_2030_09,2030,September,2030-Sep-15,2030-09-15,climate,future,INM-CM5-0,SSP245,0.06275628490505514,0.06719050527157444,0.6323846536647788
766,INM-CM5-0_SSP245_2030_10,2030,October,2030-Oct-15,2030-10-15,climate,future,INM-CM5-0,SSP245,0.056175473091650295,0.06007792410770681,0.6077869143818574
767,INM-CM5-0_SSP245_2030_11,2030,November,2030-Nov-15,2030-11-15,climate,future,INM-CM5-0,SSP245,0.04622805101399331,0.04932669023296514,0.47254674281381076
768,INM-CM5-0_SSP245_2030_12,2030,December,2030-Dec-15,2030-12-15,climate,future,INM-CM5-0,SSP245,0.06460065273326812,0.06918390916279259,0.5111850991729662
769,INM-CM5-0_SSP245_2050_01,2050,January,2050-Jan-15,2050-01-15,climate,future,INM-CM5-0,SSP245,0.10046011748272998,0.10794103531956008,0.6394108865138984
770,INM-CM5-0_SSP245_2050_02,2050,February,2050-Feb-15,2050-02-15,climate,future,INM-CM5-0,SSP245,0.08946716531822672,0.09605978615162801,0.7092466646129055
771,INM-CM5-0_SSP245_2050_03,2050,March,2050-Mar-15,2050-03-15,climate,future,INM-CM5-0,SSP245,0.06274950162486252,0.0671831738429537,0.6139600464465983
772,INM-CM5-0_SSP245_2050_04,2050,April,2050-Apr-15,2050-04-15,climate,future,INM-CM5-0,SSP245,0.06493049117467334,0.06954040051961136,0.5851205004857934
773,INM-CM5-0_SSP245_2050_05,2050,May,2050-May-15,2050-05-15,climate,future,INM-CM5-0,SSP245,0.11011474087734427,0.1183758105709489,0.7697220313277566
774,INM-CM5-0_SSP245_2050_06,2050,June,2050-Jun-15,2050-06-15,climate,future,INM-CM5-0,SSP245,0.16581412507161736,0.17857604154519854,0.8947842365932842
775,INM-CM5-0_SSP245_2050_07,2050,July,2050-Jul-15,2050-07-15,climate,future,INM-CM5-0,SSP245,0.10591649539298521,0.11383832152169682,0.7643190596933577
776,INM-CM5-0_SSP245_2050_08,2050,August,2050-Aug-15,2050-08-15,climate,future,INM-CM5-0,SSP245,0.07034628542300839,0.0753938236846987,0.6178582430863291
777,INM-CM5-0_SSP245_2050_09,2050,September,2050-Sep-15,2050-09-15,climate,future,INM-CM5-0,SSP245,0.060137975260122045,0.06436062036261521,0.6016256309391218
778,INM-CM5-0_SSP245_2050_10,2050,October,2050-Oct-15,2050-10-15,climate,future,INM-CM5-0,SSP245,0.05456059447238591,0.0583325535292679,0.5873598900447878
779,INM-CM5-0_SSP245_2050_11,2050,November,2050-Nov-15,2050-11-15,climate,future,INM-CM5-0,SSP245,0.047350161675720516,0.05053947419519644,0.489276997085239
780,INM-CM5-0_SSP245_2050_12,2050,December,2050-Dec-15,2050-12-15,climate,future,INM-CM5-0,SSP245,0.06289314685403127,0.06733842648766684,0.49656389961847436
781,INM-CM5-0_SSP245_2070_01,2070,January,2070-Jan-15,2070-01-15,climate,future,INM-CM5-0,SSP245,0.10221209097223266,0.10983457881861841,0.6480603805777388
782,INM-CM5-0_SSP245_2070_02,2070,February,2070-Feb-15,2070-02-15,climate,future,INM-CM5-0,SSP245,0.09395444779396735,0.10090966819267659,0.73056233560036965
783,INM-CM5-0_SSP245_2070_03,2070,March,2070-Mar-15,2070-03-15,climate,future,INM-CM5-0,SSP245,0.06336928029634277,0.06785303437126435,0.6091495059124624
784,INM-CM5-0_SSP245_2070_04,2070,April,2070-Apr-15,2070-04-15,climate,future,INM-CM5-0,SSP245,0.0642036316430061,0.068754806362615,0.5721344107680276
785,INM-CM5-0_SSP245_2070_05,2070,May,2070-May-15,2070-05-15,climate,future,INM-CM5-0,SSP245,0.10772960326092998,0.11579793945597658,0.7582881110926799
786,INM-CM5-0_SSP245_2070_06,2070,June,2070-Jun-15,2070-06-15,climate,future,INM-CM5-0,SSP245,0.16531963487544804,0.17804159352218077,0.8900566364131851
787,INM-CM5-0_SSP245_2070_07,2070,July,2070-Jul-15,2070-07-15,climate,future,INM-CM5-0,SSP245,0.10585354613863453,0.11377028557474993,0.7600061612834428
788,INM-CM5-0_SSP245_2070_08,2070,August,2070-Aug-15,2070-08-15,climate,future,INM-CM5-0,SSP245,0.06934463610007624,0.07431123501805881,0.6118865375956776
789,INM-CM5-0_SSP245_2070_09,2070,September,2070-Sep-15,2070-09-15,climate,future,INM-CM5-0,SSP245,0.059056544854614465,0.06319180385326821,0.5907604445602976
790,INM-CM5-0_SSP245_2070_10,2070,October,2070-Oct-15,2070-10-15,climate,future,INM-CM5-0,SSP245,0.05331023180410476,0.056981153989422995,0.5731533922604801
791,INM-CM5-0_SSP245_2070_11,2070,November,2070-Nov-15,2070-11-15,climate,future,INM-CM5-0,SSP245,0.04654791219310344,0.049672398122061506,0.46178819403303395
792,INM-CM5-0_SSP245_2070_12,2070,December,2070-Dec-15,2070-12-15,climate,future,INM-CM5-0,SSP245,0.06252034566250397,0.0669355006685544,0.4848930069432925
793,INM-CM5-0_SSP370_2030_01,2030,January,2030-Jan-15,2030-01-15,climate,future,INM-CM5-0,SSP370,0.10214834956891837,0.10976568672377303,0.6537832650062798
794,INM-CM5-0_SSP370_2030_02,2030,February,2030-Feb-15,2030-02-15,climate,future,INM-CM5-0,SSP370,0.08841075425368468,0.0949180107195548,0.7190573236332615
795,INM-CM5-0_SSP370_2030_03,2030,March,2030-Mar-15,2030-03-15,climate,future,INM-CM5-0,SSP370,0.05992745660970543,0.06413309055172631,0.6228583615725491
796,INM-CM5-0_SSP370_2030_04,2030,April,2030-Apr-15,2030-04-15,climate,future,INM-CM5-0,SSP370,0.06060592884102004,0.0648663874262963,0.5716012227777909
797,INM-CM5-0_SSP370_2030_05,2030,May,2030-May-15,2030-05-15,climate,future,INM-CM5-0,SSP370,0.10558201236002689,0.1134768102251035,0.7537145429986493
798,INM-CM5-0_SSP370_2030_06,2030,June,2030-Jun-15,2030-06-15,climate,future,INM-CM5-0,SSP370,0.17239733111415137,0.18569121041181577,0.9024265977866774
799,INM-CM5-0_SSP370_2030_07,2030,July,2030-Jul-15,2030-07-15,climate,future,INM-CM5-0,SSP370,0.11278034436010337,0.12125681092744331,0.7898054456266737
800,INM-CM5-0_SSP370_2030_08,2030,August,2030-Aug-15,2030-08-15,climate,future,INM-CM5-0,SSP370,0.07351513283902845,0.07881873310265931,0.6459039313727813
801,INM-CM5-0_SSP370_2030_09,2030,September,2030-Sep-15,2030-09-15,climate,future,INM-CM5-0,SSP370,0.06267512994452804,0.06710279250460606,0.6338183369274153
802,INM-CM5-0_SSP370_2030_10,2030,October,2030-Oct-15,2030-10-15,climate,future,INM-CM5-0,SSP370,0.056453069023799096,0.06037795145950007,0.6048603047465579
803,INM-CM5-0_SSP370_2030_11,2030,November,2030-Nov-15,2030-11-15,climate,future,INM-CM5-0,SSP370,0.04704400609448023,0.05020857939310826,0.5040759259698097
804,INM-CM5-0_SSP370_2030_12,2030,December,2030-Dec-15,2030-12-15,climate,future,INM-CM5-0,SSP370,0.06329799916394561,0.06777599331499577,0.5149885068366549
805,INM-CM5-0_SSP370_2050_01,2050,January,2050-Jan-15,2050-01-15,climate,future,INM-CM5-0,SSP370,0.10225393666458676,0.10987980590489009,0.6516505130453328
806,INM-CM5-0_SSP370_2050_02,2050,February,2050-Feb-15,2050-02-15,climate,future,INM-CM5-0,SSP370,0.08933372543915721,0.09591556354266656,0.7017464868835754
807,INM-CM5-0_SSP370_2050_03,2050,March,2050-Mar-15,2050-03-15,climate,future,INM-CM5-0,SSP370,0.062191948201063725,0.06658056674091721,0.6013294153889902
808,INM-CM5-0_SSP370_2050_04,2050,April,2050-Apr-15,2050-04-15,climate,future,INM-CM5-0,SSP370,0.06454611015479715,0.06912495920246757,0.5747174103651745
809,INM-CM5-0_SSP370_2050_05,2050,May,2050-May-15,2050-05-15,climate,future,INM-CM5-0,SSP370,0.1088029952663,0.11695806802232395,0.7622929453304581
810,INM-CM5-0_SSP370_2050_06,2050,June,2050-Jun-15,2050-06-15,climate,future,INM-CM5-0,SSP370,0.16447765100776038,0.17713157227336374,0.8900329391691746
811,INM-CM5-0_SSP370_2050_07,2050,July,2050-Jul-15,2050-07-15,climate,future,INM-CM5-0,SSP370,0.1035628195012242,0.11129445438351902,0.7541410933908387
812,INM-CM5-0_SSP370_2050_08,2050,August,2050-Aug-15,2050-08-15,climate,future,INM-CM5-0,SSP370,0.06785773138909089,0.07270417943617094,0.6053224010047632
813,INM-CM5-0_SSP370_2050_09,2050,September,2050-Sep-15,2050-09-15,climate,future,INM-CM5-0,SSP370,0.05842022127332714,0.06250406148795444,0.5877982890589825
814,INM-CM5-0_SSP370_2050_10,2050,October,2050-Oct-15,2050-10-15,climate,future,INM-CM5-0,SSP370,0.0515536865561423,0.055082669274413666,0.5613521647432403
815,INM-CM5-0_SSP370_2050_11,2050,November,2050-Nov-15,2050-11-15,climate,future,INM-CM5-0,SSP370,0.045950132922404845,0.04902631469070803,0.4415625962700538
816,INM-CM5-0_SSP370_2050_12,2050,December,2050-Dec-15,2050-12-15,climate,future,INM-CM5-0,SSP370,0.06435184194825888,0.06891499296301343,0.4925353681366857
817,INM-CM5-0_SSP370_2070_01,2070,January,2070-Jan-15,2070-01-15,climate,future,INM-CM5-0,SSP370,0.10568253903279483,0.11358546004199478,0.648344747505865
818,INM-CM5-0_SSP370_2070_02,2070,February,2070-Feb-15,2070-02-15,climate,future,INM-CM5-0,SSP370,0.093131755160456,0.100020496990199,0.707090215407948
819,INM-CM5-0_SSP370_2070_03,2070,March,2070-Mar-15,2070-03-15,climate,future,INM-CM5-0,SSP370,0.06641322174197467,0.07114294469704763,0.6162705277376241
820,INM-CM5-0_SSP370_2070_04,2070,April,2070-Apr-15,2070-04-15,climate,future,INM-CM5-0,SSP370,0.06690602660794974,0.0716755711571223,0.5778809924405791
821,INM-CM5-0_SSP370_2070_05,2070,May,2070-May-15,2070-05-15,climate,future,INM-CM5-0,SSP370,0.10672335681235831,0.1147103822075951,0.7426242328017252
822,INM-CM5-0_SSP370_2070_06,2070,June,2070-Jun-15,2070-06-15,climate,future,INM-CM5-0,SSP370,0.16137266570508907,0.17377568541444705,0.8874262423280173
823,INM-CM5-0_SSP370_2070_07,2070,July,2070-Jul-15,2070-07-15,climate,future,INM-CM5-0,SSP370,0.10368239461306404,0.11142369188577785,0.7506457498992867
824,INM-CM5-0_SSP370_2070_08,2070,August,2070-Aug-15,2070-08-15,climate,future,INM-CM5-0,SSP370,0.06687661931905654,0.07164378757814904,0.5865897296144459
825,INM-CM5-0_SSP370_2070_09,2070,September,2070-Sep-15,2070-09-15,climate,future,INM-CM5-0,SSP370,0.05715770024341295,0.06113952112558717,0.5655465769331027
826,INM-CM5-0_SSP370_2070_10,2070,October,2070-Oct-15,2070-10-15,climate,future,INM-CM5-0,SSP370,0.050618989662851874,0.054072443234950564,0.5380577738808977
827,INM-CM5-0_SSP370_2070_11,2070,November,2070-Nov-15,2070-11-15,climate,future,INM-CM5-0,SSP370,0.04803912878649509,0.05128411401971433,0.4298087632408351
828,INM-CM5-0_SSP370_2070_12,2070,December,2070-Dec-15,2070-12-15,climate,future,INM-CM5-0,SSP370,0.06672681643247079,0.07148187972444425,0.48556837839759237
829,IPSL-CM6A-LR_SSP126_2030_01,2030,January,2030-Jan-15,2030-01-15,climate,future,IPSL-CM6A-LR,SSP126,0.10254321399832589,0.11019245859179617,0.6485461740799545
830,IPSL-CM6A-LR_SSP126_2030_02,2030,February,2030-Feb-15,2030-02-15,climate,future,IPSL-CM6A-LR,SSP126,0.09194363590487287,0.09873637056395079,0.7177895210786985
831,IPSL-CM6A-LR_SSP126_2030_03,2030,March,2030-Mar-15,2030-03-15,climate,future,IPSL-CM6A-LR,SSP126,0.062069665402856924,0.06644840276939176,0.6100263039408517
832,IPSL-CM6A-LR_SSP126_2030_04,2030,April,2030-Apr-15,2030-04-15,climate,future,IPSL-CM6A-LR,SSP126,0.06326830704002183,0.06774390186562168,0.5783667859427949
833,IPSL-CM6A-LR_SSP126_2030_05,2030,May,2030-May-15,2030-05-15,climate,future,IPSL-CM6A-LR,SSP126,0.1108605959138084,0.11918193522995547,0.7729330078911822
834,IPSL-CM6A-LR_SSP126_2030_06,2030,June,2030-Jun-15,2030-06-15,climate,future,IPSL-CM6A-LR,SSP126,0.17156001612960384,0.184786235305245,0.9052821156899452
835,IPSL-CM6A-LR_SSP126_2030_07,2030,July,2030-Jul-15,2030-07-15,climate,future,IPSL-CM6A-LR,SSP126,0.10468756446748208,0.11251008554920336,0.7639043579231736
836,IPSL-CM6A-LR_SSP126_2030_08,2030,August,2030-Aug-15,2030-08-15,climate,future,IPSL-CM6A-LR,SSP126,0.06829170035822685,0.07317321572053585,0.6166970781298134
837,IPSL-CM6A-LR_SSP126_2030_09,2030,September,2030-Sep-15,2030-09-15,climate,future,IPSL-CM6A-LR,SSP126,0.05922891757194966,0.06337810532510202,0.6020758785753217
838,IPSL-CM6A-LR_SSP126_2030_10,2030,October,2030-Oct-15,2030-10-15,climate,future,IPSL-CM6A-LR,SSP126,0.05427826692454665,0.05802741220621727,0.588686935709377
839,IPSL-CM6A-LR_SSP126_2030_11,2030,November,2030-Nov-15,2030-11-15,climate,future,IPSL-CM6A-LR,SSP126,0.04801945954821833,0.05126285538678092,0.48657551126803955
840,IPSL-CM6A-LR_SSP126_2030_12,2030,December,2030-Dec-15,2030-12-15,climate,future,IPSL-CM6A-LR,SSP126,0.06362592870583057,0.06813042154369865,0.5073224483992511
841,IPSL-CM6A-LR_SSP126_2050_01,2050,January,2050-Jan-15,2050-01-15,climate,future,IPSL-CM6A-LR,SSP126,0.10273413532898747,0.11039880752730911,0.644979738856371
842,IPSL-CM6A-LR_SSP126_2050_02,2050,February,2050-Feb-15,2050-02-15,climate,future,IPSL-CM6A-LR,SSP126,0.09250648850419939,0.09934470503303976,0.7095310315410318
843,IPSL-CM6A-LR_SSP126_2050_03,2050,March,2050-Mar-15,2050-03-15,climate,future,IPSL-CM6A-LR,SSP126,0.06189141885463473,0.06625575280657107,0.5864238489063722
844,IPSL-CM6A-LR_SSP126_2050_04,2050,April,2050-Apr-15,2050-04-15,climate,future,IPSL-CM6A-LR,SSP126,0.06212232669551422,0.06650531940931811,0.5693973790848125
845,IPSL-CM6A-LR_SSP126_2050_05,2050,May,2050-May-15,2050-05-15,climate,future,IPSL-CM6A-LR,SSP126,0.11525731794348079,0.12393393895017307,0.7800303324723334
846,IPSL-CM6A-LR_SSP126_2050_06,2050,June,2050-Jun-15,2050-06-15,climate,future,IPSL-CM6A-LR,SSP126,0.17098329573118978,0.18416291237290702,0.9086945188274603
847,IPSL-CM6A-LR_SSP126_2050_07,2050,July,2050-Jul-15,2050-07-15,climate,future,IPSL-CM6A-LR,SSP126,0.10012822713105356,0.10758232619727283,0.7496504656508448
848,IPSL-CM6A-LR_SSP126_2050_08,2050,August,2050-Aug-15,2050-08-15,climate,future,IPSL-CM6A-LR,SSP126,0.06540822555940917,0.07005673875991315,0.5992440579160644
849,IPSL-CM6A-LR_SSP126_2050_09,2050,September,2050-Sep-15,2050-09-15,climate,future,IPSL-CM6A-LR,SSP126,0.05807431772898242,0.062130206842207415,0.5910092656224081
850,IPSL-CM6A-LR_SSP126_2050_10,2050,October,2050-Oct-15,2050-10-15,climate,future,IPSL-CM6A-LR,SSP126,0.05264125936726105,0.05625812455274777,0.5764473091779426
851,IPSL-CM6A-LR_SSP126_2050_11,2050,November,2050-Nov-15,2050-11-15,climate,future,IPSL-CM6A-LR,SSP126,0.04809711539377242,0.05134678628064494,0.47254674281381076
852,IPSL-CM6A-LR_SSP126_2050_12,2050,December,2050-Dec-15,2050-12-15,climate,future,IPSL-CM6A-LR,SSP126,0.06333752038744452,0.06781870809344279,0.4938505651792697
853,IPSL-CM6A-LR_SSP126_2070_01,2070,January,2070-Jan-15,2070-01-15,climate,future,IPSL-CM6A-LR,SSP126,0.10346457480398376,0.11118827092203869,0.6447427664162658
854,IPSL-CM6A-LR_SSP126_2070_02,2070,February,2070-Feb-15,2070-02-15,climate,future,IPSL-CM6A-LR,SSP126,0.09325098663066365,0.10014936309778424,0.7063556008436219
855,IPSL-CM6A-LR_SSP126_2070_03,2070,March,2070-Mar-15,2070-03-15,climate,future,IPSL-CM6A-LR,SSP126,0.06283612793131872,0.06727680008172841,0.5912936325505344
856,IPSL-CM6A-LR_SSP126_2070_04,2070,April,2070-Apr-15,2070-04-15,climate,future,IPSL-CM6A-LR,SSP126,0.06343889927075354,0.0679282789869817,0.5730823005284486
857,IPSL-CM6A-LR_SSP126_2070_05,2070,May,2070-May-15,2070-05-15,climate,future,IPSL-CM6A-LR,SSP126,0.11426808070341539,0.12286476538773575,0.7737861086755611
858,IPSL-CM6A-LR_SSP126_2070_06,2070,June,2070-Jun-15,2070-06-15,climate,future,IPSL-CM6A-LR,SSP126,0.17067528987270403,0.18383001777112057,0.9047963221877295
859,IPSL-CM6A-LR_SSP126_2070_07,2070,July,2070-Jul-15,2070-07-15,climate,future,IPSL-CM6A-LR,SSP126,0.10047267039691292,0.10795460255975173,0.7470911632977085
860,IPSL-CM6A-LR_SSP126_2070_08,2070,August,2070-Aug-15,2070-08-15,climate,future,IPSL-CM6A-LR,SSP126,0.06484656737930936,0.0694496951903703,0.5935211734875234
861,IPSL-CM6A-LR_SSP126_2070_09,2070,September,2070-Sep-15,2070-09-15,climate,future,IPSL-CM6A-LR,SSP126,0.0578224043116846,0.06185793729753608,0.5856062939880092
862,IPSL-CM6A-LR_SSP126_2070_10,2070,October,2070-Oct-15,2070-10-15,climate,future,IPSL-CM6A-LR,SSP126,0.05235670116018968,0.055950572326972536,0.5698950212090333
863,IPSL-CM6A-LR_SSP126_2070_11,2070,November,2070-Nov-15,2070-11-15,climate,future,IPSL-CM6A-LR,SSP126,0.048870706197201276,0.05218288791261607,0.47126709163724256
864,IPSL-CM6A-LR_SSP126_2070_12,2070,December,2070-Dec-15,2070-12-15,climate,future,IPSL-CM6A-LR,SSP126,0.06439328223820696,0.06895978188873128,0.49443114765752744
865,IPSL-CM6A-LR_SSP245_2030_01,2030,January,2030-Jan-15,2030-01-15,climate,future,IPSL-CM6A-LR,SSP245,0.10352099366037085,0.1112492487529975,0.6515794213133013
866,IPSL-CM6A-LR_SSP245_2030_02,2030,February,2030-Feb-15,2030-02-15,climate,future,IPSL-CM6A-LR,SSP245,0.09190081347687307,0.09869008782426979,0.7188321998151614
867,IPSL-CM6A-LR_SSP245_2030_03,2030,March,2030-Mar-15,2030-03-15,climate,future,IPSL-CM6A-LR,SSP245,0.0598861837096682,0.06408848254910252,0.5972534894191805
868,IPSL-CM6A-LR_SSP245_2030_04,2030,April,2030-Apr-15,2030-04-15,climate,future,IPSL-CM6A-LR,SSP245,0.06166811374446312,0.06601440329522788,0.5675726912960023
869,IPSL-CM6A-LR_SSP245_2030_05,2030,May,2030-May-15,2030-05-15,climate,future,IPSL-CM6A-LR,SSP245,0.11146164785225489,0.11983155578919018,0.7739164435176189
870,IPSL-CM6A-LR_SSP245_2030_06,2030,June,2030-Jun-15,2030-06-15,climate,future,IPSL-CM6A-LR,SSP245,0.17062599274379872,0.183776737151274,0.9034929737671509
871,IPSL-CM6A-LR_SSP245_2030_07,2030,July,2030-Jul-15,2030-07-15,climate,future,IPSL-CM6A-LR,SSP245,0.1033219081664408,0.1110340759506012,0.7592833953411219
872,IPSL-CM6A-LR_SSP245_2030_08,2030,August,2030-Aug-15,2030-08-15,climate,future,IPSL-CM6A-LR,SSP245,0.06769475305390309,0.0725280314658538,0.612313087987867
873,IPSL-CM6A-LR_SSP245_2030_09,2030,September,2030-Sep-15,2030-09-15,climate,future,IPSL-CM6A-LR,SSP245,0.05875731640826605,0.06286839594636055,0.6002511907865116
874,IPSL-CM6A-LR_SSP245_2030_10,2030,October,2030-Oct-15,2030-10-15,climate,future,IPSL-CM6A-LR,SSP245,0.05353282237183429,0.0572217312157653,0.585736628830067
875,IPSL-CM6A-LR_SSP245_2030_11,2030,November,2030-Nov-15,2030-11-15,climate,future,IPSL-CM6A-LR,SSP245,0.048080371699176915,0.05132868961456633,0.48749970378444984
876,IPSL-CM6A-LR_SSP245_2030_12,2030,December,2030-Dec-15,2030-12-15,climate,future,IPSL-CM6A-LR,SSP245,0.06391069394790318,0.06843819754393989,0.5055807009644778
877,IPSL-CM6A-LR_SSP245_2050_01,2050,January,2050-Jan-15,2050-01-15,climate,future,IPSL-CM6A-LR,SSP245,0.10288899351051654,0.11056617917021437,0.646839972511197
878,IPSL-CM6A-LR_SSP245_2050_02,2050,February,2050-Feb-15,2050-02-15,climate,future,IPSL-CM6A-LR,SSP245,0.09227420783412409,0.09909365468325457,0.7016753951515439
879,IPSL-CM6A-LR_SSP245_2050_03,2050,March,2050-Mar-15,2050-03-15,climate,future,IPSL-CM6A-LR,SSP245,0.06197251150988242,0.06634339824482298,0.5787577904689685
880,IPSL-CM6A-LR_SSP245_2050_04,2050,April,2050-Apr-15,2050-04-15,climate,future,IPSL-CM6A-LR,SSP245,0.06257726641743015,0.06699702099928173,0.5625844214317874
881,IPSL-CM6A-LR_SSP245_2050_05,2050,May,2050-May-15,2050-05-15,climate,future,IPSL-CM6A-LR,SSP245,0.11225955927241184,0.1206939432844207,0.7672101234626413
882,IPSL-CM6A-LR_SSP245_2050_06,2050,June,2050-Jun-15,2050-06-15,climate,future,IPSL-CM6A-LR,SSP245,0.1673070781836705,0.1801896342555096,0.9073674731628711
883,IPSL-CM6A-LR_SSP245_2050_07,2050,July,2050-Jul-15,2050-07-15,climate,future,IPSL-CM6A-LR,SSP245,0.09788312955265258,0.10515581117878375,0.7416289485532832
884,IPSL-CM6A-LR_SSP245_2050_08,2050,August,2050-Aug-15,2050-08-15,climate,future,IPSL-CM6A-LR,SSP245,0.0631907026322352,0.06766002658188947,0.5825375008886466
885,IPSL-CM6A-LR_SSP245_2050_09,2050,September,2050-Sep-15,2050-09-15,climate,future,IPSL-CM6A-LR,SSP245,0.05601440511435371,0.059903840862763874,0.5707481219934122
886,IPSL-CM6A-LR_SSP245_2050_10,2050,October,2050-Oct-15,2050-10-15,climate,future,IPSL-CM6A-LR,SSP245,0.050990910572492554,0.05447441761033391,0.5601791511647195
887,IPSL-CM6A-LR_SSP245_2050_11,2050,November,2050-Nov-15,2050-11-15,climate,future,IPSL-CM6A-LR,SSP245,0.04876909326336367,0.05207306403654204,0.4565511031067087
888,IPSL-CM6A-LR_SSP245_2050_12,2050,December,2050-Dec-15,2050-12-15,climate,future,IPSL-CM6A-LR,SSP245,0.06405706961543818,0.06859640120536321,0.4860660205218133
889,IPSL-CM6A-LR_SSP245_2070_01,2070,January,2070-Jan-15,2070-01-15,climate,future,IPSL-CM6A-LR,SSP245,0.10466563442018423,0.11248638340252745,0.6470295504632811
890,IPSL-CM6A-LR_SSP245_2070_02,2070,February,2070-Feb-15,2070-02-15,climate,future,IPSL-CM6A-LR,SSP245,0.09476554639184245,0.10178630844498428,0.7032512618782436
891,IPSL-CM6A-LR_SSP245_2070_03,2070,March,2070-Mar-15,2070-03-15,climate,future,IPSL-CM6A-LR,SSP245,0.0648846541067676,0.06949085955960675,0.5827507760847414
892,IPSL-CM6A-LR_SSP245_2070_04,2070,April,2070-Apr-15,2070-04-15,climate,future,IPSL-CM6A-LR,SSP245,0.0648710429336497,0.06947614851926365,0.5722884428540961
893,IPSL-CM6A-LR_SSP245_2070_05,2070,May,2070-May-15,2070-05-15,climate,future,IPSL-CM6A-LR,SSP245,0.11424623063205049,0.1228411496565196,0.7683120453091306
894,IPSL-CM6A-LR_SSP245_2070_06,2070,June,2070-Jun-15,2070-06-15,climate,future,IPSL-CM6A-LR,SSP245,0.16481351696622012,0.1774945782762641,0.9067631934406029
895,IPSL-CM6A-LR_SSP245_2070_07,2070,July,2070-Jul-15,2070-07-15,climate,future,IPSL-CM6A-LR,SSP245,0.09489041979500641,0.1019212723561767,0.7296736889499751
896,IPSL-CM6A-LR_SSP245_2070_08,2070,August,2070-Aug-15,2070-08-15,climate,future,IPSL-CM6A-LR,SSP245,0.060709433669702016,0.06497825608445834,0.561150738169151
897,IPSL-CM6A-LR_SSP245_2070_09,2070,September,2070-Sep-15,2070-09-15,climate,future,IPSL-CM6A-LR,SSP245,0.05453803581706596,0.058308172015669166,0.5528804000094789
898,IPSL-CM6A-LR_SSP245_2070_10,2070,October,2070-Oct-15,2070-10-15,climate,future,IPSL-CM6A-LR,SSP245,0.050213728734346846,0.05363443476490164,0.5461029882224697
899,IPSL-CM6A-LR_SSP245_2070_11,2070,November,2070-Nov-15,2070-11-15,climate,future,IPSL-CM6A-LR,SSP245,0.05027389160962282,0.05369945916668484,0.4451882746036636
900,IPSL-CM6A-LR_SSP245_2070_12,2070,December,2070-Dec-15,2070-12-15,climate,future,IPSL-CM6A-LR,SSP245,0.0653856031390264,0.07003228830432129,0.4842887272210242
901,IPSL-CM6A-LR_SSP370_2030_01,2030,January,2030-Jan-15,2030-01-15,climate,future,IPSL-CM6A-LR,SSP370,0.1024077556328699,0.11004605439096828,0.6536292329202114
902,IPSL-CM6A-LR_SSP370_2030_02,2030,February,2030-Feb-15,2030-02-15,climate,future,IPSL-CM6A-LR,SSP370,0.09047944465899158,0.09715386381819935,0.7112964762198156
903,IPSL-CM6A-LR_SSP370_2030_03,2030,March,2030-Mar-15,2030-03-15,climate,future,IPSL-CM6A-LR,SSP370,0.059694205669546675,0.06388099154178196,0.588686935709377
904,IPSL-CM6A-LR_SSP370_2030_04,2030,April,2030-Apr-15,2030-04-15,climate,future,IPSL-CM6A-LR,SSP370,0.06085164491343649,0.06513195885676876,0.5609611602170668
905,IPSL-CM6A-LR_SSP370_2030_05,2030,May,2030-May-15,2030-05-15,climate,future,IPSL-CM6A-LR,SSP370,0.1089888182345232,0.11715890657614535,0.7675537335007938
906,IPSL-CM6A-LR_SSP370_2030_06,2030,June,2030-Jun-15,2030-06-15,climate,future,IPSL-CM6A-LR,SSP370,0.16953504539507283,0.18259763470129423,0.9056968174601294
907,IPSL-CM6A-LR_SSP370_2030_07,2030,July,2030-Jul-15,2030-07-15,climate,future,IPSL-CM6A-LR,SSP370,0.10304602373677149,0.11073589840253598,0.7589990284129956
908,IPSL-CM6A-LR_SSP370_2030_08,2030,August,2030-Aug-15,2030-08-15,climate,future,IPSL-CM6A-LR,SSP370,0.06659928992061881,0.07134404830960739,0.6061636531671366
909,IPSL-CM6A-LR_SSP370_2030_09,2030,September,2030-Sep-15,2030-09-15,climate,future,IPSL-CM6A-LR,SSP370,0.057809673296862575,0.061844177542513465,0.5920163984928553
910,IPSL-CM6A-LR_SSP370_2030_10,2030,October,2030-Oct-15,2030-10-15,climate,future,IPSL-CM6A-LR,SSP370,0.052085305610429976,0.055657246364962235,0.5753335387094481
911,IPSL-CM6A-LR_SSP370_2030_11,2030,November,2030-Nov-15,2030-11-15,climate,future,IPSL-CM6A-LR,SSP370,0.047058898474374125,0.05022467516394788,0.47223867864167396
912,IPSL-CM6A-LR_SSP370_2030_12,2030,December,2030-Dec-15,2030-12-15,climate,future,IPSL-CM6A-LR,SSP370,0.06359037637637123,0.06809199638429252,0.5049764212422095
913,IPSL-CM6A-LR_SSP370_2050_01,2050,January,2050-Jan-15,2050-01-15,climate,future,IPSL-CM6A-LR,SSP370,0.10221063785918638,0.10983300827165554,0.6421479181971137
914,IPSL-CM6A-LR_SSP370_2050_02,2050,February,2050-Feb-15,2050-02-15,climate,future,IPSL-CM6A-LR,SSP370,0.09200896095567389,0.09880697427866345,0.7005616246830494
915,IPSL-CM6A-LR_SSP370_2050_03,2050,March,2050-Mar-15,2050-03-15,climate,future,IPSL-CM6A-LR,SSP370,0.06223144318589147,0.06662325317787442,0.5765894926420058
916,IPSL-CM6A-LR_SSP370_2050_04,2050,April,2050-Apr-15,2050-04-15,climate,future,IPSL-CM6A-LR,SSP370,0.06215894013920814,0.06654489142508276,0.5550605464584469
917,IPSL-CM6A-LR_SSP370_2050_05,2050,May,2050-May-15,2050-05-15,climate,future,IPSL-CM6A-LR,SSP370,0.10887820244699878,0.11703935237536252,0.7562264508637645
918,IPSL-CM6A-LR_SSP370_2050_06,2050,June,2050-Jun-15,2050-06-15,climate,future,IPSL-CM6A-LR,SSP370,0.16107666519016514,0.1734557662387431,0.9004834237778147
919,IPSL-CM6A-LR_SSP370_2050_07,2050,July,2050-Jul-15,2050-07-15,climate,future,IPSL-CM6A-LR,SSP370,0.09431484187450756,0.10129918428736596,0.7280504277352544
920,IPSL-CM6A-LR_SSP370_2050_08,2050,August,2050-Aug-15,2050-08-15,climate,future,IPSL-CM6A-LR,SSP370,0.06125280379474992,0.0655655338063948,0.5671461409038129
921,IPSL-CM6A-LR_SSP370_2050_09,2050,September,2050-Sep-15,2050-09-15,climate,future,IPSL-CM6A-LR,SSP370,0.05408004896711796,0.05781317705096126,0.551932510249058
922,IPSL-CM6A-LR_SSP370_2050_10,2050,October,2050-Oct-15,2050-10-15,climate,future,IPSL-CM6A-LR,SSP370,0.049384458655048175,0.05273815467617104,0.5409606862721865
923,IPSL-CM6A-LR_SSP370_2050_11,2050,November,2050-Nov-15,2050-11-15,climate,future,IPSL-CM6A-LR,SSP370,0.04882492030222565,0.05213340224219371,0.44459584350340053
924,IPSL-CM6A-LR_SSP370_2050_12,2050,December,2050-Dec-15,2050-12-15,climate,future,IPSL-CM6A-LR,SSP370,0.06489816975341019,0.06950546733529683,0.4828668925803929
925,IPSL-CM6A-LR_SSP370_2070_01,2070,January,2070-Jan-15,2070-01-15,climate,future,IPSL-CM6A-LR,SSP370,0.10571678171618527,0.1136224697657036,0.6476930732955757
926,IPSL-CM6A-LR_SSP370_2070_02,2070,February,2070-Feb-15,2070-02-15,climate,future,IPSL-CM6A-LR,SSP370,0.09770281819481513,0.10496092958176519,0.7138439299509467
927,IPSL-CM6A-LR_SSP370_2070_03,2070,March,2070-Mar-15,2070-03-15,climate,future,IPSL-CM6A-LR,SSP370,0.0667409056793607,0.07149710747811817,0.5879760183890613
928,IPSL-CM6A-LR_SSP370_2070_04,2070,April,2070-Apr-15,2070-04-15,climate,future,IPSL-CM6A-LR,SSP370,0.06498199518889244,0.06959606639632185,0.5720040759259698
929,IPSL-CM6A-LR_SSP370_2070_05,2070,May,2070-May-15,2070-05-15,climate,future,IPSL-CM6A-LR,SSP370,0.11266877818860167,0.12113622954273272,0.7720325126187825
930,IPSL-CM6A-LR_SSP370_2070_06,2070,June,2070-Jun-15,2070-06-15,climate,future,IPSL-CM6A-LR,SSP370,0.16005197352570813,0.17234827332250452,0.9071541979667764
931,IPSL-CM6A-LR_SSP370_2070_07,2070,July,2070-Jul-15,2070-07-15,climate,future,IPSL-CM6A-LR,SSP370,0.09152448595003787,0.09828335075262479,0.7206450389819664
932,IPSL-CM6A-LR_SSP370_2070_08,2070,August,2070-Aug-15,2070-08-15,climate,future,IPSL-CM6A-LR,SSP370,0.058847861445744755,0.06296625758209981,0.5501789141922795
933,IPSL-CM6A-LR_SSP370_2070_09,2070,September,2070-Sep-15,2070-09-15,climate,future,IPSL-CM6A-LR,SSP370,0.05277038468942023,0.05639768396179149,0.5318846418161568
934,IPSL-CM6A-LR_SSP370_2070_10,2070,October,2070-Oct-15,2070-10-15,climate,future,IPSL-CM6A-LR,SSP370,0.049496516349821364,0.05285926729409899,0.5282945093485628
935,IPSL-CM6A-LR_SSP370_2070_11,2070,November,2070-Nov-15,2070-11-15,climate,future,IPSL-CM6A-LR,SSP370,0.0515702290004903,0.05510054845791697,0.44857698049716815
936,IPSL-CM6A-LR_SSP370_2070_12,2070,December,2070-Dec-15,2070-12-15,climate,future,IPSL-CM6A-LR,SSP370,0.06626538292370508,0.0709831595995451,0.48726273134434467
937,MIROC6_SSP126_2030_01,2030,January,2030-Jan-15,2030-01-15,climate,future,MIROC6,SSP126,0.09954252339923023,0.10694929404245461,0.6603118557311785
938,MIROC6_SSP126_2030_02,2030,February,2030-Feb-15,2030-02-15,climate,future,MIROC6,SSP126,0.08660917282711852,0.09297085063765499,0.7139268703049836
939,MIROC6_SSP126_2030_03,2030,March,2030-Mar-15,2030-03-15,climate,future,MIROC6,SSP126,0.056635859138369715,0.06057551210490265,0.6043508140003317
940,MIROC6_SSP126_2030_04,2030,April,2030-Apr-15,2030-04-15,climate,future,MIROC6,SSP126,0.05928940027185931,0.06344347539352181,0.5687812507405389
941,MIROC6_SSP126_2030_05,2030,May,2030-May-15,2030-05-15,climate,future,MIROC6,SSP126,0.10463428617374047,0.11245250203407456,0.7694969075096566
942,MIROC6_SSP126_2030_06,2030,June,2030-Jun-15,2030-06-15,climate,future,MIROC6,SSP126,0.16316675314457146,0.17571474595460793,0.8958506125737576
943,MIROC6_SSP126_2030_07,2030,July,2030-Jul-15,2030-07-15,climate,future,MIROC6,SSP126,0.10211973463520879,0.10973475954089965,0.7604801061636531
944,MIROC6_SSP126_2030_08,2030,August,2030-Aug-15,2030-08-15,climate,future,MIROC6,SSP126,0.06856538744590761,0.07346901837825172,0.614943482073035
945,MIROC6_SSP126_2030_09,2030,September,2030-Sep-15,2030-09-15,climate,future,MIROC6,SSP126,0.0583665779002535,0.06244608341279615,0.6014360529870376
946,MIROC6_SSP126_2030_10,2030,October,2030-Oct-15,2030-10-15,climate,future,MIROC6,SSP126,0.052499695602091924,0.05610512156781498,0.5792791298372
947,MIROC6_SSP126_2030_11,2030,November,2030-Nov-15,2030-11-15,climate,future,MIROC6,SSP126,0.04631920084743924,0.0494252055030961,0.48614896087585013
948,MIROC6_SSP126_2030_12,2030,December,2030-Dec-15,2030-12-15,climate,future,MIROC6,SSP126,0.06334496482452139,0.06782675409735073,0.5289935780468732
949,MIROC6_SSP126_2050_01,2050,January,2050-Jan-15,2050-01-15,climate,future,MIROC6,SSP126,0.09809313566301267,0.10538278706213502,0.6502168297826962
950,MIROC6_SSP126_2050_02,2050,February,2050-Feb-15,2050-02-15,climate,future,MIROC6,SSP126,0.08646743004320752,0.092817654185122,0.7015569089314913
951,MIROC6_SSP126_2050_03,2050,March,2050-Mar-15,2050-03-15,climate,future,MIROC6,SSP126,0.05680693365908389,0.06076041049666902,0.5919216095168132
952,MIROC6_SSP126_2050_04,2050,April,2050-Apr-15,2050-04-15,climate,future,MIROC6,SSP126,0.06000522693985093,0.06421714519103676,0.5625607241877769
953,MIROC6_SSP126_2050_05,2050,May,2050-May-15,2050-05-15,climate,future,MIROC6,SSP126,0.10598200615479111,0.11390912593033753,0.7706580724661722
954,MIROC6_SSP126_2050_06,2050,June,2050-Jun-15,2050-06-15,climate,future,MIROC6,SSP126,0.16080564181596574,0.1731628425476952,0.8927225763643688
955,MIROC6_SSP126_2050_07,2050,July,2050-Jul-15,2050-07-15,climate,future,MIROC6,SSP126,0.0982130015076341,0.10551233878335281,0.7483945117182872
956,MIROC6_SSP126_2050_08,2050,August,2050-Aug-15,2050-08-15,climate,future,MIROC6,SSP126,0.0664041124745261,0.07113309935147305,0.5999905211023958
957,MIROC6_SSP126_2050_09,2050,September,2050-Sep-15,2050-09-15,climate,future,MIROC6,SSP126,0.056656605911502345,0.060597935366034916,0.5816844001042679
958,MIROC6_SSP126_2050_10,2050,October,2050-Oct-15,2050-10-15,climate,future,MIROC6,SSP126,0.0511433599397705,0.05463918580641907,0.563473068082182
959,MIROC6_SSP126_2050_11,2050,November,2050-Nov-15,2050-11-15,climate,future,MIROC6,SSP126,0.045718891128702394,0.048776387142007854,0.47254674281381076
960,MIROC6_SSP126_2050_12,2050,December,2050-Dec-15,2050-12-15,climate,future,MIROC6,SSP126,0.06224004776235604,0.06663255304933835,0.516990923955544
961,MIROC6_SSP126_2070_01,2070,January,2070-Jan-15,2070-01-15,climate,future,MIROC6,SSP126,0.098702696152848,0.10604160370526593,0.6498732197445437
962,MIROC6_SSP126_2070_02,2070,February,2070-Feb-15,2070-02-15,climate,future,MIROC6,SSP126,0.08701728140746517,0.09341193686643577,0.700952629209223
963,MIROC6_SSP126_2070_03,2070,March,2070-Mar-15,2070-03-15,climate,future,MIROC6,SSP126,0.05766638012267862,0.06168930542667953,0.5934026872674708
964,MIROC6_SSP126_2070_04,2070,April,2070-Apr-15,2070-04-15,climate,future,MIROC6,SSP126,0.06120734576769453,0.06551640248305698,0.5672646271238655
965,MIROC6_SSP126_2070_05,2070,May,2070-May-15,2070-05-15,climate,future,MIROC6,SSP126,0.10786059342780077,0.11593951439858942,0.7730514941112349
966,MIROC6_SSP126_2070_06,2070,June,2070-Jun-15,2070-06-15,climate,future,MIROC6,SSP126,0.16115224414387147,0.17353745248655988,0.8945354155311738
967,MIROC6_SSP126_2070_07,2070,July,2070-Jul-15,2070-07-15,climate,future,MIROC6,SSP126,0.09829199344414823,0.10559771373928703,0.7504680205692078
968,MIROC6_SSP126_2070_08,2070,August,2070-Aug-15,2070-08-15,climate,future,MIROC6,SSP126,0.0666891883580859,0.0714412110775715,0.6005829522026588
969,MIROC6_SSP126_2070_09,2070,September,2070-Sep-15,2070-09-15,climate,future,MIROC6,SSP126,0.0571365127195049,0.06111662153818068,0.5846110097395673
970,MIROC6_SSP126_2070_10,2070,October,2070-Oct-15,2070-10-15,climate,future,MIROC6,SSP126,0.05166682193973013,0.055204946688873234,0.5681532737742601
971,MIROC6_SSP126_2070_11,2070,November,2070-Nov-15,2070-11-15,climate,future,MIROC6,SSP126,0.04571262836264203,0.048769618294666084,0.4722031327756582
972,MIROC6_SSP126_2070_12,2070,December,2070-Dec-15,2070-12-15,climate,future,MIROC6,SSP126,0.062343724885030156,0.06674460788952365,0.5145856536884761
973,MIROC6_SSP245_2030_01,2030,January,2030-Jan-15,2030-01-15,climate,future,MIROC6,SSP245,0.09653848221159148,0.10370250819264432,0.6532619256380483
974,MIROC6_SSP245_2030_02,2030,February,2030-Feb-15,2030-02-15,climate,future,MIROC6,SSP245,0.0866757425569172,0.09304279960503269,0.7124813384203417
975,MIROC6_SSP245_2030_03,2030,March,2030-Mar-15,2030-03-15,climate,future,MIROC6,SSP245,0.05627712591422864,0.06018779107083523,0.6002985852745326
976,MIROC6_SSP245_2030_04,2030,April,2030-Apr-15,2030-04-15,climate,future,MIROC6,SSP245,0.05840212058115888,0.06248449815050676,0.5595511741984407
977,MIROC6_SSP245_2030_05,2030,May,2030-May-15,2030-05-15,climate,future,MIROC6,SSP245,0.10389805078370873,0.11165677437950133,0.7650892201236996
978,MIROC6_SSP245_2030_06,2030,June,2030-Jun-15,2030-06-15,climate,future,MIROC6,SSP245,0.1621714784027307,0.17463904701583263,0.8958150667077419
979,MIROC6_SSP245_2030_07,2030,July,2030-Jul-15,2030-07-15,climate,future,MIROC6,SSP245,0.102339782219266,0.10997258830334013,0.7578615607004905
980,MIROC6_SSP245_2030_08,2030,August,2030-Aug-15,2030-08-15,climate,future,MIROC6,SSP245,0.06846277919049291,0.07335811874707943,0.6125974549159933
981,MIROC6_SSP245_2030_09,2030,September,2030-Sep-15,2030-09-15,climate,future,MIROC6,SSP245,0.058659982723224646,0.06276319713805682,0.6036754425460319
982,MIROC6_SSP245_2030_10,2030,October,2030-Oct-15,2030-10-15,climate,future,MIROC6,SSP245,0.05284206287655046,0.056475154178778214,0.5816370056162469
983,MIROC6_SSP245_2030_11,2030,November,2030-Nov-15,2030-11-15,climate,future,MIROC6,SSP245,0.04686223406266702,0.0500121191021185,0.49584113367615346
984,MIROC6_SSP245_2030_12,2030,December,2030-Dec-15,2030-12-15,climate,future,MIROC6,SSP245,0.06278222219483932,0.0672185384555014,0.527808715846347
985,MIROC6_SSP245_2050_01,2050,January,2050-Jan-15,2050-01-15,climate,future,MIROC6,SSP245,0.09736188674411513,0.10459244880555914,0.6499443114765753
986,MIROC6_SSP245_2050_02,2050,February,2050-Feb-15,2050-02-15,climate,future,MIROC6,SSP245,0.08617170493792983,0.09249803266193517,0.6975757719377237
987,MIROC6_SSP245_2050_03,2050,March,2050-Mar-15,2050-03-15,climate,future,MIROC6,SSP245,0.05641217658837776,0.06033375466246512,0.5807246617218418
988,MIROC6_SSP245_2050_04,2050,April,2050-Apr-15,2050-04-15,climate,future,MIROC6,SSP245,0.059324384826080344,0.06348128691688326,0.5496101803360269
989,MIROC6_SSP245_2050_05,2050,May,2050-May-15,2050-05-15,climate,future,MIROC6,SSP245,0.10271661492085474,0.11037987138348077,0.7585843266428114
990,MIROC6_SSP245_2050_06,2050,June,2050-Jun-15,2050-06-15,climate,future,MIROC6,SSP245,0.15513791653829664,0.16703713085381136,0.8870115405578332
991,MIROC6_SSP245_2050_07,2050,July,2050-Jul-15,2050-07-15,climate,future,MIROC6,SSP245,0.09512914109448692,0.10217928379449248,0.7324581151212114
992,MIROC6_SSP245_2050_08,2050,August,2050-Aug-15,2050-08-15,climate,future,MIROC6,SSP245,0.063944563908402835,0.06847480440232714,0.5807720562098628
993,MIROC6_SSP245_2050_09,2050,September,2050-Sep-15,2050-09-15,climate,future,MIROC6,SSP245,0.05498708972402872,0.058793512164458064,0.5628687883599137
994,MIROC6_SSP245_2050_10,2050,October,2050-Oct-15,2050-10-15,climate,future,MIROC6,SSP245,0.04928203282029926,0.05262745219792295,0.5472878504229958
995,MIROC6_SSP245_2050_11,2050,November,2050-Nov-15,2050-11-15,climate,future,MIROC6,SSP245,0.04542576602763561,0.04845957576280612,0.45118367733832554
996,MIROC6_SSP245_2050_12,2050,December,2050-Dec-15,2050-12-15,climate,future,MIROC6,SSP245,0.06267521986916391,0.06710288966953892,0.5139339794781866
997,MIROC6_SSP245_2070_01,2070,January,2070-Jan-15,2070-01-15,climate,future,MIROC6,SSP245,0.09769929614704721,0.10495712291878166,0.6499917059645963
998,MIROC6_SSP245_2070_02,2070,February,2070-Feb-15,2070-02-15,climate,future,MIROC6,SSP245,0.08600917085148903,0.09232236487666573,0.6904073556245409
999,MIROC6_SSP245_2070_03,2070,March,2070-Mar-15,2070-03-15,climate,future,MIROC6,SSP245,0.058399596238504096,0.062481769824689594,0.5798478636934524
1000,MIROC6_SSP245_2070_04,2070,April,2070-Apr-15,2070-04-15,climate,future,MIROC6,SSP245,0.06147951615664933,0.06581056587281998,0.556020284840873
1001,MIROC6_SSP245_2070_05,2070,May,2070-May-15,2070-05-15,climate,future,MIROC6,SSP245,0.1050724022583209,0.11292602052261046,0.7646745183535155
1002,MIROC6_SSP245_2070_06,2070,June,2070-Jun-15,2070-06-15,climate,future,MIROC6,SSP245,0.15468574586026254,0.16654842201626002,0.888137159648333
1003,MIROC6_SSP245_2070_07,2070,July,2070-Jul-15,2070-07-15,climate,future,MIROC6,SSP245,0.09202609409604916,0.09882549184650234,0.7268892627787389
1004,MIROC6_SSP245_2070_08,2070,August,2070-Aug-15,2070-08-15,climate,future,MIROC6,SSP245,0.06250990099690984,0.06692421204886878,0.5726439015142539
1005,MIROC6_SSP245_2070_09,2070,September,2070-Sep-15,2070-09-15,climate,future,MIROC6,SSP245,0.05445766863462702,0.05822131066248527,0.5532121614256262
1006,MIROC6_SSP245_2070_10,2070,October,2070-Oct-15,2070-10-15,climate,future,MIROC6,SSP245,0.04894306655729457,0.052261095420567824,0.5385198701391029
1007,MIROC6_SSP245_2070_11,2070,November,2070-Nov-15,2070-11-15,climate,future,MIROC6,SSP245,0.046067091870012435,0.04915272461114161,0.4437664399630323
1008,MIROC6_SSP245_2070_12,2070,December,2070-Dec-15,2070-12-15,climate,future,MIROC6,SSP245,0.06337685077410009,0.06786121659510545,0.5076660584374038
1009,MIROC6_SSP370_2030_01,2030,January,2030-Jan-15,2030-01-15,climate,future,MIROC6,SSP370,0.09985768833573744,0.10728992619323613,0.6595061494348208
1010,MIROC6_SSP370_2030_02,2030,February,2030-Feb-15,2030-02-15,climate,future,MIROC6,SSP370,0.08673110621235784,0.09310263698255916,0.7083698665845162
1011,MIROC6_SSP370_2030_03,2030,March,2030-Mar-15,2030-03-15,climate,future,MIROC6,SSP370,0.0554835847734645,0.05933012702200259,0.5914713618806133
1012,MIROC6_SSP370_2030_04,2030,April,2030-Apr-15,2030-04-15,climate,future,MIROC6,SSP370,0.05623522041383469,0.06014249934764292,0.5492191758098534
1013,MIROC6_SSP370_2030_05,2030,May,2030-May-15,2030-05-15,climate,future,MIROC6,SSP370,0.09994208347871124,0.10738114101099495,0.7564397260598592
1014,MIROC6_SSP370_2030_06,2030,June,2030-Jun-15,2030-06-15,climate,future,MIROC6,SSP370,0.16144569871106354,0.17385461994801818,0.8939548330529159
1015,MIROC6_SSP370_2030_07,2030,July,2030-Jul-15,2030-07-15,climate,future,MIROC6,SSP370,0.10246473182072309,0.11010763457573128,0.758382900068722
1016,MIROC6_SSP370_2030_08,2030,August,2030-Aug-15,2030-08-15,climate,future,MIROC6,SSP370,0.06783967060190674,0.07268465923395116,0.6113533496054409
1017,MIROC6_SSP370_2030_09,2030,September,2030-Sep-15,2030-09-15,climate,future,MIROC6,SSP370,0.057192366777425376,0.06117698893865373,0.5958435034005545
1018,MIROC6_SSP370_2030_10,2030,October,2030-Oct-15,2030-10-15,climate,future,MIROC6,SSP370,0.050969604930424794,0.05445139033505183,0.5680110903101969
1019,MIROC6_SSP370_2030_11,2030,November,2030-Nov-15,2030-11-15,climate,future,MIROC6,SSP370,0.045796411741954764,0.04886017188361903,0.4798810398350672
1020,MIROC6_SSP370_2030_12,2030,December,2030-Dec-15,2030-12-15,climate,future,MIROC6,SSP370,0.06410127701701483,0.06864418085279167,0.530759022725657
1021,MIROC6_SSP370_2050_01,2050,January,2050-Jan-15,2050-01-15,climate,future,MIROC6,SSP370,0.09544728645674072,0.10252313726617367,0.6420649778430768
1022,MIROC6_SSP370_2050_02,2050,February,2050-Feb-15,2050-02-15,climate,future,MIROC6,SSP370,0.08288877938166,0.08894982691534731,0.685644209578426
1023,MIROC6_SSP370_2050_03,2050,March,2050-Mar-15,2050-03-15,climate,future,MIROC6,SSP370,0.05743878234034198,0.0614433163647755,0.579966349913505
1024,MIROC6_SSP370_2050_04,2050,April,2050-Apr-15,2050-04-15,climate,future,MIROC6,SSP370,0.05853165007052273,0.06262449440777167,0.5413042963103392
1025,MIROC6_SSP370_2050_05,2050,May,2050-May-15,2050-05-15,climate,future,MIROC6,SSP370,0.09766498578676988,0.10492004006473787,0.7458470579871561
1026,MIROC6_SSP370_2050_06,2050,June,2050-Jun-15,2050-06-15,climate,future,MIROC6,SSP370,0.15067442679137408,0.16221296414304573,0.8814782340813764
1027,MIROC6_SSP370_2050_07,2050,July,2050-Jul-15,2050-07-15,climate,future,MIROC6,SSP370,0.09319957326850031,0.10009379523332369,0.7230029147610133
1028,MIROC6_SSP370_2050_08,2050,August,2050-Aug-15,2050-08-15,climate,future,MIROC6,SSP370,0.06272275117497955,0.06715426180851858,0.5744567406810588
1029,MIROC6_SSP370_2050_09,2050,September,2050-Sep-15,2050-09-15,climate,future,MIROC6,SSP370,0.05407764017334758,0.057810573609455844,0.5558188582667836
1030,MIROC6_SSP370_2050_10,2050,October,2050-Oct-15,2050-10-15,climate,future,MIROC6,SSP370,0.048589965309638314,0.05187946146264252,0.5397876726936657
1031,MIROC6_SSP370_2050_11,2050,November,2050-Nov-15,2050-11-15,climate,future,MIROC6,SSP370,0.04562822656907296,0.048678396330109223,0.4470603568804948
1032,MIROC6_SSP370_2050_12,2050,December,2050-Dec-15,2050-12-15,climate,future,MIROC6,SSP370,0.06260354730011645,0.06702542554145714,0.5129623924737553
1033,MIROC6_SSP370_2070_01,2070,January,2070-Jan-15,2070-01-15,climate,future,MIROC6,SSP370,0.09993674478874622,0.1073753709419862,0.6561648380293372
1034,MIROC6_SSP370_2070_02,2070,February,2070-Feb-15,2070-02-15,climate,future,MIROC6,SSP370,0.08726728652483445,0.09368214390659677,0.6832744851773739
1035,MIROC6_SSP370_2070_03,2070,March,2070-Mar-15,2070-03-15,climate,future,MIROC6,SSP370,0.05686593895436023,0.06082418376621973,0.5528448541434631
1036,MIROC6_SSP370_2070_04,2070,April,2070-Apr-15,2070-04-15,climate,future,MIROC6,SSP370,0.060535696353609295,0.06479047972354318,0.5375127372686557
1037,MIROC6_SSP370_2070_05,2070,May,2070-May-15,2070-05-15,climate,future,MIROC6,SSP370,0.09974830473041943,0.10717170378007797,0.7445081637005616
1038,MIROC6_SSP370_2070_06,2070,June,2070-Jun-15,2070-06-15,climate,future,MIROC6,SSP370,0.14621118528531787,0.157389065811684,0.8748193085144198
1039,MIROC6_SSP370_2070_07,2070,July,2070-Jul-15,2070-07-15,climate,future,MIROC6,SSP370,0.08858230499501572,0.09510342382753814,0.7054669541932274
1040,MIROC6_SSP370_2070_08,2070,August,2070-Aug-15,2070-08-15,climate,future,MIROC6,SSP370,0.06021237280553047,0.06444102969965558,0.5445982132278016
1041,MIROC6_SSP370_2070_09,2070,September,2070-Sep-15,2070-09-15,climate,future,MIROC6,SSP370,0.0522720941565252,0.05585912859000859,0.5227730514941112
1042,MIROC6_SSP370_2070_10,2070,October,2070-Oct-15,2070-10-15,climate,future,MIROC6,SSP370,0.04697895388828753,0.050138270581567335,0.5122159292874239
1043,MIROC6_SSP370_2070_11,2070,November,2070-Nov-15,2070-11-15,climate,future,MIROC6,SSP370,0.04800780448487801,0.051250258523712885,0.4398682433233015
1044,MIROC6_SSP370_2070_12,2070,December,2070-Dec-15,2070-12-15,climate,future,MIROC6,SSP370,0.06511847098454664,0.06974357025257596,0.49445484490153796
1045,MPI-ESM1-2-HR_SSP126_2030_01,2030,January,2030-Jan-15,2030-01-15,climate,future,MPI-ESM1-2-HR,SSP126,0.10032226821026442,0.10779204699493371,0.6575274295599421
1046,MPI-ESM1-2-HR_SSP126_2030_02,2030,February,2030-Feb-15,2030-02-15,climate,future,MPI-ESM1-2-HR,SSP126,0.08994517623975652,0.09657642327681905,0.7244958411336762
1047,MPI-ESM1-2-HR_SSP126_2030_03,2030,March,2030-Mar-15,2030-03-15,climate,future,MPI-ESM1-2-HR,SSP126,0.056621359370297684,0.060559840660603825,0.6039361122301476
1048,MPI-ESM1-2-HR_SSP126_2030_04,2030,April,2030-Apr-15,2030-04-15,climate,future,MPI-ESM1-2-HR,SSP126,0.06043086154076321,0.06467717365780144,0.5727979336003223
1049,MPI-ESM1-2-HR_SSP126_2030_05,2030,May,2030-May-15,2030-05-15,climate,future,MPI-ESM1-2-HR,SSP126,0.10850530842680589,0.11663632625870529,0.7768785990189341
1050,MPI-ESM1-2-HR_SSP126_2030_06,2030,June,2030-Jun-15,2030-06-15,climate,future,MPI-ESM1-2-HR,SSP126,0.16485425425851544,0.17753860735227203,0.8960994336358682
1051,MPI-ESM1-2-HR_SSP126_2030_07,2030,July,2030-Jul-15,2030-07-15,climate,future,MPI-ESM1-2-HR,SSP126,0.10594695831009578,0.11387124600179976,0.7803383966444702
1052,MPI-ESM1-2-HR_SSP126_2030_08,2030,August,2030-Aug-15,2030-08-15,climate,future,MPI-ESM1-2-HR,SSP126,0.07254576876481626,0.07777103854189425,0.6507618663949383
1053,MPI-ESM1-2-HR_SSP126_2030_09,2030,September,2030-Sep-15,2030-09-15,climate,future,MPI-ESM1-2-HR,SSP126,0.0634894304350204,0.06798289340056372,0.6493755776203227
1054,MPI-ESM1-2-HR_SSP126_2030_10,2030,October,2030-Oct-15,2030-10-15,climate,future,MPI-ESM1-2-HR,SSP126,0.057699139762165993,0.061724712248500756,0.6261522784900116
1055,MPI-ESM1-2-HR_SSP126_2030_11,2030,November,2030-Nov-15,2030-11-15,climate,future,MPI-ESM1-2-HR,SSP126,0.04973121560134888,0.053112931663519165,0.5416597549704969
1056,MPI-ESM1-2-HR_SSP126_2030_12,2030,December,2030-Dec-15,2030-12-15,climate,future,MPI-ESM1-2-HR,SSP126,0.0628357417610472,0.06727638273032173,0.5271807388800682
1057,MPI-ESM1-2-HR_SSP126_2050_01,2050,January,2050-Jan-15,2050-01-15,climate,future,MPI-ESM1-2-HR,SSP126,0.10048136398979786,0.1079639986580968,0.6501931325386857
1058,MPI-ESM1-2-HR_SSP126_2050_02,2050,February,2050-Feb-15,2050-02-15,climate,future,MPI-ESM1-2-HR,SSP126,0.08854003572393931,0.0950577389439067,0.7098272470911633
1059,MPI-ESM1-2-HR_SSP126_2050_03,2050,March,2050-Mar-15,2050-03-15,climate,future,MPI-ESM1-2-HR,SSP126,0.05889721868354513,0.06301960318094943,0.6089599279603782
1060,MPI-ESM1-2-HR_SSP126_2050_04,2050,April,2050-Apr-15,2050-04-15,climate,future,MPI-ESM1-2-HR,SSP126,0.06236194265366459,0.06676429775509213,0.5786156070049053
1061,MPI-ESM1-2-HR_SSP126_2050_05,2050,May,2050-May-15,2050-05-15,climate,future,MPI-ESM1-2-HR,SSP126,0.10843823823706454,0.11656383643469652,0.7779805208654234
1062,MPI-ESM1-2-HR_SSP126_2050_06,2050,June,2050-Jun-15,2050-06-15,climate,future,MPI-ESM1-2-HR,SSP126,0.16899307075658482,0.1820118652652001,0.9066091613545345
1063,MPI-ESM1-2-HR_SSP126_2050_07,2050,July,2050-Jul-15,2050-07-15,climate,future,MPI-ESM1-2-HR,SSP126,0.10562165659305459,0.11351965795468132,0.77941420412806
1064,MPI-ESM1-2-HR_SSP126_2050_08,2050,August,2050-Aug-15,2050-08-15,climate,future,MPI-ESM1-2-HR,SSP126,0.07108723849193042,0.07619465022837038,0.6434512666176924
1065,MPI-ESM1-2-HR_SSP126_2050_09,2050,September,2050-Sep-15,2050-09-15,climate,future,MPI-ESM1-2-HR,SSP126,0.06246688851386654,0.06687772392190651,0.6418043081589612
1066,MPI-ESM1-2-HR_SSP126_2050_10,2050,October,2050-Oct-15,2050-10-15,climate,future,MPI-ESM1-2-HR,SSP126,0.056126976147932835,0.06002550830089371,0.6094812673286096
1067,MPI-ESM1-2-HR_SSP126_2050_11,2050,November,2050-Nov-15,2050-11-15,climate,future,MPI-ESM1-2-HR,SSP126,0.04867960510060342,0.051976344693385974,0.522986326690206
1068,MPI-ESM1-2-HR_SSP126_2050_12,2050,December,2050-Dec-15,2050-12-15,climate,future,MPI-ESM1-2-HR,SSP126,0.06317492674579524,0.06764297591874341,0.5239934595606531
1069,MPI-ESM1-2-HR_SSP126_2070_01,2070,January,2070-Jan-15,2070-01-15,climate,future,MPI-ESM1-2-HR,SSP126,0.10364104382895574,0.11137899970637745,0.6530012559539325
1070,MPI-ESM1-2-HR_SSP126_2070_02,2070,February,2070-Feb-15,2070-02-15,climate,future,MPI-ESM1-2-HR,SSP126,0.08950477929337787,0.0961004395844984,0.7178132183227091
1071,MPI-ESM1-2-HR_SSP126_2070_03,2070,March,2070-Mar-15,2070-03-15,climate,future,MPI-ESM1-2-HR,SSP126,0.05947127510081558,0.06364004681110283,0.6113533496054409
1072,MPI-ESM1-2-HR_SSP126_2070_04,2070,April,2070-Apr-15,2070-04-15,climate,future,MPI-ESM1-2-HR,SSP126,0.06220682007124781,0.06659664034134699,0.5748951396952534
1073,MPI-ESM1-2-HR_SSP126_2070_05,2070,May,2070-May-15,2070-05-15,climate,future,MPI-ESM1-2-HR,SSP126,0.1080556853723943,0.11615037092510899,0.7640465413872367
1074,MPI-ESM1-2-HR_SSP126_2070_06,2070,June,2070-Jun-15,2070-06-15,climate,future,MPI-ESM1-2-HR,SSP126,0.169732059206329,0.18281056842842985,0.8996184743714306
1075,MPI-ESM1-2-HR_SSP126_2070_07,2070,July,2070-Jul-15,2070-07-15,climate,future,MPI-ESM1-2-HR,SSP126,0.10948768134574652,0.11769808086215784,0.784556506078343
1076,MPI-ESM1-2-HR_SSP126_2070_08,2070,August,2070-Aug-15,2070-08-15,climate,future,MPI-ESM1-2-HR,SSP126,0.07146903376431936,0.07660729686049132,0.6447783122822816
1077,MPI-ESM1-2-HR_SSP126_2070_09,2070,September,2070-Sep-15,2070-09-15,climate,future,MPI-ESM1-2-HR,SSP126,0.06122736710403629,0.06553804167161498,0.6317211308324842
1078,MPI-ESM1-2-HR_SSP126_2070_10,2070,October,2070-Oct-15,2070-10-15,climate,future,MPI-ESM1-2-HR,SSP126,0.05461236543275612,0.05838850789402317,0.5966492096969123
1079,MPI-ESM1-2-HR_SSP126_2070_11,2070,November,2070-Nov-15,2070-11-15,climate,future,MPI-ESM1-2-HR,SSP126,0.04693741172212411,0.050093371566899594,0.4883291073248181
1080,MPI-ESM1-2-HR_SSP126_2070_12,2070,December,2070-Dec-15,2070-12-15,climate,future,MPI-ESM1-2-HR,SSP126,0.06569405149409532,0.07036566113271507,0.5260669684115737
1081,MPI-ESM1-2-HR_SSP245_2030_01,2030,January,2030-Jan-15,2030-01-15,climate,future,MPI-ESM1-2-HR,SSP245,0.10247666469913894,0.11012053169879625,0.6575274295599421
1082,MPI-ESM1-2-HR_SSP245_2030_02,2030,February,2030-Feb-15,2030-02-15,climate,future,MPI-ESM1-2-HR,SSP245,0.08920041966594795,0.09577148588997045,0.7237493779473447
1083,MPI-ESM1-2-HR_SSP245_2030_03,2030,March,2030-Mar-15,2030-03-15,climate,future,MPI-ESM1-2-HR,SSP245,0.05682654329200964,0.060781604690467755,0.6022891537714163
1084,MPI-ESM1-2-HR_SSP245_2030_04,2030,April,2030-Apr-15,2030-04-15,climate,future,MPI-ESM1-2-HR,SSP245,0.06029189480162082,0.06452697755795711,0.5725254152942013
1085,MPI-ESM1-2-HR_SSP245_2030_05,2030,May,2030-May-15,2030-05-15,climate,future,MPI-ESM1-2-HR,SSP245,0.10597474645199902,0.11390127958153731,0.7722931823028981
1086,MPI-ESM1-2-HR_SSP245_2030_06,2030,June,2030-Jun-15,2030-06-15,climate,future,MPI-ESM1-2-HR,SSP245,0.162698721778475,0.17520889483727303,0.896680016114126
1087,MPI-ESM1-2-HR_SSP245_2030_07,2030,July,2030-Jul-15,2030-07-15,climate,future,MPI-ESM1-2-HR,SSP245,0.10635413749005722,0.11431132774451078,0.7802554562904335
1088,MPI-ESM1-2-HR_SSP245_2030_08,2030,August,2030-Aug-15,2030-08-15,climate,future,MPI-ESM1-2-HR,SSP245,0.07279141702192418,0.07803653666387586,0.6500509490746226
1089,MPI-ESM1-2-HR_SSP245_2030_09,2030,September,2030-Sep-15,2030-09-15,climate,future,MPI-ESM1-2-HR,SSP245,0.06318850889768433,0.06765765556494413,0.646389724874997
1090,MPI-ESM1-2-HR_SSP245_2030_10,2030,October,2030-Oct-15,2030-10-15,climate,future,MPI-ESM1-2-HR,SSP245,0.0568965882442159,0.060857309718315135,0.6168511102158819
1091,MPI-ESM1-2-HR_SSP245_2030_11,2030,November,2030-Nov-15,2030-11-15,climate,future,MPI-ESM1-2-HR,SSP245,0.04932762840740003,0.05267673219580908,0.54180193843456
1092,MPI-ESM1-2-HR_SSP245_2030_12,2030,December,2030-Dec-15,2030-12-15,climate,future,MPI-ESM1-2-HR,SSP245,0.0639918478808614,0.06852590919497199,0.5353325908196876
1093,MPI-ESM1-2-HR_SSP245_2050_01,2050,January,2050-Jan-15,2050-01-15,climate,future,MPI-ESM1-2-HR,SSP245,0.09905814150404672,0.10642577121138434,0.6397426479300458
1094,MPI-ESM1-2-HR_SSP245_2050_02,2050,February,2050-Feb-15,2050-02-15,climate,future,MPI-ESM1-2-HR,SSP245,0.08989380596627522,0.09652090198680616,0.7192824474513614
1095,MPI-ESM1-2-HR_SSP245_2050_03,2050,March,2050-Mar-15,2050-03-15,climate,future,MPI-ESM1-2-HR,SSP245,0.060575693015219007,0.06483370836361567,0.6120168724377355
1096,MPI-ESM1-2-HR_SSP245_2050_04,2050,April,2050-Apr-15,2050-04-15,climate,future,MPI-ESM1-2-HR,SSP245,0.062278195776705826,0.06667378362493592,0.5649541458328396
1097,MPI-ESM1-2-HR_SSP245_2050_05,2050,May,2050-May-15,2050-05-15,climate,future,MPI-ESM1-2-HR,SSP245,0.10587039747159965,0.11378849857097206,0.7572572809782222
1098,MPI-ESM1-2-HR_SSP245_2050_06,2050,June,2050-Jun-15,2050-06-15,climate,future,MPI-ESM1-2-HR,SSP245,0.1611231865546763,0.17350604684078913,0.887959430318254
1099,MPI-ESM1-2-HR_SSP245_2050_07,2050,July,2050-Jul-15,2050-07-15,climate,future,MPI-ESM1-2-HR,SSP245,0.10186681928458141,0.10946140708318541,0.7641294817412735
1100,MPI-ESM1-2-HR_SSP245_2050_08,2050,August,2050-Aug-15,2050-08-15,climate,future,MPI-ESM1-2-HR,SSP245,0.06936699960417606,0.07433540565556761,0.6318751629185526
1101,MPI-ESM1-2-HR_SSP245_2050_09,2050,September,2050-Sep-15,2050-09-15,climate,future,MPI-ESM1-2-HR,SSP245,0.06039799846216707,0.06464165501856191,0.6189957107988341
1102,MPI-ESM1-2-HR_SSP245_2050_10,2050,October,2050-Oct-15,2050-10-15,climate,future,MPI-ESM1-2-HR,SSP245,0.05449429929274801,0.058260901294996226,0.5928102561672077
1103,MPI-ESM1-2-HR_SSP245_2050_11,2050,November,2050-Nov-15,2050-11-15,climate,future,MPI-ESM1-2-HR,SSP245,0.04950550707113308,0.0528689845367229,0.5041825635678571
1104,MPI-ESM1-2-HR_SSP245_2050_12,2050,December,2050-Dec-15,2050-12-15,climate,future,MPI-ESM1-2-HR,SSP245,0.06316030873244158,0.06762717665729777,0.5104623332306453
1105,MPI-ESM1-2-HR_SSP245_2070_01,2070,January,2070-Jan-15,2070-01-15,climate,future,MPI-ESM1-2-HR,SSP245,0.10370192173538695,0.11144479693310776,0.6617692362378256
1106,MPI-ESM1-2-HR_SSP245_2070_02,2070,February,2070-Feb-15,2070-02-15,climate,future,MPI-ESM1-2-HR,SSP245,0.09062679180073714,0.09731311749986317,0.7168416313182777
1107,MPI-ESM1-2-HR_SSP245_2070_03,2070,March,2070-Mar-15,2070-03-15,climate,future,MPI-ESM1-2-HR,SSP245,0.059147918516573895,0.06329056107023061,0.5869570368966089
1108,MPI-ESM1-2-HR_SSP245_2070_04,2070,April,2070-Apr-15,2070-04-15,climate,future,MPI-ESM1-2-HR,SSP245,0.0632054689036503,0.0676759860489771,0.5593615962463565
1109,MPI-ESM1-2-HR_SSP245_2070_05,2070,May,2070-May-15,2070-05-15,climate,future,MPI-ESM1-2-HR,SSP245,0.10678104657017085,0.11477273364193687,0.7502428967511079
1110,MPI-ESM1-2-HR_SSP245_2070_06,2070,June,2070-Jun-15,2070-06-15,climate,future,MPI-ESM1-2-HR,SSP245,0.1574524205150038,0.1695386607644638,0.882781582501955
1111,MPI-ESM1-2-HR_SSP245_2070_07,2070,July,2070-Jul-15,2070-07-15,climate,future,MPI-ESM1-2-HR,SSP245,0.10090250636890642,0.1084191718847964,0.758702812862864
1112,MPI-ESM1-2-HR_SSP245_2070_08,2070,August,2070-Aug-15,2070-08-15,climate,future,MPI-ESM1-2-HR,SSP245,0.06713329602447193,0.07192120532220313,0.6105831891750989
1113,MPI-ESM1-2-HR_SSP245_2070_09,2070,September,2070-Sep-15,2070-09-15,climate,future,MPI-ESM1-2-HR,SSP245,0.05852762742368425,0.06262014670082308,0.5962226593047228
1114,MPI-ESM1-2-HR_SSP245_2070_10,2070,October,2070-Oct-15,2070-10-15,climate,future,MPI-ESM1-2-HR,SSP245,0.05258365420202595,0.05619586454323886,0.5731415436384748
1115,MPI-ESM1-2-HR_SSP245_2070_11,2070,November,2070-Nov-15,2070-11-15,climate,future,MPI-ESM1-2-HR,SSP245,0.04906194087069092,0.05238957550892881,0.48168203037986684
1116,MPI-ESM1-2-HR_SSP245_2070_12,2070,December,2070-Dec-15,2070-12-15,climate,future,MPI-ESM1-2-HR,SSP245,0.06529027752414236,0.06992925979583503,0.5104623332306453
1117,MPI-ESM1-2-HR_SSP370_2030_01,2030,January,2030-Jan-15,2030-01-15,climate,future,MPI-ESM1-2-HR,SSP370,0.10220583551780157,0.10982781786732053,0.6540439346903955
1118,MPI-ESM1-2-HR_SSP370_2030_02,2030,February,2030-Feb-15,2030-02-15,climate,future,MPI-ESM1-2-HR,SSP370,0.08927225451036755,0.0958491254226217,0.720763525202019
1119,MPI-ESM1-2-HR_SSP370_2030_03,2030,March,2030-Mar-15,2030-03-15,climate,future,MPI-ESM1-2-HR,SSP370,0.058358575461495504,0.06243743434336584,0.6146117206568876
1120,MPI-ESM1-2-HR_SSP370_2030_04,2030,April,2030-Apr-15,2030-04-15,climate,future,MPI-ESM1-2-HR,SSP370,0.060757095271957585,0.06502976905254358,0.5770752861442214
1121,MPI-ESM1-2-HR_SSP370_2030_05,2030,May,2030-May-15,2030-05-15,climate,future,MPI-ESM1-2-HR,SSP370,0.10574791624101464,0.11365612012717241,0.7742600535557714
1122,MPI-ESM1-2-HR_SSP370_2030_06,2030,June,2030-Jun-15,2030-06-15,climate,future,MPI-ESM1-2-HR,SSP370,0.1642109603780873,0.1768433314456157,0.8993341074433043
1123,MPI-ESM1-2-HR_SSP370_2030_07,2030,July,2030-Jul-15,2030-07-15,climate,future,MPI-ESM1-2-HR,SSP370,0.10555536420656783,0.11344800873453376,0.7789876537358705
1124,MPI-ESM1-2-HR_SSP370_2030_08,2030,August,2030-Aug-15,2030-08-15,climate,future,MPI-ESM1-2-HR,SSP370,0.07245068500433441,0.07766827144932645,0.6520059717054907
1125,MPI-ESM1-2-HR_SSP370_2030_09,2030,September,2030-Sep-15,2030-09-15,climate,future,MPI-ESM1-2-HR,SSP370,0.06256840831465217,0.06698744711958483,0.6462238441669234
1126,MPI-ESM1-2-HR_SSP370_2030_10,2030,October,2030-Oct-15,2030-10-15,climate,future,MPI-ESM1-2-HR,SSP370,0.05614137580607801,0.06004107155603185,0.61313064290623
1127,MPI-ESM1-2-HR_SSP370_2030_11,2030,November,2030-Nov-15,2030-11-15,climate,future,MPI-ESM1-2-HR,SSP370,0.04841018633135218,0.051685155259425256,0.520403327093059
1128,MPI-ESM1-2-HR_SSP370_2030_12,2030,December,2030-Dec-15,2030-12-15,climate,future,MPI-ESM1-2-HR,SSP370,0.06315732319145005,0.06762394987191135,0.5201071115429275
1129,MPI-ESM1-2-HR_SSP370_2050_01,2050,January,2050-Jan-15,2050-01-15,climate,future,MPI-ESM1-2-HR,SSP370,0.09971407089330236,0.10713470363016209,0.6409867532405982
1130,MPI-ESM1-2-HR_SSP370_2050_02,2050,February,2050-Feb-15,2050-02-15,climate,future,MPI-ESM1-2-HR,SSP370,0.08829943535692271,0.09479769658876804,0.7049100689589801
1131,MPI-ESM1-2-HR_SSP370_2050_03,2050,March,2050-Mar-15,2050-03-15,climate,future,MPI-ESM1-2-HR,SSP370,0.05917446855733275,0.06331925651261498,0.595594682338444
1132,MPI-ESM1-2-HR_SSP370_2050_04,2050,April,2050-Apr-15,2050-04-15,climate,future,MPI-ESM1-2-HR,SSP370,0.062441301838352024,0.06685006967168525,0.5581648854238253
1133,MPI-ESM1-2-HR_SSP370_2050_05,2050,May,2050-May-15,2050-05-15,climate,future,MPI-ESM1-2-HR,SSP370,0.10338204676990427,0.11109907415171742,0.7508471764733762
1134,MPI-ESM1-2-HR_SSP370_2050_06,2050,June,2050-Jun-15,2050-06-15,climate,future,MPI-ESM1-2-HR,SSP370,0.15480173922505447,0.16667378842600525,0.883551742932297
1135,MPI-ESM1-2-HR_SSP370_2050_07,2050,July,2050-Jul-15,2050-07-15,climate,future,MPI-ESM1-2-HR,SSP370,0.09903531218708436,0.10640109709719901,0.7514988506836655
1136,MPI-ESM1-2-HR_SSP370_2050_08,2050,August,2050-Aug-15,2050-08-15,climate,future,MPI-ESM1-2-HR,SSP370,0.06710690562766142,0.07189268243081916,0.6128462759781037
1137,MPI-ESM1-2-HR_SSP370_2050_09,2050,September,2050-Sep-15,2050-09-15,climate,future,MPI-ESM1-2-HR,SSP370,0.058837225007548705,0.06295476163230483,0.6063887769852366
1138,MPI-ESM1-2-HR_SSP370_2050_10,2050,October,2050-Oct-15,2050-10-15,climate,future,MPI-ESM1-2-HR,SSP370,0.05405990307459733,0.057791403249482814,0.5913647242825659
1139,MPI-ESM1-2-HR_SSP370_2050_11,2050,November,2050-Nov-15,2050-11-15,climate,future,MPI-ESM1-2-HR,SSP370,0.04902013322804708,0.052344389536338506,0.5006161283442736
1140,MPI-ESM1-2-HR_SSP370_2050_12,2050,December,2050-Dec-15,2050-12-15,climate,future,MPI-ESM1-2-HR,SSP370,0.06266361419410316,0.06709034619373876,0.5069432924950829
1141,MPI-ESM1-2-HR_SSP370_2070_01,2070,January,2070-Jan-15,2070-01-15,climate,future,MPI-ESM1-2-HR,SSP370,0.10220140378414001,0.10982302803275358,0.6361880613284675
1142,MPI-ESM1-2-HR_SSP370_2070_02,2070,February,2070-Feb-15,2070-02-15,climate,future,MPI-ESM1-2-HR,SSP370,0.09076707723844181,0.09746473884186695,0.6979312305978814
1143,MPI-ESM1-2-HR_SSP370_2070_03,2070,March,2070-Mar-15,2070-03-15,climate,future,MPI-ESM1-2-HR,SSP370,0.061966428624168075,0.06633682382453723,0.5951918291902651
1144,MPI-ESM1-2-HR_SSP370_2070_04,2070,April,2070-Apr-15,2070-04-15,climate,future,MPI-ESM1-2-HR,SSP370,0.06539101381178035,0.0700381361904653,0.5646342330386976
1145,MPI-ESM1-2-HR_SSP370_2070_05,2070,May,2070-May-15,2070-05-15,climate,future,MPI-ESM1-2-HR,SSP370,0.10431367876281156,0.11210598761514289,0.7442356453944406
1146,MPI-ESM1-2-HR_SSP370_2070_06,2070,June,2070-Jun-15,2070-06-15,climate,future,MPI-ESM1-2-HR,SSP370,0.15102299223841897,0.16258969585191235,0.8731131069456622
1147,MPI-ESM1-2-HR_SSP370_2070_07,2070,July,2070-Jul-15,2070-07-15,climate,future,MPI-ESM1-2-HR,SSP370,0.09514713662433812,0.10219873348949769,0.7374108391194104
1148,MPI-ESM1-2-HR_SSP370_2070_08,2070,August,2070-Aug-15,2070-08-15,climate,future,MPI-ESM1-2-HR,SSP370,0.06470713868192363,0.06929899980621425,0.5871584634706983
1149,MPI-ESM1-2-HR_SSP370_2070_09,2070,September,2070-Sep-15,2070-09-15,climate,future,MPI-ESM1-2-HR,SSP370,0.05725990288667045,0.06124998237278396,0.5762221853598426
1150,MPI-ESM1-2-HR_SSP370_2070_10,2070,October,2070-Oct-15,2070-10-15,climate,future,MPI-ESM1-2-HR,SSP370,0.05271613526469726,0.056339050877689506,0.5676911775160549
1151,MPI-ESM1-2-HR_SSP370_2070_11,2070,November,2070-Nov-15,2070-11-15,climate,future,MPI-ESM1-2-HR,SSP370,0.051138333666762195,0.054633753399218485,0.4926894002227541
1152,MPI-ESM1-2-HR_SSP370_2070_12,2070,December,2070-Dec-15,2070-12-15,climate,future,MPI-ESM1-2-HR,SSP370,0.0662589283440813,0.07097618344325717,0.49962084409583163
1153,MRI-ESM2-0_SSP126_2030_01,2030,January,2030-Jan-15,2030-01-15,climate,future,MRI-ESM2-0,SSP126,0.10188574480169738,0.1094818619282745,0.6437474821678238
1154,MRI-ESM2-0_SSP126_2030_02,2030,February,2030-Feb-15,2030-02-15,climate,future,MRI-ESM2-0,SSP126,0.0903153594350834,0.09697651952116872,0.6976113178037394
1155,MRI-ESM2-0_SSP126_2030_03,2030,March,2030-Mar-15,2030-03-15,climate,future,MRI-ESM2-0,SSP126,0.05867961562652464,0.06278441647712432,0.5950614943482073
1156,MRI-ESM2-0_SSP126_2030_04,2030,April,2030-Apr-15,2030-04-15,climate,future,MRI-ESM2-0,SSP126,0.06099553324845214,0.06528747421606074,0.577644020000474
1157,MRI-ESM2-0_SSP126_2030_05,2030,May,2030-May-15,2030-05-15,climate,future,MRI-ESM2-0,SSP126,0.11228924034802805,0.12072602276690958,0.7860849783170217
1158,MRI-ESM2-0_SSP126_2030_06,2030,June,2030-Jun-15,2030-06-15,climate,future,MRI-ESM2-0,SSP126,0.16872241767724744,0.18171934175070098,0.9001990568496884
1159,MRI-ESM2-0_SSP126_2030_07,2030,July,2030-Jul-15,2030-07-15,climate,future,MRI-ESM2-0,SSP126,0.10419471769576508,0.1119774137513273,0.7661792933481836
1160,MRI-ESM2-0_SSP126_2030_08,2030,August,2030-Aug-15,2030-08-15,climate,future,MRI-ESM2-0,SSP126,0.07057704023522318,0.07564322485872803,0.6251095997535486
1161,MRI-ESM2-0_SSP126_2030_09,2030,September,2030-Sep-15,2030-09-15,climate,future,MRI-ESM2-0,SSP126,0.060899241111462665,0.0651834011195299,0.61585582596744
1162,MRI-ESM2-0_SSP126_2030_10,2030,October,2030-Oct-15,2030-10-15,climate,future,MRI-ESM2-0,SSP126,0.05583487600338832,0.05970980470702536,0.6062347448991682
1163,MRI-ESM2-0_SSP126_2030_11,2030,November,2030-Nov-15,2030-11-15,climate,future,MRI-ESM2-0,SSP126,0.04830862957198613,0.05157539209007314,0.5209365150832959
1164,MRI-ESM2-0_SSP126_2030_12,2030,December,2030-Dec-15,2030-12-15,climate,future,MRI-ESM2-0,SSP126,0.06314153916991326,0.06760689041690633,0.5123225668854712
1165,MRI-ESM2-0_SSP126_2050_01,2050,January,2050-Jan-15,2050-01-15,climate,future,MRI-ESM2-0,SSP126,0.10005708365333699,0.10750543388132147,0.6376691390791251
1166,MRI-ESM2-0_SSP126_2050_02,2050,February,2050-Feb-15,2050-02-15,climate,future,MRI-ESM2-0,SSP126,0.08941514434434557,0.09600356162181345,0.6957984786369346
1167,MRI-ESM2-0_SSP126_2050_03,2050,March,2050-Mar-15,2050-03-15,climate,future,MRI-ESM2-0,SSP126,0.05743836047564692,0.06144286041314686,0.5808786938079101
1168,MRI-ESM2-0_SSP126_2050_04,2050,April,2050-Apr-15,2050-04-15,climate,future,MRI-ESM2-0,SSP126,0.06050807968717426,0.06476063147041153,0.5619445958435034
1169,MRI-ESM2-0_SSP126_2050_05,2050,May,2050-May-15,2050-05-15,climate,future,MRI-ESM2-0,SSP126,0.10913486822981606,0.11731675831299904,0.777826488779355
1170,MRI-ESM2-0_SSP126_2050_06,2050,June,2050-Jun-15,2050-06-15,climate,future,MRI-ESM2-0,SSP126,0.16508820522732384,0.17779146298885748,0.9060048816322661
1171,MRI-ESM2-0_SSP126_2050_07,2050,July,2050-Jul-15,2050-07-15,climate,future,MRI-ESM2-0,SSP126,0.10127643127232813,0.10882331218881726,0.7530154743003389
1172,MRI-ESM2-0_SSP126_2050_08,2050,August,2050-Aug-15,2050-08-15,climate,future,MRI-ESM2-0,SSP126,0.0673611117637017,0.07216742997105909,0.6065309604492998
1173,MRI-ESM2-0_SSP126_2050_09,2050,September,2050-Sep-15,2050-09-15,climate,future,MRI-ESM2-0,SSP126,0.05934645125048345,0.06350513643871222,0.606270290765184
1174,MRI-ESM2-0_SSP126_2050_10,2050,October,2050-Oct-15,2050-10-15,climate,future,MRI-ESM2-0,SSP126,0.05384881975142356,0.057563263110458465,0.5888409677954454
1175,MRI-ESM2-0_SSP126_2050_11,2050,November,2050-Nov-15,2050-11-15,climate,future,MRI-ESM2-0,SSP126,0.04772318534615023,0.050942640440189486,0.5067774117870092
1176,MRI-ESM2-0_SSP126_2050_12,2050,December,2050-Dec-15,2050-12-15,climate,future,MRI-ESM2-0,SSP126,0.06220027123283681,0.06658956232490741,0.5045024763619991
1177,MRI-ESM2-0_SSP126_2070_01,2070,January,2070-Jan-15,2070-01-15,climate,future,MRI-ESM2-0,SSP126,0.10035866285806053,0.10783138250752841,0.6330363278750681
1178,MRI-ESM2-0_SSP126_2070_02,2070,February,2070-Feb-15,2070-02-15,climate,future,MRI-ESM2-0,SSP126,0.08802453717232518,0.09450058495498105,0.6816393753406479
1179,MRI-ESM2-0_SSP126_2070_03,2070,March,2070-Mar-15,2070-03-15,climate,future,MRI-ESM2-0,SSP126,0.059035170432524015,0.06316870227785153,0.5829758999028413
1180,MRI-ESM2-0_SSP126_2070_04,2070,April,2070-Apr-15,2070-04-15,climate,future,MRI-ESM2-0,SSP126,0.0622391308135632,0.06663156197037198,0.5676200857840233
1181,MRI-ESM2-0_SSP126_2070_05,2070,May,2070-May-15,2070-05-15,climate,future,MRI-ESM2-0,SSP126,0.11129121053653598,0.11964734610293198,0.7734898931254295
1182,MRI-ESM2-0_SSP126_2070_06,2070,June,2070-Jun-15,2070-06-15,climate,future,MRI-ESM2-0,SSP126,0.16816251753896314,0.18111419828100742,0.9023318088106353
1183,MRI-ESM2-0_SSP126_2070_07,2070,July,2070-Jul-15,2070-07-15,climate,future,MRI-ESM2-0,SSP126,0.10286691391486975,0.11054231544318434,0.7612147207279794
1184,MRI-ESM2-0_SSP126_2070_08,2070,August,2070-Aug-15,2070-08-15,climate,future,MRI-ESM2-0,SSP126,0.06776303848191097,0.07260183479266248,0.608177918908031
1185,MRI-ESM2-0_SSP126_2070_09,2070,September,2070-Sep-15,2070-09-15,climate,future,MRI-ESM2-0,SSP126,0.05919460526458822,0.06334102040172995,0.6012346264129482
1186,MRI-ESM2-0_SSP126_2070_10,2070,October,2070-Oct-15,2070-10-15,climate,future,MRI-ESM2-0,SSP126,0.054451679379152615,0.05821483743284741,0.5923955543970236
1187,MRI-ESM2-0_SSP126_2070_11,2070,November,2070-Nov-15,2070-11-15,climate,future,MRI-ESM2-0,SSP126,0.04836064332887322,0.05163160887542319,0.5053437285243726
1188,MRI-ESM2-0_SSP126_2070_12,2070,December,2070-Dec-15,2070-12-15,climate,future,MRI-ESM2-0,SSP126,0.06292346089159545,0.0673711900980308,0.4995852982298159
1189,MRI-ESM2-0_SSP245_2030_01,2030,January,2030-Jan-15,2030-01-15,climate,future,MRI-ESM2-0,SSP245,0.10339537567020454,0.11111348008302398,0.6542216640204744
1190,MRI-ESM2-0_SSP245_2030_02,2030,February,2030-Feb-15,2030-02-15,climate,future,MRI-ESM2-0,SSP245,0.08843000974682609,0.09493882218038768,0.7038436929785066
1191,MRI-ESM2-0_SSP245_2030_03,2030,March,2030-Mar-15,2030-03-15,climate,future,MRI-ESM2-0,SSP245,0.05658765276853144,0.060523410379786896,0.5906656555842555
1192,MRI-ESM2-0_SSP245_2030_04,2030,April,2030-Apr-15,2030-04-15,climate,future,MRI-ESM2-0,SSP245,0.061216812884768886,0.06552663459732104,0.5731296950164696
1193,MRI-ESM2-0_SSP245_2030_05,2030,May,2030-May-15,2030-05-15,climate,future,MRI-ESM2-0,SSP245,0.10986578873346285,0.11810674163365782,0.7783833740136022
1194,MRI-ESM2-0_SSP245_2030_06,2030,June,2030-Jun-15,2030-06-15,climate,future,MRI-ESM2-0,SSP245,0.1686636626991622,0.18165583903180452,0.9003767861797672
1195,MRI-ESM2-0_SSP245_2030_07,2030,July,2030-Jul-15,2030-07-15,climate,future,MRI-ESM2-0,SSP245,0.10585423696718808,0.11377103224976297,0.7663925685442783
1196,MRI-ESM2-0_SSP245_2030_08,2030,August,2030-Aug-15,2030-08-15,climate,future,MRI-ESM2-0,SSP245,0.07045352777182405,0.07550973184487339,0.6271475627384535
1197,MRI-ESM2-0_SSP245_2030_09,2030,September,2030-Sep-15,2030-09-15,climate,future,MRI-ESM2-0,SSP245,0.0611364863488586,0.0654398172109274,0.6221829901182493
1198,MRI-ESM2-0_SSP245_2030_10,2030,October,2030-Oct-15,2030-10-15,climate,future,MRI-ESM2-0,SSP245,0.05564303570834519,0.05950246255725431,0.6040072039621792
1199,MRI-ESM2-0_SSP245_2030_11,2030,November,2030-Nov-15,2030-11-15,climate,future,MRI-ESM2-0,SSP245,0.047423146137363745,0.05061835624900726,0.5110784615749189
1200,MRI-ESM2-0_SSP245_2030_12,2030,December,2030-Dec-15,2030-12-15,climate,future,MRI-ESM2-0,SSP245,0.06418897036653087,0.06873896037077784,0.5188393089883646
1201,MRI-ESM2-0_SSP245_2050_01,2050,January,2050-Jan-15,2050-01-15,climate,future,MRI-ESM2-0,SSP245,0.10100111731994423,0.1085257512012877,0.6380245977392829
1202,MRI-ESM2-0_SSP245_2050_02,2050,February,2050-Feb-15,2050-02-15,climate,future,MRI-ESM2-0,SSP245,0.09051289780506769,0.09719002018998643,0.6966634280433186
1203,MRI-ESM2-0_SSP245_2050_03,2050,March,2050-Mar-15,2050-03-15,climate,future,MRI-ESM2-0,SSP245,0.058623572512174,0.06272384476460738,0.5863883030403564
1204,MRI-ESM2-0_SSP245_2050_04,2050,April,2050-Apr-15,2050-04-15,climate,future,MRI-ESM2-0,SSP245,0.06085116573158504,0.06513144092801602,0.554882817128368
1205,MRI-ESM2-0_SSP245_2050_05,2050,May,2050-May-15,2050-05-15,climate,future,MRI-ESM2-0,SSP245,0.10575928528285308,0.11366840786916614,0.7607170786037584
1206,MRI-ESM2-0_SSP245_2050_06,2050,June,2050-Jun-15,2050-06-15,climate,future,MRI-ESM2-0,SSP245,0.16292167840861277,0.17544986766769635,0.903137515106993
1207,MRI-ESM2-0_SSP245_2050_07,2050,July,2050-Jul-15,2050-07-15,climate,future,MRI-ESM2-0,SSP245,0.09918024065415496,0.10655773669342646,0.7452427782648878
1208,MRI-ESM2-0_SSP245_2050_08,2050,August,2050-Aug-15,2050-08-15,climate,future,MRI-ESM2-0,SSP245,0.06556837116333797,0.07022982507791437,0.59427948529586
1209,MRI-ESM2-0_SSP245_2050_09,2050,September,2050-Sep-15,2050-09-15,climate,future,MRI-ESM2-0,SSP245,0.057599969762103666,0.06161752868721012,0.5855470508779829
1210,MRI-ESM2-0_SSP245_2050_10,2050,October,2050-Oct-15,2050-10-15,climate,future,MRI-ESM2-0,SSP245,0.051311027906514976,0.05482040233738464,0.559515628332425
1211,MRI-ESM2-0_SSP245_2050_11,2050,November,2050-Nov-15,2050-11-15,climate,future,MRI-ESM2-0,SSP245,0.04768391379152063,0.050900195505869605,0.487914405554634
1212,MRI-ESM2-0_SSP245_2050_12,2050,December,2050-Dec-15,2050-12-15,climate,future,MRI-ESM2-0,SSP245,0.06397501211185705,0.0685077130038867,0.5018957795208417
1213,MRI-ESM2-0_SSP245_2070_01,2070,January,2070-Jan-15,2070-01-15,climate,future,MRI-ESM2-0,SSP245,0.10156834733090968,0.10913881679975677,0.6361288182184412
1214,MRI-ESM2-0_SSP245_2070_02,2070,February,2070-Feb-15,2070-02-15,climate,future,MRI-ESM2-0,SSP245,0.09068288948641064,0.09737374820018131,0.6944477357283348
1215,MRI-ESM2-0_SSP245_2070_03,2070,March,2070-Mar-15,2070-03-15,climate,future,MRI-ESM2-0,SSP245,0.058389026996956556,0.06247034654086408,0.5691485580227019
1216,MRI-ESM2-0_SSP245_2070_04,2070,April,2070-Apr-15,2070-04-15,climate,future,MRI-ESM2-0,SSP245,0.06251775251087095,0.06693269800486565,0.55837816061991985
1217,MRI-ESM2-0_SSP245_2070_05,2070,May,2070-May-15,2070-05-15,climate,future,MRI-ESM2-0,SSP245,0.10627992691204201,0.11423112050813612,0.761653119742174
1218,MRI-ESM2-0_SSP245_2070_06,2070,June,2070-Jun-15,2070-06-15,climate,future,MRI-ESM2-0,SSP245,0.1558558854218549,0.16781311594989862,0.8883622834664329
1219,MRI-ESM2-0_SSP245_2070_07,2070,July,2070-Jul-15,2070-07-15,climate,future,MRI-ESM2-0,SSP245,0.0951672348821555,0.10222045579364271,0.7295196568639067
1220,MRI-ESM2-0_SSP245_2070_08,2070,August,2070-Aug-15,2070-08-15,climate,future,MRI-ESM2-0,SSP245,0.06333428447982559,0.06781521070393953,0.5770397402782056
1221,MRI-ESM2-0_SSP245_2070_09,2070,September,2070-Sep-15,2070-09-15,climate,future,MRI-ESM2-0,SSP245,0.055755934638800096,0.05962448440127276,0.5658546411052394
1222,MRI-ESM2-0_SSP245_2070_10,2070,October,2070-Oct-15,2070-10-15,climate,future,MRI-ESM2-0,SSP245,0.050439001348657704,0.05387791077938501,0.5447996398018911
1223,MRI-ESM2-0_SSP245_2070_11,2070,November,2070-Nov-15,2070-11-15,climate,future,MRI-ESM2-0,SSP245,0.049348747660479315,0.052699558017528576,0.4794781866868883
1224,MRI-ESM2-0_SSP245_2070_12,2070,December,2070-Dec-15,2070-12-15,climate,future,MRI-ESM2-0,SSP245,0.06634599109541091,0.07107028140493264,0.498364890163274
1225,MRI-ESM2-0_SSP370_2030_01,2030,January,2030-Jan-15,2030-01-15,climate,future,MRI-ESM2-0,SSP370,0.10286423891084297,0.11053942426307277,0.6552169482689163
1226,MRI-ESM2-0_SSP370_2030_02,2030,February,2030-Feb-15,2030-02-15,climate,future,MRI-ESM2-0,SSP370,0.09035088471864738,0.09701491549942982,0.7083935638285267
1227,MRI-ESM2-0_SSP370_2030_03,2030,March,2030-Mar-15,2030-03-15,climate,future,MRI-ESM2-0,SSP370,0.05723987987938163,0.06122834137615041,0.5960212327306335
1228,MRI-ESM2-0_SSP370_2030_04,2030,April,2030-Apr-15,2030-04-15,climate,future,MRI-ESM2-0,SSP370,0.06038601199974197,0.06462869999522129,0.5721581080120381
1229,MRI-ESM2-0_SSP370_2030_05,2030,May,2030-May-15,2030-05-15,climate,future,MRI-ESM2-0,SSP370,0.10757667367858184,0.11563265223778342,0.777008933860992
1230,MRI-ESM2-0_SSP370_2030_06,2030,June,2030-Jun-15,2030-06-15,climate,future,MRI-ESM2-0,SSP370,0.16158999078389427,0.17401057166390407,0.8950449062774
1231,MRI-ESM2-0_SSP370_2030_07,2030,July,2030-Jul-15,2030-07-15,climate,future,MRI-ESM2-0,SSP370,0.10174551967769531,0.10933030577309591,0.7587383587288798
1232,MRI-ESM2-0_SSP370_2030_08,2030,August,2030-Aug-15,2030-08-15,climate,future,MRI-ESM2-0,SSP370,0.06857945466963057,0.07348422231498446,0.6194104125690182
1233,MRI-ESM2-0_SSP370_2030_09,2030,September,2030-Sep-15,2030-09-15,climate,future,MRI-ESM2-0,SSP370,0.06020182229186712,0.06442962664575765,0.6161046470295505
1234,MRI-ESM2-0_SSP370_2030_10,2030,October,2030-Oct-15,2030-10-15,climate,future,MRI-ESM2-0,SSP370,0.054166153673961936,0.057906239519245374,0.5899784355079504
1235,MRI-ESM2-0_SSP370_2030_11,2030,November,2030-Nov-15,2030-11-15,climate,future,MRI-ESM2-0,SSP370,0.046656962122441796,0.04979025993678196,0.4937794734472381
1236,MRI-ESM2-0_SSP370_2030_12,2030,December,2030-Dec-15,2030-12-15,climate,future,MRI-ESM2-0,SSP370,0.06403826140502032,0.06857607320124336,0.5139813739662077
1237,MRI-ESM2-0_SSP370_2050_01,2050,January,2050-Jan-15,2050-01-15,climate,future,MRI-ESM2-0,SSP370,0.09985253757081745,0.10728435925282923,0.6403587762743193
1238,MRI-ESM2-0_SSP370_2050_02,2050,February,2050-Feb-15,2050-02-15,climate,future,MRI-ESM2-0,SSP370,0.08871569978252666,0.09524759768627251,0.6931799331737719
1239,MRI-ESM2-0_SSP370_2050_03,2050,March,2050-Mar-15,2050-03-15,climate,future,MRI-ESM2-0,SSP370,0.05688745827213724,0.06084744196989436,0.5732007867485012
1240,MRI-ESM2-0_SSP370_2050_04,2050,April,2050-Apr-15,2050-04-15,climate,future,MRI-ESM2-0,SSP370,0.06024353595044834,0.06447471102136348,0.5454394653901751
1241,MRI-ESM2-0_SSP370_2050_05,2050,May,2050-May-15,2050-05-15,climate,future,MRI-ESM2-0,SSP370,0.10212704829843229,0.10974266421008941,0.7553615014573805
1242,MRI-ESM2-0_SSP370_2050_06,2050,June,2050-Jun-15,2050-06-15,climate,future,MRI-ESM2-0,SSP370,0.15208550372796956,0.16373806462227056,0.8812768075072869
1243,MRI-ESM2-0_SSP370_2050_07,2050,July,2050-Jul-15,2050-07-15,climate,future,MRI-ESM2-0,SSP370,0.09394591715090699,0.10090044820905884,0.7274935425010072
1244,MRI-ESM2-0_SSP370_2050_08,2050,August,2050-Aug-15,2050-08-15,climate,future,MRI-ESM2-0,SSP370,0.06332214411512568,0.06780208932574602,0.5771345292542477
1245,MRI-ESM2-0_SSP370_2050_09,2050,September,2050-Sep-15,2050-09-15,climate,future,MRI-ESM2-0,SSP370,0.055816648204127926,0.05969010399181972,0.5679044527121496
1246,MRI-ESM2-0_SSP370_2050_10,2050,October,2050-Oct-15,2050-10-15,climate,future,MRI-ESM2-0,SSP370,0.050432435324068936,0.05387081418953072,0.5540889594540155
1247,MRI-ESM2-0_SSP370_2050_11,2050,November,2050-Nov-15,2050-11-15,climate,future,MRI-ESM2-0,SSP370,0.04812425911156763,0.051376123404330294,0.4784592051944359
1248,MRI-ESM2-0_SSP370_2050_12,2050,December,2050-Dec-15,2050-12-15,climate,future,MRI-ESM2-0,SSP370,0.06333276939837298,0.06781357318252805,0.49911135334960544
1249,MRI-ESM2-0_SSP370_2070_01,2070,January,2070-Jan-15,2070-01-15,climate,future,MRI-ESM2-0,SSP370,0.09922821908026058,0.10660959207616094,0.635714116448257
1250,MRI-ESM2-0_SSP370_2070_02,2070,February,2070-Feb-15,2070-02-15,climate,future,MRI-ESM2-0,SSP370,0.0882219952930644,0.09471399889647512,0.6769117751605488
1251,MRI-ESM2-0_SSP370_2070_03,2070,March,2070-Mar-15,2070-03-15,climate,future,MRI-ESM2-0,SSP370,0.05846592551365422,0.06255345893409009,0.5574658167255149
1252,MRI-ESM2-0_SSP370_2070_04,2070,April,2070-Apr-15,2070-04-15,climate,future,MRI-ESM2-0,SSP370,0.06285088852956489,0.06729275342069765,0.5502618545463163
1253,MRI-ESM2-0_SSP370_2070_05,2070,May,2070-May-15,2070-05-15,climate,future,MRI-ESM2-0,SSP370,0.10353581778638557,0.11126527076836742,0.7526837128841916
1254,MRI-ESM2-0_SSP370_2070_06,2070,June,2070-Jun-15,2070-06-15,climate,future,MRI-ESM2-0,SSP370,0.1506421694558035,0.16217810025271334,0.8836820777743548
1255,MRI-ESM2-0_SSP370_2070_07,2070,July,2070-Jul-15,2070-07-15,climate,future,MRI-ESM2-0,SSP370,0.09103029805898254,0.09774922949236793,0.7116045403919524
1256,MRI-ESM2-0_SSP370_2070_08,2070,August,2070-Aug-15,2070-08-15,climate,future,MRI-ESM2-0,SSP370,0.06087224935097684,0.06515422825861023,0.5559136472428257
1257,MRI-ESM2-0_SSP370_2070_09,2070,September,2070-Sep-15,2070-09-15,climate,future,MRI-ESM2-0,SSP370,0.05333395881512602,0.05700679828747894,0.5396454892296026
1258,MRI-ESM2-0_SSP370_2070_10,2070,October,2070-Oct-15,2070-10-15,climate,future,MRI-ESM2-0,SSP370,0.049326664873366025,0.05267569079971378,0.5323348894523567
1259,MRI-ESM2-0_SSP370_2070_11,2070,November,2070-Nov-15,2070-11-15,climate,future,MRI-ESM2-0,SSP370,0.050709841898932365,0.05417063689036262,0.47566293040119434
1260,MRI-ESM2-0_SSP370_2070_12,2070,December,2070-Dec-15,2070-12-15,climate,future,MRI-ESM2-0,SSP370,0.06511773000003834,0.06974276938091593,0.4944074504135169
1261,UKESM1-0-LL_SSP126_2030_01,2030,January,2030-Jan-15,2030-01-15,climate,future,UKESM1-0-LL,SSP126,0.10337793501977878,0.1110946301115578,0.6434986611057134
1262,UKESM1-0-LL_SSP126_2030_02,2030,February,2030-Feb-15,2030-02-15,climate,future,UKESM1-0-LL,SSP126,0.09158846519070159,0.09835249990808341,0.7035593260503803
1263,UKESM1-0-LL_SSP126_2030_03,2030,March,2030-Mar-15,2030-03-15,climate,future,UKESM1-0-LL,SSP126,0.06095915233123619,0.06524815351107438,0.5900613758619873
1264,UKESM1-0-LL_SSP126_2030_04,2030,April,2030-Apr-15,2030-04-15,climate,future,UKESM1-0-LL,SSP126,0.06653539272515044,0.07127498781978932,0.5807246617218418
1265,UKESM1-0-LL_SSP126_2030_05,2030,May,2030-May-15,2030-05-15,climate,future,UKESM1-0-LL,SSP126,0.11459502678843606,0.12321813064172037,0.778146401573497
1266,UKESM1-0-LL_SSP126_2030_06,2030,June,2030-Jun-15,2030-06-15,climate,future,UKESM1-0-LL,SSP126,0.16822057725829578,0.1811769495678439,0.9002109054716937
1267,UKESM1-0-LL_SSP126_2030_07,2030,July,2030-Jul-15,2030-07-15,climate,future,UKESM1-0-LL,SSP126,0.10083604194902747,0.10834733670806386,0.7482997227422451
1268,UKESM1-0-LL_SSP126_2030_08,2030,August,2030-Aug-15,2030-08-15,climate,future,UKESM1-0-LL,SSP126,0.06679748437602887,0.07155825806124265,0.600772530154743
1269,UKESM1-0-LL_SSP126_2030_09,2030,September,2030-Sep-15,2030-09-15,climate,future,UKESM1-0-LL,SSP126,0.05932497004456519,0.06348191942448347,0.5965188748548543
1270,UKESM1-0-LL_SSP126_2030_10,2030,October,2030-Oct-15,2030-10-15,climate,future,UKESM1-0-LL,SSP126,0.05356752691035808,0.05725924009493287,0.5773122585843267
1271,UKESM1-0-LL_SSP126_2030_11,2030,November,2030-Nov-15,2030-11-15,climate,future,UKESM1-0-LL,SSP126,0.048947233278470746,0.052265598838233854,0.4858882911917344
1272,UKESM1-0-LL_SSP126_2030_12,2030,December,2030-Dec-15,2030-12-15,climate,future,UKESM1-0-LL,SSP126,0.06542761133415964,0.07007769101331736,0.5027014858171994
1273,UKESM1-0-LL_SSP126_2050_01,2050,January,2050-Jan-15,2050-01-15,climate,future,UKESM1-0-LL,SSP126,0.10194392495704614,0.10954474338427728,0.6213417379558758
1274,UKESM1-0-LL_SSP126_2050_02,2050,February,2050-Feb-15,2050-02-15,climate,future,UKESM1-0-LL,SSP126,0.09416333657395357,0.10113543644281936,0.6929311121116614
1275,UKESM1-0-LL_SSP126_2050_03,2050,March,2050-Mar-15,2050-03-15,climate,future,UKESM1-0-LL,SSP126,0.06413505513192512,0.06868068845745688,0.5822175880945046
1276,UKESM1-0-LL_SSP126_2050_04,2050,April,2050-Apr-15,2050-04-15,climate,future,UKESM1-0-LL,SSP126,0.06892347630314552,0.07385604300246382,0.5874428303988246
1277,UKESM1-0-LL_SSP126_2050_05,2050,May,2050-May-15,2050-05-15,climate,future,UKESM1-0-LL,SSP126,0.11683155803147185,0.12563538714888314,0.7767482641768763
1278,UKESM1-0-LL_SSP126_2050_06,2050,June,2050-Jun-15,2050-06-15,climate,future,UKESM1-0-LL,SSP126,0.1641721429834773,0.17680137741510965,0.8952818787175052
1279,UKESM1-0-LL_SSP126_2050_07,2050,July,2050-Jul-15,2050-07-15,climate,future,UKESM1-0-LL,SSP126,0.09690987536750638,0.1041039121711304,0.7336548259437428
1280,UKESM1-0-LL_SSP126_2050_08,2050,August,2050-Aug-15,2050-08-15,climate,future,UKESM1-0-LL,SSP126,0.06418220895130902,0.06873165257443524,0.5781535107467002
1281,UKESM1-0-LL_SSP126_2050_09,2050,September,2050-Sep-15,2050-09-15,climate,future,UKESM1-0-LL,SSP126,0.057160815306106914,0.06114288791549139,0.5691011635346809
1282,UKESM1-0-LL_SSP126_2050_10,2050,October,2050-Oct-15,2050-10-15,climate,future,UKESM1-0-LL,SSP126,0.05191729926631339,0.05547566408814974,0.5558188582667836
1283,UKESM1-0-LL_SSP126_2050_11,2050,November,2050-Nov-15,2050-11-15,climate,future,UKESM1-0-LL,SSP126,0.05107474613747339,0.054565027605952825,0.48494040143131356
1284,UKESM1-0-LL_SSP126_2050_12,2050,December,2050-Dec-15,2050-12-15,climate,future,UKESM1-0-LL,SSP126,0.06608660841694958,0.07078993903009921,0.48453754828313467
1285,UKESM1-0-LL_SSP126_2070_01,2070,January,2070-Jan-15,2070-01-15,climate,future,UKESM1-0-LL,SSP126,0.10284971100362704,0.11052372241283114,0.6199317519372497
1286,UKESM1-0-LL_SSP126_2070_02,2070,February,2070-Feb-15,2070-02-15,climate,future,UKESM1-0-LL,SSP126,0.0953293324721679,0.10239565181561458,0.6880613284674992
1287,UKESM1-0-LL_SSP126_2070_03,2070,March,2070-Mar-15,2070-03-15,climate,future,UKESM1-0-LL,SSP126,0.06544649065375631,0.07009809590138524,0.583414298917036
1288,UKESM1-0-LL_SSP126_2070_04,2070,April,2070-Apr-15,2070-04-15,climate,future,UKESM1-0-LL,SSP126,0.06849206054605306,0.07338976624619441,0.5893860044076874
1289,UKESM1-0-LL_SSP126_2070_05,2070,May,2070-May-15,2070-05-15,climate,future,UKESM1-0-LL,SSP126,0.11786641343125416,0.12675386511301015,0.7822104789213015
1290,UKESM1-0-LL_SSP126_2070_06,2070,June,2070-Jun-15,2070-06-15,climate,future,UKESM1-0-LL,SSP126,0.16495037885304778,0.17764249938747473,0.899997630275599
1291,UKESM1-0-LL_SSP126_2070_07,2070,July,2070-Jul-15,2070-07-15,climate,future,UKESM1-0-LL,SSP126,0.09536103413874465,0.10242991523825364,0.7274224507689756
1292,UKESM1-0-LL_SSP126_2070_08,2070,August,2070-Aug-15,2070-08-15,climate,future,UKESM1-0-LL,SSP126,0.06334250643766391,0.0678240970249457,0.5706296357733596
1293,UKESM1-0-LL_SSP126_2070_09,2070,September,2070-Sep-15,2070-09-15,climate,future,UKESM1-0-LL,SSP126,0.0564588809703215,0.060384233041906155,0.5608189767530036
1294,UKESM1-0-LL_SSP126_2070_10,2070,October,2070-Oct-15,2070-10-15,climate,future,UKESM1-0-LL,SSP126,0.05194344764981931,0.05550392544537641,0.5556885234247257
1295,UKESM1-0-LL_SSP126_2070_11,2070,November,2070-Nov-15,2070-11-15,climate,future,UKESM1-0-LL,SSP126,0.05087993537456764,0.05435447494823,0.4747624351287945
1296,UKESM1-0-LL_SSP126_2070_12,2070,December,2070-Dec-15,2070-12-15,climate,future,UKESM1-0-LL,SSP126,0.0658676780142511,0.07055331772920782,0.47964406739496196
1297,UKESM1-0-LL_SSP245_2030_01,2030,January,2030-Jan-15,2030-01-15,climate,future,UKESM1-0-LL,SSP245,0.10214151162276769,0.10975829623017175,0.6387236664375933
1298,UKESM1-0-LL_SSP245_2030_02,2030,February,2030-Feb-15,2030-02-15,climate,future,UKESM1-0-LL,SSP245,0.09167325986869844,0.09844414651344514,0.6999691935827863
1299,UKESM1-0-LL_SSP245_2030_03,2030,March,2030-Mar-15,2030-03-15,climate,future,UKESM1-0-LL,SSP245,0.06144352799956416,0.06577166967835121,0.5895755823597716
1300,UKESM1-0-LL_SSP245_2030_04,2030,April,2030-Apr-15,2030-04-15,climate,future,UKESM1-0-LL,SSP245,0.06685667405035482,0.07162223061991753,0.5821583449844783
1301,UKESM1-0-LL_SSP245_2030_05,2030,May,2030-May-15,2030-05-15,climate,future,UKESM1-0-LL,SSP245,0.11539479821984662,0.12408252847523797,0.783324249389796
1302,UKESM1-0-LL_SSP245_2030_06,2030,June,2030-Jun-15,2030-06-15,climate,future,UKESM1-0-LL,SSP245,0.16701698181538727,0.1798760963603341,0.8977700893386099
1303,UKESM1-0-LL_SSP245_2030_07,2030,July,2030-Jul-15,2030-07-15,climate,future,UKESM1-0-LL,SSP245,0.0987404322625054,0.10608238914775728,0.7430152373278988
1304,UKESM1-0-LL_SSP245_2030_08,2030,August,2030-Aug-15,2030-08-15,climate,future,UKESM1-0-LL,SSP245,0.06585872272888166,0.07054363881671898,0.5940899073437759
1305,UKESM1-0-LL_SSP245_2030_09,2030,September,2030-Sep-15,2030-09-15,climate,future,UKESM1-0-LL,SSP245,0.058661333484760846,0.06276465701681987,0.5845636152515462
1306,UKESM1-0-LL_SSP245_2030_10,2030,October,2030-Oct-15,2030-10-15,climate,future,UKESM1-0-LL,SSP245,0.05390386417052252,0.057622755427525325,0.5758548780776795
1307,UKESM1-0-LL_SSP245_2030_11,2030,November,2030-Nov-15,2030-11-15,climate,future,UKESM1-0-LL,SSP245,0.05063277766680208,0.0540873453986234,0.48937178606128107
1308,UKESM1-0-LL_SSP245_2030_12,2030,December,2030-Dec-15,2030-12-15,climate,future,UKESM1-0-LL,SSP245,0.06563384706478141,0.07030059183651505,0.4999407568899737
1309,UKESM1-0-LL_SSP245_2050_01,2050,January,2050-Jan-15,2050-01-15,climate,future,UKESM1-0-LL,SSP245,0.10130657124749298,0.10885588763112793,0.6185928576506552
1310,UKESM1-0-LL_SSP245_2050_02,2050,February,2050-Feb-15,2050-02-15,climate,future,UKESM1-0-LL,SSP245,0.0937029928221104,0.10063789411622548,0.6877177184293467
1311,UKESM1-0-LL_SSP245_2050_03,2050,March,2050-Mar-15,2050-03-15,climate,future,UKESM1-0-LL,SSP245,0.06532141338587061,0.06996291162656658,0.5864356975283774
1312,UKESM1-0-LL_SSP245_2050_04,2050,April,2050-Apr-15,2050-04-15,climate,future,UKESM1-0-LL,SSP245,0.06890996395319812,0.07384143877483113,0.5870873717386668
1313,UKESM1-0-LL_SSP245_2050_05,2050,May,2050-May-15,2050-05-15,climate,future,UKESM1-0-LL,SSP245,0.11620790971498099,0.12496134427876342,0.7724472143889666
1314,UKESM1-0-LL_SSP245_2050_06,2050,June,2050-Jun-15,2050-06-15,climate,future,UKESM1-0-LL,SSP245,0.16209959537839605,0.1745613553780321,0.8912059527476954
1315,UKESM1-0-LL_SSP245_2050_07,2050,July,2050-Jul-15,2050-07-15,climate,future,UKESM1-0-LL,SSP245,0.0942036395443116,0.10117899615003238,0.7228725799189554
1316,UKESM1-0-LL_SSP245_2050_08,2050,August,2050-Aug-15,2050-08-15,climate,future,UKESM1-0-LL,SSP245,0.062414359189302465,0.06682094990666722,0.5626436645418138
1317,UKESM1-0-LL_SSP245_2050_09,2050,September,2050-Sep-15,2050-09-15,climate,future,UKESM1-0-LL,SSP245,0.055914041647772875,0.05979536742563175,0.5538756842579208
1318,UKESM1-0-LL_SSP245_2050_10,2050,October,2050-Oct-15,2050-10-15,climate,future,UKESM1-0-LL,SSP245,0.051345893408936395,0.054858085204901236,0.5462333230645275
1319,UKESM1-0-LL_SSP245_2050_11,2050,November,2050-Nov-15,2050-11-15,climate,future,UKESM1-0-LL,SSP245,0.05170928250599502,0.05525083832754113,0.46762956468162753
1320,UKESM1-0-LL_SSP245_2050_12,2050,December,2050-Dec-15,2050-12-15,climate,future,UKESM1-0-LL,SSP245,0.06633890686677772,0.071062624710169775,0.4834948695466717
1321,UKESM1-0-LL_SSP245_2070_01,2070,January,2070-Jan-15,2070-01-15,climate,future,UKESM1-0-LL,SSP245,0.10460214494639074,0.11241776363584241,0.6284627597810375
1322,UKESM1-0-LL_SSP245_2070_02,2070,February,2070-Feb-15,2070-02-15,climate,future,UKESM1-0-LL,SSP245,0.09687583265820059,0.10406711857727707,0.69490983198654
1323,UKESM1-0-LL_SSP245_2070_03,2070,March,2070-Mar-15,2070-03-15,climate,future,UKESM1-0-LL,SSP245,0.06795985692654598,0.07281455735732538,0.5953695585203441
1324,UKESM1-0-LL_SSP245_2070_04,2070,April,2070-Apr-15,2070-04-15,climate,future,UKESM1-0-LL,SSP245,0.07144923572399149,0.07658589902197918,0.6029289793597005
1325,UKESM1-0-LL_SSP245_2070_05,2070,May,2070-May-15,2070-05-15,climate,future,UKESM1-0-LL,SSP245,0.11987779225022616,0.12892777550612422,0.7850304509585535
1326,UKESM1-0-LL_SSP245_2070_06,2070,June,2070-Jun-15,2070-06-15,climate,future,UKESM1-0-LL,SSP245,0.16276080305351628,0.17527599267871688,0.9041446479774402
1327,UKESM1-0-LL_SSP245_2070_07,2070,July,2070-Jul-15,2070-07-15,climate,future,UKESM1-0-LL,SSP245,0.09232853680185922,0.09915237377311191,0.7234413137752079
1328,UKESM1-0-LL_SSP245_2070_08,2070,August,2070-Aug-15,2070-08-15,climate,future,UKESM1-0-LL,SSP245,0.061109920939059245,0.06541110515287335,0.5455342543662172
1329,UKESM1-0-LL_SSP245_2070_09,2070,September,2070-Sep-15,2070-09-15,climate,future,UKESM1-0-LL,SSP245,0.05485040277321052,0.058645780098416846,0.5337922699590038
1330,UKESM1-0-LL_SSP245_2070_10,2070,October,2070-Oct-15,2070-10-15,climate,future,UKESM1-0-LL,SSP245,0.0512931955574265,0.05480112904835887,0.5336026920069196
1331,UKESM1-0-LL_SSP245_2070_11,2070,November,2070-Nov-15,2070-11-15,climate,future,UKESM1-0-LL,SSP245,0.0532756861580975,0.05694381687178726,0.4699281973506481
1332,UKESM1-0-LL_SSP245_2070_12,2070,December,2070-Dec-15,2070-12-15,climate,future,UKESM1-0-LL,SSP245,0.06833071822481569,0.07321538644974662,0.4866347543780658
1333,UKESM1-0-LL_SSP370_2030_01,2030,January,2030-Jan-15,2030-01-15,climate,future,UKESM1-0-LL,SSP370,0.09896497145888732,0.10632507243670995,0.6321121353586577
1334,UKESM1-0-LL_SSP370_2030_02,2030,February,2030-Feb-15,2030-02-15,climate,future,UKESM1-0-LL,SSP370,0.08878457960369107,0.09532204342092254,0.6947913457664874
1335,UKESM1-0-LL_SSP370_2030_03,2030,March,2030-Mar-15,2030-03-15,climate,future,UKESM1-0-LL,SSP370,0.06043787095037613,0.06468474944591339,0.5808549965638996
1336,UKESM1-0-LL_SSP370_2030_04,2030,April,2030-Apr-15,2030-04-15,climate,future,UKESM1-0-LL,SSP370,0.06639538817604689,0.07112367006580626,0.5741368278869168
1337,UKESM1-0-LL_SSP370_2030_05,2030,May,2030-May-15,2030-05-15,climate,future,UKESM1-0-LL,SSP370,0.11345988796792292,0.12199126578158352,0.7779094291333918
1338,UKESM1-0-LL_SSP370_2030_06,2030,June,2030-Jun-15,2030-06-15,climate,future,UKESM1-0-LL,SSP370,0.16379116561071616,0.17638961473610706,0.8938126495888529
1339,UKESM1-0-LL_SSP370_2030_07,2030,July,2030-Jul-15,2030-07-15,climate,future,UKESM1-0-LL,SSP370,0.0973272511501663,0.1045550144287588,0.7357875779046897
1340,UKESM1-0-LL_SSP370_2030_08,2030,August,2030-Aug-15,2030-08-15,climate,future,UKESM1-0-LL,SSP370,0.06531329991105649,0.06995414253330284,0.590594563852224
1341,UKESM1-0-LL_SSP370_2030_09,2030,September,2030-Sep-15,2030-09-15,climate,future,UKESM1-0-LL,SSP370,0.058559572737082316,0.06265467339220228,0.5873361928007773
1342,UKESM1-0-LL_SSP370_2030_10,2030,October,2030-Oct-15,2030-10-15,climate,future,UKESM1-0-LL,SSP370,0.05365614989472864,0.05735502435722247,0.5777269603545108
1343,UKESM1-0-LL_SSP370_2030_11,2030,November,2030-Nov-15,2030-11-15,climate,future,UKESM1-0-LL,SSP370,0.0501315436413165,0.053545608631177764,0.4942534183274485
1344,UKESM1-0-LL_SSP370_2030_12,2030,December,2030-Dec-15,2030-12-15,climate,future,UKESM1-0-LL,SSP370,0.06480528346062633,0.06940507528767306,0.5034597976255362
1345,UKESM1-0-LL_SSP370_2050_01,2050,January,2050-Jan-15,2050-01-15,climate,future,UKESM1-0-LL,SSP370,0.10084784665676443,0.1083600953428955,0.6161875873835873
1346,UKESM1-0-LL_SSP370_2050_02,2050,February,2050-Feb-15,2050-02-15,climate,future,UKESM1-0-LL,SSP370,0.0929911967213593,0.09986858059048712,0.6760586743761701
1347,UKESM1-0-LL_SSP370_2050_03,2050,March,2050-Mar-15,2050-03-15,climate,future,UKESM1-0-LL,SSP370,0.06486510633348828,0.06946973221160417,0.5745633782791061
1348,UKESM1-0-LL_SSP370_2050_04,2050,April,2050-Apr-15,2050-04-15,climate,future,UKESM1-0-LL,SSP370,0.06980926542644374,0.07481340921936298,0.5846939500936041
1349,UKESM1-0-LL_SSP370_2050_05,2050,May,2050-May-15,2050-05-15,climate,future,UKESM1-0-LL,SSP370,0.11520114426785288,0.12387322611159063,0.7755634019763501
1350,UKESM1-0-LL_SSP370_2050_06,2050,June,2050-Jun-15,2050-06-15,climate,future,UKESM1-0-LL,SSP370,0.15685777498332834,0.1688959642353287,0.8893457190928695
1351,UKESM1-0-LL_SSP370_2050_07,2050,July,2050-Jul-15,2050-07-15,climate,future,UKESM1-0-LL,SSP370,0.09012308826169464,0.0967687116681495,0.7086186876466267
1352,UKESM1-0-LL_SSP370_2050_08,2050,August,2050-Aug-15,2050-08-15,climate,future,UKESM1-0-LL,SSP370,0.060565363661921244,0.06482254435290367,0.5443019976776701
1353,UKESM1-0-LL_SSP370_2050_09,2050,September,2050-Sep-15,2050-09-15,climate,future,UKESM1-0-LL,SSP370,0.05452870174367755,0.05829808367956586,0.5360672053840139
1354,UKESM1-0-LL_SSP370_2050_10,2050,October,2050-Oct-15,2050-10-15,climate,future,UKESM1-0-LL,SSP370,0.05091790989786051,0.05439551803234564,0.5379274390388398
1355,UKESM1-0-LL_SSP370_2050_11,2050,November,2050-Nov-15,2050-11-15,climate,future,UKESM1-0-LL,SSP370,0.05185442394183573,0.05540770805417416,0.4644067394961966
1356,UKESM1-0-LL_SSP370_2050_12,2050,December,2050-Dec-15,2050-12-15,climate,future,UKESM1-0-LL,SSP370,0.06552911608159089,0.07018739795765572,0.47704921917580984
1357,UKESM1-0-LL_SSP370_2070_01,2070,January,2070-Jan-15,2070-01-15,climate,future,UKESM1-0-LL,SSP370,0.10309818175161684,0.11079227109843204,0.621033673783739
1358,UKESM1-0-LL_SSP370_2070_02,2070,February,2070-Feb-15,2070-02-15,climate,future,UKESM1-0-LL,SSP370,0.09667963401698206,0.10385506593808326,0.6832744851773739
1359,UKESM1-0-LL_SSP370_2070_03,2070,March,2070-Mar-15,2070-03-15,climate,future,UKESM1-0-LL,SSP370,0.07003357002708527,0.07505583899431717,0.6007251356667219
1360,UKESM1-0-LL_SSP370_2070_04,2070,April,2070-Apr-15,2070-04-15,climate,future,UKESM1-0-LL,SSP370,0.07459247681497892,0.07998313298893209,0.6262707647100643
1361,UKESM1-0-LL_SSP370_2070_05,2070,May,2070-May-15,2070-05-15,climate,future,UKESM1-0-LL,SSP370,0.12364433484155535,0.13299867749186994,0.8055522642716652
1362,UKESM1-0-LL_SSP370_2070_06,2070,June,2070-Jun-15,2070-06-15,climate,future,UKESM1-0-LL,SSP370,0.1596724082084371,0.17193803686901185,0.9030308775089457
1363,UKESM1-0-LL_SSP370_2070_07,2070,July,2070-Jul-15,2070-07-15,climate,future,UKESM1-0-LL,SSP370,0.08761984830094857,0.09406319481259977,0.7084291096945425
1364,UKESM1-0-LL_SSP370_2070_08,2070,August,2070-Aug-15,2070-08-15,climate,future,UKESM1-0-LL,SSP370,0.058505174595246526,0.06259587955921575,0.529941467807294
1365,UKESM1-0-LL_SSP370_2070_09,2070,September,2070-Sep-15,2070-09-15,climate,future,UKESM1-0-LL,SSP370,0.053915654694277795,0.05763549872360689,0.5206166022891537
1366,UKESM1-0-LL_SSP370_2070_10,2070,October,2070-Oct-15,2070-10-15,climate,future,UKESM1-0-LL,SSP370,0.051849128276285544,0.055401984495385526,0.5362804805801086
1367,UKESM1-0-LL_SSP370_2070_11,2070,November,2070-Nov-15,2070-11-15,climate,future,UKESM1-0-LL,SSP370,0.0542162146311851,0.057960345721486846,0.47895684731865684
1368,UKESM1-0-LL_SSP370_2070_12,2070,December,2070-Dec-15,2070-12-15,climate,future,UKESM1-0-LL,SSP370,0.06756332664131658,0.07238598501667598,0.4886727173629707
