variable,year,month,min,mean,max,n_missing,prop_missing
cum_precip_3_months_prior,2008,January,19.6,228.278,908.9,11782,0.095
cum_precip_3_months_prior,2008,February,24.7,270.238,905.5,11782,0.095
cum_precip_3_months_prior,2008,March,7.2,310.286,1062.6,11782,0.095
cum_precip_3_months_prior,2008,April,8.9,347.901,1039.1,11782,0.095
cum_precip_3_months_prior,2008,May,59.7,361.595,1214.1,11782,0.095
cum_precip_3_months_prior,2008,June,74.5,307.479,1401.9,11782,0.095
cum_precip_3_months_prior,2008,July,19.8,191.18,993.6,11782,0.095
cum_precip_3_months_prior,2008,August,0.3,113.602,743.8,11782,0.095
cum_precip_3_months_prior,2008,September,0,90.804,782.2,11782,0.095
cum_precip_3_months_prior,2008,October,0,107.953,777.3,11782,0.095
cum_precip_3_months_prior,2008,November,1.3,157.315,987,11782,0.095
cum_precip_3_months_prior,2008,December,32.7,227.268,993.1,11782,0.095
cum_precip_3_months_prior,2009,January,52.1,254.67,1084.7,11782,0.095
cum_precip_3_months_prior,2009,February,34.1,266.217,838.4,11782,0.095
cum_precip_3_months_prior,2009,March,9.1,274.354,909.3,11782,0.095
cum_precip_3_months_prior,2009,April,8.5,312.074,980.2,11782,0.095
cum_precip_3_months_prior,2009,May,37.5,334.719,999.5,11782,0.095
cum_precip_3_months_prior,2009,June,46.9,278.899,1058.6,11782,0.095
cum_precip_3_months_prior,2009,July,16.4,181.128,959,11782,0.095
cum_precip_3_months_prior,2009,August,0.4,99.159,566.4,11782,0.095
cum_precip_3_months_prior,2009,September,0,73.524,529.1,11782,0.095
cum_precip_3_months_prior,2009,October,0,92.363,620.9,11782,0.095
cum_precip_3_months_prior,2009,November,0.5,133.182,1002.3,11782,0.095
cum_precip_3_months_prior,2009,December,22,206.161,1327.6,11782,0.095
cum_precip_3_months_prior,2010,January,35.4,296.19,1629.6,11782,0.095
cum_precip_3_months_prior,2010,February,36.6,322.22,927.6,11782,0.095
cum_precip_3_months_prior,2010,March,12.1,337.831,952.9,11782,0.095
cum_precip_3_months_prior,2010,April,8.8,349.521,924.5,11782,0.095
cum_precip_3_months_prior,2010,May,71.3,373.918,1104.4,11782,0.095
cum_precip_3_months_prior,2010,June,74.7,325.583,1178.2,11782,0.095
cum_precip_3_months_prior,2010,July,16.9,224.432,1187.4,11782,0.095
cum_precip_3_months_prior,2010,August,0.4,138.502,942,11782,0.095
cum_precip_3_months_prior,2010,September,0,106.287,887.5,11782,0.095
cum_precip_3_months_prior,2010,October,0,99.94,856.7,11782,0.095
cum_precip_3_months_prior,2010,November,0.3,115.113,885.8,11782,0.095
cum_precip_3_months_prior,2010,December,8.8,143.699,696.2,11782,0.095
cum_precip_3_months_prior,2011,January,43.5,203.927,816.9,11782,0.095
cum_precip_3_months_prior,2011,February,14.7,225.188,835.5,11782,0.095
cum_precip_3_months_prior,2011,March,9.2,256.575,969.2,11782,0.095
cum_precip_3_months_prior,2011,April,7.7,302.382,923,11782,0.095
cum_precip_3_months_prior,2011,May,48.4,343.742,1564,11782,0.095
cum_precip_3_months_prior,2011,June,63.6,314.059,1635.9,11782,0.095
cum_precip_3_months_prior,2011,July,20.1,207.843,1192.7,11782,0.095
cum_precip_3_months_prior,2011,August,0.5,124.784,841.8,11782,0.095
cum_precip_3_months_prior,2011,September,0,93.657,677.8,11782,0.095
cum_precip_3_months_prior,2011,October,0,111.611,707.1,11782,0.095
cum_precip_3_months_prior,2011,November,0.9,146.22,755.9,11782,0.095
cum_precip_3_months_prior,2011,December,31.8,250.406,1437.8,11782,0.095
cum_precip_3_months_prior,2012,January,61.3,334.634,1486.5,11782,0.095
cum_precip_3_months_prior,2012,February,24.9,345.016,1133.6,11782,0.095
cum_precip_3_months_prior,2012,March,5.4,274.59,910.5,11782,0.095
cum_precip_3_months_prior,2012,April,8.9,227.837,944.8,11782,0.095
cum_precip_3_months_prior,2012,May,35,298.254,836.8,11782,0.095
cum_precip_3_months_prior,2012,June,75.2,293.879,1148,11782,0.095
cum_precip_3_months_prior,2012,July,20,242.728,1244.5,11782,0.095
cum_precip_3_months_prior,2012,August,0.5,128.794,814.8,11782,0.095
cum_precip_3_months_prior,2012,September,0,100.527,696.7,11782,0.095
cum_precip_3_months_prior,2012,October,0,106.431,758.1,11782,0.095
cum_precip_3_months_prior,2012,November,1.5,142.555,915.4,11782,0.095
cum_precip_3_months_prior,2012,December,24.5,203.432,1317.5,11782,0.095
cum_precip_3_months_prior,2013,January,72.8,300.766,1640.8,11782,0.095
cum_precip_3_months_prior,2013,February,37.7,333.656,1095.6,11782,0.095
cum_precip_3_months_prior,2013,March,9,302.705,971.5,11782,0.095
cum_precip_3_months_prior,2013,April,19.4,330.074,913,11782,0.095
cum_precip_3_months_prior,2013,May,63.7,378.919,1251.5,11782,0.095
cum_precip_3_months_prior,2013,June,108.2,372.606,1789.7,11782,0.095
cum_precip_3_months_prior,2013,July,24.9,228.683,1357.2,11782,0.095
cum_precip_3_months_prior,2013,August,0.4,110.276,834,11782,0.095
cum_precip_3_months_prior,2013,September,0,99.525,889.7,11782,0.095
cum_precip_3_months_prior,2013,October,0,129.882,1090,11782,0.095
cum_precip_3_months_prior,2013,November,0.8,146.65,1089.6,11782,0.095
cum_precip_3_months_prior,2013,December,17.2,198.299,697.8,11782,0.095
cum_precip_3_months_prior,2014,January,50.4,267.066,818.5,11782,0.095
cum_precip_3_months_prior,2014,February,25.7,316.593,900.2,11782,0.095
cum_precip_3_months_prior,2014,March,8.8,309.822,951.3,11782,0.095
cum_precip_3_months_prior,2014,April,10.4,284.645,926,11782,0.095
cum_precip_3_months_prior,2014,May,48.5,301.293,1219.2,11782,0.095
cum_precip_3_months_prior,2014,June,30.6,271.894,1473.5,11782,0.095
cum_precip_3_months_prior,2014,July,18.1,204.781,1390,11782,0.095
cum_precip_3_months_prior,2014,August,0.9,124.666,689.7,11782,0.095
cum_precip_3_months_prior,2014,September,0,97.075,693.2,11782,0.095
cum_precip_3_months_prior,2014,October,0,114.856,671.8,11782,0.095
cum_precip_3_months_prior,2014,November,1.2,142.896,633.3,11782,0.095
cum_precip_3_months_prior,2014,December,38.7,210.824,1047.3,11782,0.095
cum_precip_3_months_prior,2015,January,50.1,277.067,1179.6,11782,0.095
cum_precip_3_months_prior,2015,February,33.9,310.408,839.2,11782,0.095
cum_precip_3_months_prior,2015,March,9.1,277.903,951.3,11782,0.095
cum_precip_3_months_prior,2015,April,8.9,264.887,914.5,11782,0.095
cum_precip_3_months_prior,2015,May,70.4,319.663,1074.3,11782,0.095
cum_precip_3_months_prior,2015,June,77.4,321.551,1279.7,11782,0.095
cum_precip_3_months_prior,2015,July,19.8,257.326,1168.7,11782,0.095
cum_precip_3_months_prior,2015,August,1,139.023,870.7,11782,0.095
cum_precip_3_months_prior,2015,September,0,97.106,665.2,11782,0.095
cum_precip_3_months_prior,2015,October,0,98.428,660.8,11782,0.095
cum_precip_3_months_prior,2015,November,0.4,136.511,729.4,11782,0.095
cum_precip_3_months_prior,2015,December,21.7,232.407,1383.9,11782,0.095
cum_precip_3_months_prior,2016,January,64.2,322.714,1573.4,11782,0.095
cum_precip_3_months_prior,2016,February,31.7,392.851,1191.4,11782,0.095
cum_precip_3_months_prior,2016,March,6.3,362.478,1161.4,11782,0.095
cum_precip_3_months_prior,2016,April,3.5,342.084,1109.7,11782,0.095
cum_precip_3_months_prior,2016,May,54.1,377.752,1235.4,11782,0.095
cum_precip_3_months_prior,2016,June,69.1,343.776,1308.3,11782,0.095
cum_precip_3_months_prior,2016,July,19.6,265.798,1108.7,11782,0.095
cum_precip_3_months_prior,2016,August,0.5,127.969,865.4,11782,0.095
cum_precip_3_months_prior,2016,September,0,97.456,668.5,11782,0.095
cum_precip_3_months_prior,2016,October,0,99.8,627.6,11782,0.095
cum_precip_3_months_prior,2016,November,0.3,108.73,633.3,11782,0.095
cum_precip_3_months_prior,2016,December,3.7,165.96,896.6,11782,0.095
cum_precip_3_months_prior,2017,January,35.3,254.947,1137.6,11782,0.095
cum_precip_3_months_prior,2017,February,29.6,281.309,989.3,11782,0.095
cum_precip_3_months_prior,2017,March,9.1,306.36,947.8,11782,0.095
cum_precip_3_months_prior,2017,April,8.9,313.358,986.8,11782,0.095
cum_precip_3_months_prior,2017,May,72.4,416.115,1847.4,11782,0.095
cum_precip_3_months_prior,2017,June,91.2,374.793,2018,11782,0.095
cum_precip_3_months_prior,2017,July,11.8,272.105,1757.2,11782,0.095
cum_precip_3_months_prior,2017,August,0.9,144.995,868.5,11782,0.095
cum_precip_3_months_prior,2017,September,0,111.948,906,11782,0.095
cum_precip_3_months_prior,2017,October,0,137.032,1031.8,11782,0.095
cum_precip_3_months_prior,2017,November,0.8,173.946,1047.7,11782,0.095
cum_precip_3_months_prior,2017,December,27.6,273.365,2877.3,11782,0.095
cum_precip_3_months_prior,2018,January,49.3,309.123,2948.9,11782,0.095
cum_precip_3_months_prior,2018,February,35.5,338.328,2142,11782,0.095
cum_precip_3_months_prior,2018,March,1.3,292.951,1042.2,11782,0.095
cum_precip_3_months_prior,2018,April,8.9,346.475,1060.6,11782,0.095
cum_precip_3_months_prior,2018,May,72.3,382.799,1373.8,11782,0.095
cum_precip_3_months_prior,2018,June,97,388.758,1584.2,11782,0.095
cum_precip_3_months_prior,2018,July,25.9,290.966,1385.5,11782,0.095
cum_precip_3_months_prior,2018,August,0.9,169.168,1261.1,11782,0.095
cum_precip_3_months_prior,2018,September,0,107.054,887.9,11782,0.095
cum_precip_3_months_prior,2018,October,0,97.169,792,11782,0.095
cum_precip_3_months_prior,2018,November,1.1,122.98,745.8,11782,0.095
cum_precip_3_months_prior,2018,December,10.9,158.395,822.4,11782,0.095
cum_precip_3_months_prior,2019,January,33.5,253.309,1013.3,11782,0.095
cum_precip_3_months_prior,2019,February,20.1,294.758,839.2,11782,0.095
cum_precip_3_months_prior,2019,March,7.4,321.229,951.3,11782,0.095
cum_precip_3_months_prior,2019,April,8.3,340.676,1069.1,11782,0.095
cum_precip_3_months_prior,2019,May,69.8,388.292,1454.2,11782,0.095
cum_precip_3_months_prior,2019,June,93.4,382.14,1858.4,11782,0.095
cum_precip_3_months_prior,2019,July,26.7,270.491,1463,11782,0.095
cum_precip_3_months_prior,2019,August,3.7,168.065,1170.2,11782,0.095
cum_precip_3_months_prior,2019,September,0,108.865,857.5,11782,0.095
cum_precip_3_months_prior,2019,October,0,106.728,784,11782,0.095
cum_precip_3_months_prior,2019,November,1.1,192.619,1448.4,11782,0.095
cum_precip_3_months_prior,2019,December,26.5,287.627,2295.6,11782,0.095
cum_precip_3_months_prior,2020,January,121,436.08,2613.7,11782,0.095
cum_precip_3_months_prior,2020,February,43,455.505,1510.4,11782,0.095
cum_precip_3_months_prior,2020,March,16,424.567,1154.3,11782,0.095
cum_precip_3_months_prior,2020,April,8.9,423.333,1437.8,11782,0.095
cum_precip_3_months_prior,2020,May,70.4,435.287,1622.3,11782,0.095
cum_precip_3_months_prior,2020,June,71.9,391.372,1841.7,11782,0.095
cum_precip_3_months_prior,2020,July,27.4,241.222,1550.1,11782,0.095
cum_precip_3_months_prior,2020,August,0.2,146.437,1116.5,11782,0.095
cum_precip_3_months_prior,2020,September,0,135.985,1510.4,11782,0.095
cum_precip_3_months_prior,2020,October,0,146.894,1531.2,11782,0.095
cum_precip_3_months_prior,2020,November,0.4,150.078,1087.9,11782,0.095
cum_precip_3_months_prior,2020,December,17.4,207.341,826.6,11782,0.095
cum_precip_3_months_prior,2021,January,52.9,275.569,903.6,11782,0.095
cum_precip_3_months_prior,2021,February,33.5,332.494,982.5,11782,0.095
cum_precip_3_months_prior,2021,March,3.9,344.797,1122.2,11782,0.095
cum_precip_3_months_prior,2021,April,9.8,381.978,1315.1,11782,0.095
cum_precip_3_months_prior,2021,May,70.4,384.931,1506.1,11782,0.095
cum_precip_3_months_prior,2021,June,84.2,348.515,1684.9,11782,0.095
cum_precip_3_months_prior,2021,July,16.4,221.373,1180.4,11782,0.095
cum_precip_3_months_prior,2021,August,0.2,139.683,932.8,11782,0.095
cum_precip_3_months_prior,2021,September,0,91.598,691.4,11782,0.095
cum_precip_3_months_prior,2021,October,0,120.364,899.9,11782,0.095
cum_precip_3_months_prior,2021,November,1,146.949,973.5,11782,0.095
cum_precip_3_months_prior,2021,December,6.4,235.337,1971.8,11782,0.095
cum_precip_3_months_prior,2022,January,31.1,281.254,2099.6,11782,0.095
cum_precip_3_months_prior,2022,February,43,327.774,1309.3,11782,0.095
cum_precip_3_months_prior,2022,March,9.1,323.546,951.3,11782,0.095
cum_precip_3_months_prior,2022,April,6.3,344.024,1085.7,11782,0.095
cum_precip_3_months_prior,2022,May,59.7,393.96,2353.8,11782,0.095
cum_precip_3_months_prior,2022,June,65.9,349.119,2302.9,11782,0.095
cum_precip_3_months_prior,2022,July,2.5,267.916,1847.2,11782,0.095
cum_precip_3_months_prior,2022,August,0.3,134.749,904.5,11782,0.095
cum_precip_3_months_prior,2022,September,0,138.122,1203.9,11782,0.095
cum_precip_3_months_prior,2022,October,0,165.052,1300.6,11782,0.095
cum_precip_3_months_prior,2022,November,0.3,179.867,1281.5,11782,0.095
cum_precip_3_months_prior,2022,December,9.9,188.556,1135,11782,0.095
monthly_precip,2008,January,0,89.018,414.7,11782,0.095
monthly_precip,2008,February,0,108.169,422.3,11782,0.095
monthly_precip,2008,March,8.9,150.714,694.1,11782,0.095
monthly_precip,2008,April,14.1,102.713,563.7,11782,0.095
monthly_precip,2008,May,0.3,54.052,426.2,11782,0.095
monthly_precip,2008,June,0,34.415,437.9,11782,0.095
monthly_precip,2008,July,0,25.135,208.6,11782,0.095
monthly_precip,2008,August,0,31.254,370.4,11782,0.095
monthly_precip,2008,September,0,51.564,442.4,11782,0.095
monthly_precip,2008,October,1.3,74.497,448.4,11782,0.095
monthly_precip,2008,November,24,101.207,655.3,11782,0.095
monthly_precip,2008,December,0.7,78.967,329.3,11782,0.095
monthly_precip,2009,January,0,86.043,315.2,11782,0.095
monthly_precip,2009,February,0,109.344,375.8,11782,0.095
monthly_precip,2009,March,5.7,116.686,592.9,11782,0.095
monthly_precip,2009,April,12.1,108.688,734.1,11782,0.095
monthly_precip,2009,May,0.4,53.525,358.6,11782,0.095
monthly_precip,2009,June,0,18.916,239.3,11782,0.095
monthly_precip,2009,July,0,26.719,220.1,11782,0.095
monthly_precip,2009,August,0,27.89,217.5,11782,0.095
monthly_precip,2009,September,0,37.754,251.3,11782,0.095
monthly_precip,2009,October,0.5,67.538,932.6,11782,0.095
monthly_precip,2009,November,13.3,100.868,376.7,11782,0.095
monthly_precip,2009,December,5.8,127.784,385.6,11782,0.095
monthly_precip,2010,January,0,93.568,317.6,11782,0.095
monthly_precip,2010,February,0,116.479,468.7,11782,0.095
monthly_precip,2010,March,8.8,139.474,444.1,11782,0.095
monthly_precip,2010,April,12.9,117.965,663.8,11782,0.095
monthly_precip,2010,May,0.4,68.144,352.7,11782,0.095
monthly_precip,2010,June,0,38.322,559.1,11782,0.095
monthly_precip,2010,July,0,32.036,322.4,11782,0.095
monthly_precip,2010,August,0,35.929,497.9,11782,0.095
monthly_precip,2010,September,0,31.975,211.4,11782,0.095
monthly_precip,2010,October,0.3,47.208,304.2,11782,0.095
monthly_precip,2010,November,3.6,64.515,358.4,11782,0.095
monthly_precip,2010,December,5.8,92.204,381.7,11782,0.095
monthly_precip,2011,January,0,68.469,296.7,11782,0.095
monthly_precip,2011,February,0,95.903,517.5,11782,0.095
monthly_precip,2011,March,7.7,138.011,466.8,11782,0.095
monthly_precip,2011,April,17.9,109.828,911.7,11782,0.095
monthly_precip,2011,May,0.5,66.22,528.6,11782,0.095
monthly_precip,2011,June,0,31.795,480.3,11782,0.095
monthly_precip,2011,July,0,26.77,223.5,11782,0.095
monthly_precip,2011,August,0,35.092,267.8,11782,0.095
monthly_precip,2011,September,0,49.749,535.6,11782,0.095
monthly_precip,2011,October,0.9,61.378,485.8,11782,0.095
monthly_precip,2011,November,18.8,139.279,921.5,11782,0.095
monthly_precip,2011,December,3.4,133.976,477.3,11782,0.095
monthly_precip,2012,January,0,71.76,297.2,11782,0.095
monthly_precip,2012,February,0,68.853,319.7,11782,0.095
monthly_precip,2012,March,8.9,87.223,357.3,11782,0.095
monthly_precip,2012,April,11,142.177,698.6,11782,0.095
monthly_precip,2012,May,0.5,64.479,543.4,11782,0.095
monthly_precip,2012,June,0,36.072,550.2,11782,0.095
monthly_precip,2012,July,0,28.244,231.3,11782,0.095
monthly_precip,2012,August,0,36.212,283.1,11782,0.095
monthly_precip,2012,September,0,41.975,364.5,11782,0.095
monthly_precip,2012,October,1.5,64.368,598.7,11782,0.095
monthly_precip,2012,November,15,97.088,672.7,11782,0.095
monthly_precip,2012,December,3.4,139.31,398,11782,0.095
monthly_precip,2013,January,0,97.258,357,11782,0.095
monthly_precip,2013,February,0,66.138,283,11782,0.095
monthly_precip,2013,March,19.4,166.679,464.9,11782,0.095
monthly_precip,2013,April,13.4,146.102,709.8,11782,0.095
monthly_precip,2013,May,0.4,59.825,811.4,11782,0.095
monthly_precip,2013,June,0,22.756,190.6,11782,0.095
monthly_precip,2013,July,0,27.695,233.6,11782,0.095
monthly_precip,2013,August,0,49.074,545.3,11782,0.095
monthly_precip,2013,September,0,53.113,371.4,11782,0.095
monthly_precip,2013,October,0.7,44.463,239.7,11782,0.095
monthly_precip,2013,November,14.9,100.724,383.2,11782,0.095
monthly_precip,2013,December,3.4,121.88,367.8,11782,0.095
monthly_precip,2014,January,0,93.99,368.2,11782,0.095
monthly_precip,2014,February,0,93.953,388.8,11782,0.095
monthly_precip,2014,March,2.6,96.703,346.3,11782,0.095
monthly_precip,2014,April,16.3,110.638,927.9,11782,0.095
monthly_precip,2014,May,0.9,64.554,516.4,11782,0.095
monthly_precip,2014,June,0,29.59,261.2,11782,0.095
monthly_precip,2014,July,0,30.523,244.4,11782,0.095
monthly_precip,2014,August,0,36.963,267.3,11782,0.095
monthly_precip,2014,September,0,47.37,256.8,11782,0.095
monthly_precip,2014,October,1.2,58.563,443.2,11782,0.095
monthly_precip,2014,November,24,104.891,569.1,11782,0.095
monthly_precip,2014,December,3.4,113.614,338.8,11782,0.095
monthly_precip,2015,January,0,91.904,346.5,11782,0.095
monthly_precip,2015,February,0,72.385,304.3,11782,0.095
monthly_precip,2015,March,8.9,100.598,408.1,11782,0.095
monthly_precip,2015,April,13.5,146.68,701.9,11782,0.095
monthly_precip,2015,May,1,74.273,791.2,11782,0.095
monthly_precip,2015,June,0,36.373,520.3,11782,0.095
monthly_precip,2015,July,0,28.376,229.7,11782,0.095
monthly_precip,2015,August,0,32.356,258.4,11782,0.095
monthly_precip,2015,September,0,37.696,211.9,11782,0.095
monthly_precip,2015,October,0.4,66.459,496.5,11782,0.095
monthly_precip,2015,November,14.2,128.252,842.2,11782,0.095
monthly_precip,2015,December,3.4,128.003,352.4,11782,0.095
monthly_precip,2016,January,0,136.596,500,11782,0.095
monthly_precip,2016,February,0,97.879,384.5,11782,0.095
monthly_precip,2016,March,2.4,107.609,354.9,11782,0.095
monthly_precip,2016,April,15.4,172.263,714.9,11782,0.095
monthly_precip,2016,May,0.5,63.903,351.3,11782,0.095
monthly_precip,2016,June,0,29.631,219.6,11782,0.095
monthly_precip,2016,July,0,34.435,364.4,11782,0.095
monthly_precip,2016,August,0,33.391,252.4,11782,0.095
monthly_precip,2016,September,0,31.975,211.9,11782,0.095
monthly_precip,2016,October,0.3,43.365,315.3,11782,0.095
monthly_precip,2016,November,2.7,90.621,561.4,11782,0.095
monthly_precip,2016,December,3.4,120.961,431.4,11782,0.095
monthly_precip,2017,January,0,69.727,301.8,11782,0.095
monthly_precip,2017,February,0,115.672,462.6,11782,0.095
monthly_precip,2017,March,8.9,127.959,374.7,11782,0.095
monthly_precip,2017,April,10,172.484,1266.1,11782,0.095
monthly_precip,2017,May,0.9,74.35,734.2,11782,0.095
monthly_precip,2017,June,0,25.271,190.6,11782,0.095
monthly_precip,2017,July,0,45.374,499.8,11782,0.095
monthly_precip,2017,August,0,41.303,422.4,11782,0.095
monthly_precip,2017,September,0,50.355,364.2,11782,0.095
monthly_precip,2017,October,0.8,82.288,892.3,11782,0.095
monthly_precip,2017,November,20.4,140.723,1950,11782,0.095
monthly_precip,2017,December,0.6,86.113,585.7,11782,0.095
monthly_precip,2018,January,0,111.493,392.2,11782,0.095
monthly_precip,2018,February,0,95.345,328.9,11782,0.095
monthly_precip,2018,March,8.9,139.637,460.7,11782,0.095
monthly_precip,2018,April,17.4,147.817,815.8,11782,0.095
monthly_precip,2018,May,0.9,101.303,831.5,11782,0.095
monthly_precip,2018,June,0,41.846,510.4,11782,0.095
monthly_precip,2018,July,0,26.018,200.1,11782,0.095
monthly_precip,2018,August,0,39.189,464.2,11782,0.095
monthly_precip,2018,September,0,31.961,236,11782,0.095
monthly_precip,2018,October,0.2,51.83,518,11782,0.095
monthly_precip,2018,November,7.8,74.604,248.4,11782,0.095
monthly_precip,2018,December,3.4,126.875,338.8,11782,0.095
monthly_precip,2019,January,0,93.279,314.1,11782,0.095
monthly_precip,2019,February,0,101.075,337.2,11782,0.095
monthly_precip,2019,March,8.3,146.322,636,11782,0.095
monthly_precip,2019,April,18.7,140.895,817.1,11782,0.095
monthly_precip,2019,May,3.7,94.923,1044.9,11782,0.095
monthly_precip,2019,June,0,34.672,484.5,11782,0.095
monthly_precip,2019,July,0,38.47,499.6,11782,0.095
monthly_precip,2019,August,0,35.723,271.1,11782,0.095
monthly_precip,2019,September,0,32.535,226.9,11782,0.095
monthly_precip,2019,October,1.1,124.361,1350.2,11782,0.095
monthly_precip,2019,November,24,130.731,911.9,11782,0.095
monthly_precip,2019,December,3.4,180.987,538.8,11782,0.095
monthly_precip,2020,January,0,143.786,458.7,11782,0.095
monthly_precip,2020,February,0,99.794,304.3,11782,0.095
monthly_precip,2020,March,8.9,179.753,783.6,11782,0.095
monthly_precip,2020,April,12.9,155.74,741.6,11782,0.095
monthly_precip,2020,May,0.2,55.879,396,11782,0.095
monthly_precip,2020,June,0,29.603,483.5,11782,0.095
monthly_precip,2020,July,0,60.954,884.9,11782,0.095
monthly_precip,2020,August,0,45.428,612.1,11782,0.095
monthly_precip,2020,September,0,40.512,320.1,11782,0.095
monthly_precip,2020,October,0.4,64.138,361.2,11782,0.095
monthly_precip,2020,November,12.9,102.691,421.7,11782,0.095
monthly_precip,2020,December,2.4,108.739,338.8,11782,0.095
monthly_precip,2021,January,0,121.064,519.2,11782,0.095
monthly_precip,2021,February,0,114.994,434.9,11782,0.095
monthly_precip,2021,March,7.5,145.92,518.1,11782,0.095
monthly_precip,2021,April,13,124.017,926,11782,0.095
monthly_precip,2021,May,0.2,78.578,559.3,11782,0.095
monthly_precip,2021,June,0,18.778,190.6,11782,0.095
monthly_precip,2021,July,0,42.327,498.7,11782,0.095
monthly_precip,2021,August,0,30.492,230.6,11782,0.095
monthly_precip,2021,September,0,47.544,373.5,11782,0.095
monthly_precip,2021,October,1,68.913,863,11782,0.095
monthly_precip,2021,November,4,118.88,1069.3,11782,0.095
monthly_precip,2021,December,3.4,93.461,456.7,11782,0.095
monthly_precip,2022,January,0,115.433,508.4,11782,0.095
monthly_precip,2022,February,0,114.653,376,11782,0.095
monthly_precip,2022,March,6.3,113.938,510.9,11782,0.095
monthly_precip,2022,April,1.7,165.369,1674.8,11782,0.095
monthly_precip,2022,May,0.3,69.812,716,11782,0.095
monthly_precip,2022,June,0,32.735,361.8,11782,0.095
monthly_precip,2022,July,0,32.202,229.7,11782,0.095
monthly_precip,2022,August,0,73.185,858.5,11782,0.095
monthly_precip,2022,September,0,59.665,654.4,11782,0.095
monthly_precip,2022,October,0.3,47.017,540,11782,0.095
monthly_precip,2022,November,2.7,81.874,445.8,11782,0.095
monthly_precip,2022,December,3.4,124.36,338.8,11782,0.095
monthly_precip_lag_1,2008,January,0.7,113.099,394.4,11782,0.095
monthly_precip_lag_1,2008,February,0,89.018,414.7,11782,0.095
monthly_precip_lag_1,2008,March,0,108.169,422.3,11782,0.095
monthly_precip_lag_1,2008,April,8.9,150.714,694.1,11782,0.095
monthly_precip_lag_1,2008,May,14.1,102.713,563.7,11782,0.095
monthly_precip_lag_1,2008,June,0.3,54.052,426.2,11782,0.095
monthly_precip_lag_1,2008,July,0,34.415,437.9,11782,0.095
monthly_precip_lag_1,2008,August,0,25.135,208.6,11782,0.095
monthly_precip_lag_1,2008,September,0,31.254,370.4,11782,0.095
monthly_precip_lag_1,2008,October,0,51.564,442.4,11782,0.095
monthly_precip_lag_1,2008,November,1.3,74.497,448.4,11782,0.095
monthly_precip_lag_1,2008,December,24,101.207,655.3,11782,0.095
monthly_precip_lag_1,2009,January,0.7,78.967,329.3,11782,0.095
monthly_precip_lag_1,2009,February,0,86.043,315.2,11782,0.095
monthly_precip_lag_1,2009,March,0,109.344,375.8,11782,0.095
monthly_precip_lag_1,2009,April,5.7,116.686,592.9,11782,0.095
monthly_precip_lag_1,2009,May,12.1,108.688,734.1,11782,0.095
monthly_precip_lag_1,2009,June,0.4,53.525,358.6,11782,0.095
monthly_precip_lag_1,2009,July,0,18.916,239.3,11782,0.095
monthly_precip_lag_1,2009,August,0,26.719,220.1,11782,0.095
monthly_precip_lag_1,2009,September,0,27.89,217.5,11782,0.095
monthly_precip_lag_1,2009,October,0,37.754,251.3,11782,0.095
monthly_precip_lag_1,2009,November,0.5,67.538,932.6,11782,0.095
monthly_precip_lag_1,2009,December,13.3,100.868,376.7,11782,0.095
monthly_precip_lag_1,2010,January,5.8,127.784,385.6,11782,0.095
monthly_precip_lag_1,2010,February,0,93.568,317.6,11782,0.095
monthly_precip_lag_1,2010,March,0,116.479,468.7,11782,0.095
monthly_precip_lag_1,2010,April,8.8,139.474,444.1,11782,0.095
monthly_precip_lag_1,2010,May,12.9,117.965,663.8,11782,0.095
monthly_precip_lag_1,2010,June,0.4,68.144,352.7,11782,0.095
monthly_precip_lag_1,2010,July,0,38.322,559.1,11782,0.095
monthly_precip_lag_1,2010,August,0,32.036,322.4,11782,0.095
monthly_precip_lag_1,2010,September,0,35.929,497.9,11782,0.095
monthly_precip_lag_1,2010,October,0,31.975,211.4,11782,0.095
monthly_precip_lag_1,2010,November,0.3,47.208,304.2,11782,0.095
monthly_precip_lag_1,2010,December,3.6,64.515,358.4,11782,0.095
monthly_precip_lag_1,2011,January,5.8,92.204,381.7,11782,0.095
monthly_precip_lag_1,2011,February,0,68.469,296.7,11782,0.095
monthly_precip_lag_1,2011,March,0,95.903,517.5,11782,0.095
monthly_precip_lag_1,2011,April,7.7,138.011,466.8,11782,0.095
monthly_precip_lag_1,2011,May,17.9,109.828,911.7,11782,0.095
monthly_precip_lag_1,2011,June,0.5,66.22,528.6,11782,0.095
monthly_precip_lag_1,2011,July,0,31.795,480.3,11782,0.095
monthly_precip_lag_1,2011,August,0,26.77,223.5,11782,0.095
monthly_precip_lag_1,2011,September,0,35.092,267.8,11782,0.095
monthly_precip_lag_1,2011,October,0,49.749,535.6,11782,0.095
monthly_precip_lag_1,2011,November,0.9,61.378,485.8,11782,0.095
monthly_precip_lag_1,2011,December,18.8,139.279,921.5,11782,0.095
monthly_precip_lag_1,2012,January,3.4,133.976,477.3,11782,0.095
monthly_precip_lag_1,2012,February,0,71.76,297.2,11782,0.095
monthly_precip_lag_1,2012,March,0,68.853,319.7,11782,0.095
monthly_precip_lag_1,2012,April,8.9,87.223,357.3,11782,0.095
monthly_precip_lag_1,2012,May,11,142.177,698.6,11782,0.095
monthly_precip_lag_1,2012,June,0.5,64.479,543.4,11782,0.095
monthly_precip_lag_1,2012,July,0,36.072,550.2,11782,0.095
monthly_precip_lag_1,2012,August,0,28.244,231.3,11782,0.095
monthly_precip_lag_1,2012,September,0,36.212,283.1,11782,0.095
monthly_precip_lag_1,2012,October,0,41.975,364.5,11782,0.095
monthly_precip_lag_1,2012,November,1.5,64.368,598.7,11782,0.095
monthly_precip_lag_1,2012,December,15,97.088,672.7,11782,0.095
monthly_precip_lag_1,2013,January,3.4,139.31,398,11782,0.095
monthly_precip_lag_1,2013,February,0,97.258,357,11782,0.095
monthly_precip_lag_1,2013,March,0,66.138,283,11782,0.095
monthly_precip_lag_1,2013,April,19.4,166.679,464.9,11782,0.095
monthly_precip_lag_1,2013,May,13.4,146.102,709.8,11782,0.095
monthly_precip_lag_1,2013,June,0.4,59.825,811.4,11782,0.095
monthly_precip_lag_1,2013,July,0,22.756,190.6,11782,0.095
monthly_precip_lag_1,2013,August,0,27.695,233.6,11782,0.095
monthly_precip_lag_1,2013,September,0,49.074,545.3,11782,0.095
monthly_precip_lag_1,2013,October,0,53.113,371.4,11782,0.095
monthly_precip_lag_1,2013,November,0.7,44.463,239.7,11782,0.095
monthly_precip_lag_1,2013,December,14.9,100.724,383.2,11782,0.095
monthly_precip_lag_1,2014,January,3.4,121.88,367.8,11782,0.095
monthly_precip_lag_1,2014,February,0,93.99,368.2,11782,0.095
monthly_precip_lag_1,2014,March,0,93.953,388.8,11782,0.095
monthly_precip_lag_1,2014,April,2.6,96.703,346.3,11782,0.095
monthly_precip_lag_1,2014,May,16.3,110.638,927.9,11782,0.095
monthly_precip_lag_1,2014,June,0.9,64.554,516.4,11782,0.095
monthly_precip_lag_1,2014,July,0,29.59,261.2,11782,0.095
monthly_precip_lag_1,2014,August,0,30.523,244.4,11782,0.095
monthly_precip_lag_1,2014,September,0,36.963,267.3,11782,0.095
monthly_precip_lag_1,2014,October,0,47.37,256.8,11782,0.095
monthly_precip_lag_1,2014,November,1.2,58.563,443.2,11782,0.095
monthly_precip_lag_1,2014,December,24,104.891,569.1,11782,0.095
monthly_precip_lag_1,2015,January,3.4,113.614,338.8,11782,0.095
monthly_precip_lag_1,2015,February,0,91.904,346.5,11782,0.095
monthly_precip_lag_1,2015,March,0,72.385,304.3,11782,0.095
monthly_precip_lag_1,2015,April,8.9,100.598,408.1,11782,0.095
monthly_precip_lag_1,2015,May,13.5,146.68,701.9,11782,0.095
monthly_precip_lag_1,2015,June,1,74.273,791.2,11782,0.095
monthly_precip_lag_1,2015,July,0,36.373,520.3,11782,0.095
monthly_precip_lag_1,2015,August,0,28.376,229.7,11782,0.095
monthly_precip_lag_1,2015,September,0,32.356,258.4,11782,0.095
monthly_precip_lag_1,2015,October,0,37.696,211.9,11782,0.095
monthly_precip_lag_1,2015,November,0.4,66.459,496.5,11782,0.095
monthly_precip_lag_1,2015,December,14.2,128.252,842.2,11782,0.095
monthly_precip_lag_1,2016,January,3.4,128.003,352.4,11782,0.095
monthly_precip_lag_1,2016,February,0,136.596,500,11782,0.095
monthly_precip_lag_1,2016,March,0,97.879,384.5,11782,0.095
monthly_precip_lag_1,2016,April,2.4,107.609,354.9,11782,0.095
monthly_precip_lag_1,2016,May,15.4,172.263,714.9,11782,0.095
monthly_precip_lag_1,2016,June,0.5,63.903,351.3,11782,0.095
monthly_precip_lag_1,2016,July,0,29.631,219.6,11782,0.095
monthly_precip_lag_1,2016,August,0,34.435,364.4,11782,0.095
monthly_precip_lag_1,2016,September,0,33.391,252.4,11782,0.095
monthly_precip_lag_1,2016,October,0,31.975,211.9,11782,0.095
monthly_precip_lag_1,2016,November,0.3,43.365,315.3,11782,0.095
monthly_precip_lag_1,2016,December,2.7,90.621,561.4,11782,0.095
monthly_precip_lag_1,2017,January,3.4,120.961,431.4,11782,0.095
monthly_precip_lag_1,2017,February,0,69.727,301.8,11782,0.095
monthly_precip_lag_1,2017,March,0,115.672,462.6,11782,0.095
monthly_precip_lag_1,2017,April,8.9,127.959,374.7,11782,0.095
monthly_precip_lag_1,2017,May,10,172.484,1266.1,11782,0.095
monthly_precip_lag_1,2017,June,0.9,74.35,734.2,11782,0.095
monthly_precip_lag_1,2017,July,0,25.271,190.6,11782,0.095
monthly_precip_lag_1,2017,August,0,45.374,499.8,11782,0.095
monthly_precip_lag_1,2017,September,0,41.303,422.4,11782,0.095
monthly_precip_lag_1,2017,October,0,50.355,364.2,11782,0.095
monthly_precip_lag_1,2017,November,0.8,82.288,892.3,11782,0.095
monthly_precip_lag_1,2017,December,20.4,140.723,1950,11782,0.095
monthly_precip_lag_1,2018,January,0.6,86.113,585.7,11782,0.095
monthly_precip_lag_1,2018,February,0,111.493,392.2,11782,0.095
monthly_precip_lag_1,2018,March,0,95.345,328.9,11782,0.095
monthly_precip_lag_1,2018,April,8.9,139.637,460.7,11782,0.095
monthly_precip_lag_1,2018,May,17.4,147.817,815.8,11782,0.095
monthly_precip_lag_1,2018,June,0.9,101.303,831.5,11782,0.095
monthly_precip_lag_1,2018,July,0,41.846,510.4,11782,0.095
monthly_precip_lag_1,2018,August,0,26.018,200.1,11782,0.095
monthly_precip_lag_1,2018,September,0,39.189,464.2,11782,0.095
monthly_precip_lag_1,2018,October,0,31.961,236,11782,0.095
monthly_precip_lag_1,2018,November,0.2,51.83,518,11782,0.095
monthly_precip_lag_1,2018,December,7.8,74.604,248.4,11782,0.095
monthly_precip_lag_1,2019,January,3.4,126.875,338.8,11782,0.095
monthly_precip_lag_1,2019,February,0,93.279,314.1,11782,0.095
monthly_precip_lag_1,2019,March,0,101.075,337.2,11782,0.095
monthly_precip_lag_1,2019,April,8.3,146.322,636,11782,0.095
monthly_precip_lag_1,2019,May,18.7,140.895,817.1,11782,0.095
monthly_precip_lag_1,2019,June,3.7,94.923,1044.9,11782,0.095
monthly_precip_lag_1,2019,July,0,34.672,484.5,11782,0.095
monthly_precip_lag_1,2019,August,0,38.47,499.6,11782,0.095
monthly_precip_lag_1,2019,September,0,35.723,271.1,11782,0.095
monthly_precip_lag_1,2019,October,0,32.535,226.9,11782,0.095
monthly_precip_lag_1,2019,November,1.1,124.361,1350.2,11782,0.095
monthly_precip_lag_1,2019,December,24,130.731,911.9,11782,0.095
monthly_precip_lag_1,2020,January,3.4,180.987,538.8,11782,0.095
monthly_precip_lag_1,2020,February,0,143.786,458.7,11782,0.095
monthly_precip_lag_1,2020,March,0,99.794,304.3,11782,0.095
monthly_precip_lag_1,2020,April,8.9,179.753,783.6,11782,0.095
monthly_precip_lag_1,2020,May,12.9,155.74,741.6,11782,0.095
monthly_precip_lag_1,2020,June,0.2,55.879,396,11782,0.095
monthly_precip_lag_1,2020,July,0,29.603,483.5,11782,0.095
monthly_precip_lag_1,2020,August,0,60.954,884.9,11782,0.095
monthly_precip_lag_1,2020,September,0,45.428,612.1,11782,0.095
monthly_precip_lag_1,2020,October,0,40.512,320.1,11782,0.095
monthly_precip_lag_1,2020,November,0.4,64.138,361.2,11782,0.095
monthly_precip_lag_1,2020,December,12.9,102.691,421.7,11782,0.095
monthly_precip_lag_1,2021,January,2.4,108.739,338.8,11782,0.095
monthly_precip_lag_1,2021,February,0,121.064,519.2,11782,0.095
monthly_precip_lag_1,2021,March,0,114.994,434.9,11782,0.095
monthly_precip_lag_1,2021,April,7.5,145.92,518.1,11782,0.095
monthly_precip_lag_1,2021,May,13,124.017,926,11782,0.095
monthly_precip_lag_1,2021,June,0.2,78.578,559.3,11782,0.095
monthly_precip_lag_1,2021,July,0,18.778,190.6,11782,0.095
monthly_precip_lag_1,2021,August,0,42.327,498.7,11782,0.095
monthly_precip_lag_1,2021,September,0,30.492,230.6,11782,0.095
monthly_precip_lag_1,2021,October,0,47.544,373.5,11782,0.095
monthly_precip_lag_1,2021,November,1,68.913,863,11782,0.095
monthly_precip_lag_1,2021,December,4,118.88,1069.3,11782,0.095
monthly_precip_lag_1,2022,January,3.4,93.461,456.7,11782,0.095
monthly_precip_lag_1,2022,February,0,115.433,508.4,11782,0.095
monthly_precip_lag_1,2022,March,0,114.653,376,11782,0.095
monthly_precip_lag_1,2022,April,6.3,113.938,510.9,11782,0.095
monthly_precip_lag_1,2022,May,1.7,165.369,1674.8,11782,0.095
monthly_precip_lag_1,2022,June,0.3,69.812,716,11782,0.095
monthly_precip_lag_1,2022,July,0,32.735,361.8,11782,0.095
monthly_precip_lag_1,2022,August,0,32.202,229.7,11782,0.095
monthly_precip_lag_1,2022,September,0,73.185,858.5,11782,0.095
monthly_precip_lag_1,2022,October,0,59.665,654.4,11782,0.095
monthly_precip_lag_1,2022,November,0.3,47.017,540,11782,0.095
monthly_precip_lag_1,2022,December,2.7,81.874,445.8,11782,0.095
monthly_precip_lag_2,2008,January,6.6,68.12,469.9,11782,0.095
monthly_precip_lag_2,2008,February,0.7,113.099,394.4,11782,0.095
monthly_precip_lag_2,2008,March,0,89.018,414.7,11782,0.095
monthly_precip_lag_2,2008,April,0,108.169,422.3,11782,0.095
monthly_precip_lag_2,2008,May,8.9,150.714,694.1,11782,0.095
monthly_precip_lag_2,2008,June,14.1,102.713,563.7,11782,0.095
monthly_precip_lag_2,2008,July,0.3,54.052,426.2,11782,0.095
monthly_precip_lag_2,2008,August,0,34.415,437.9,11782,0.095
monthly_precip_lag_2,2008,September,0,25.135,208.6,11782,0.095
monthly_precip_lag_2,2008,October,0,31.254,370.4,11782,0.095
monthly_precip_lag_2,2008,November,0,51.564,442.4,11782,0.095
monthly_precip_lag_2,2008,December,1.3,74.497,448.4,11782,0.095
monthly_precip_lag_2,2009,January,24,101.207,655.3,11782,0.095
monthly_precip_lag_2,2009,February,0.7,78.967,329.3,11782,0.095
monthly_precip_lag_2,2009,March,0,86.043,315.2,11782,0.095
monthly_precip_lag_2,2009,April,0,109.344,375.8,11782,0.095
monthly_precip_lag_2,2009,May,5.7,116.686,592.9,11782,0.095
monthly_precip_lag_2,2009,June,12.1,108.688,734.1,11782,0.095
monthly_precip_lag_2,2009,July,0.4,53.525,358.6,11782,0.095
monthly_precip_lag_2,2009,August,0,18.916,239.3,11782,0.095
monthly_precip_lag_2,2009,September,0,26.719,220.1,11782,0.095
monthly_precip_lag_2,2009,October,0,27.89,217.5,11782,0.095
monthly_precip_lag_2,2009,November,0,37.754,251.3,11782,0.095
monthly_precip_lag_2,2009,December,0.5,67.538,932.6,11782,0.095
monthly_precip_lag_2,2010,January,13.3,100.868,376.7,11782,0.095
monthly_precip_lag_2,2010,February,5.8,127.784,385.6,11782,0.095
monthly_precip_lag_2,2010,March,0,93.568,317.6,11782,0.095
monthly_precip_lag_2,2010,April,0,116.479,468.7,11782,0.095
monthly_precip_lag_2,2010,May,8.8,139.474,444.1,11782,0.095
monthly_precip_lag_2,2010,June,12.9,117.965,663.8,11782,0.095
monthly_precip_lag_2,2010,July,0.4,68.144,352.7,11782,0.095
monthly_precip_lag_2,2010,August,0,38.322,559.1,11782,0.095
monthly_precip_lag_2,2010,September,0,32.036,322.4,11782,0.095
monthly_precip_lag_2,2010,October,0,35.929,497.9,11782,0.095
monthly_precip_lag_2,2010,November,0,31.975,211.4,11782,0.095
monthly_precip_lag_2,2010,December,0.3,47.208,304.2,11782,0.095
monthly_precip_lag_2,2011,January,3.6,64.515,358.4,11782,0.095
monthly_precip_lag_2,2011,February,5.8,92.204,381.7,11782,0.095
monthly_precip_lag_2,2011,March,0,68.469,296.7,11782,0.095
monthly_precip_lag_2,2011,April,0,95.903,517.5,11782,0.095
monthly_precip_lag_2,2011,May,7.7,138.011,466.8,11782,0.095
monthly_precip_lag_2,2011,June,17.9,109.828,911.7,11782,0.095
monthly_precip_lag_2,2011,July,0.5,66.22,528.6,11782,0.095
monthly_precip_lag_2,2011,August,0,31.795,480.3,11782,0.095
monthly_precip_lag_2,2011,September,0,26.77,223.5,11782,0.095
monthly_precip_lag_2,2011,October,0,35.092,267.8,11782,0.095
monthly_precip_lag_2,2011,November,0,49.749,535.6,11782,0.095
monthly_precip_lag_2,2011,December,0.9,61.378,485.8,11782,0.095
monthly_precip_lag_2,2012,January,18.8,139.279,921.5,11782,0.095
monthly_precip_lag_2,2012,February,3.4,133.976,477.3,11782,0.095
monthly_precip_lag_2,2012,March,0,71.76,297.2,11782,0.095
monthly_precip_lag_2,2012,April,0,68.853,319.7,11782,0.095
monthly_precip_lag_2,2012,May,8.9,87.223,357.3,11782,0.095
monthly_precip_lag_2,2012,June,11,142.177,698.6,11782,0.095
monthly_precip_lag_2,2012,July,0.5,64.479,543.4,11782,0.095
monthly_precip_lag_2,2012,August,0,36.072,550.2,11782,0.095
monthly_precip_lag_2,2012,September,0,28.244,231.3,11782,0.095
monthly_precip_lag_2,2012,October,0,36.212,283.1,11782,0.095
monthly_precip_lag_2,2012,November,0,41.975,364.5,11782,0.095
monthly_precip_lag_2,2012,December,1.5,64.368,598.7,11782,0.095
monthly_precip_lag_2,2013,January,15,97.088,672.7,11782,0.095
monthly_precip_lag_2,2013,February,3.4,139.31,398,11782,0.095
monthly_precip_lag_2,2013,March,0,97.258,357,11782,0.095
monthly_precip_lag_2,2013,April,0,66.138,283,11782,0.095
monthly_precip_lag_2,2013,May,19.4,166.679,464.9,11782,0.095
monthly_precip_lag_2,2013,June,13.4,146.102,709.8,11782,0.095
monthly_precip_lag_2,2013,July,0.4,59.825,811.4,11782,0.095
monthly_precip_lag_2,2013,August,0,22.756,190.6,11782,0.095
monthly_precip_lag_2,2013,September,0,27.695,233.6,11782,0.095
monthly_precip_lag_2,2013,October,0,49.074,545.3,11782,0.095
monthly_precip_lag_2,2013,November,0,53.113,371.4,11782,0.095
monthly_precip_lag_2,2013,December,0.7,44.463,239.7,11782,0.095
monthly_precip_lag_2,2014,January,14.9,100.724,383.2,11782,0.095
monthly_precip_lag_2,2014,February,3.4,121.88,367.8,11782,0.095
monthly_precip_lag_2,2014,March,0,93.99,368.2,11782,0.095
monthly_precip_lag_2,2014,April,0,93.953,388.8,11782,0.095
monthly_precip_lag_2,2014,May,2.6,96.703,346.3,11782,0.095
monthly_precip_lag_2,2014,June,16.3,110.638,927.9,11782,0.095
monthly_precip_lag_2,2014,July,0.9,64.554,516.4,11782,0.095
monthly_precip_lag_2,2014,August,0,29.59,261.2,11782,0.095
monthly_precip_lag_2,2014,September,0,30.523,244.4,11782,0.095
monthly_precip_lag_2,2014,October,0,36.963,267.3,11782,0.095
monthly_precip_lag_2,2014,November,0,47.37,256.8,11782,0.095
monthly_precip_lag_2,2014,December,1.2,58.563,443.2,11782,0.095
monthly_precip_lag_2,2015,January,24,104.891,569.1,11782,0.095
monthly_precip_lag_2,2015,February,3.4,113.614,338.8,11782,0.095
monthly_precip_lag_2,2015,March,0,91.904,346.5,11782,0.095
monthly_precip_lag_2,2015,April,0,72.385,304.3,11782,0.095
monthly_precip_lag_2,2015,May,8.9,100.598,408.1,11782,0.095
monthly_precip_lag_2,2015,June,13.5,146.68,701.9,11782,0.095
monthly_precip_lag_2,2015,July,1,74.273,791.2,11782,0.095
monthly_precip_lag_2,2015,August,0,36.373,520.3,11782,0.095
monthly_precip_lag_2,2015,September,0,28.376,229.7,11782,0.095
monthly_precip_lag_2,2015,October,0,32.356,258.4,11782,0.095
monthly_precip_lag_2,2015,November,0,37.696,211.9,11782,0.095
monthly_precip_lag_2,2015,December,0.4,66.459,496.5,11782,0.095
monthly_precip_lag_2,2016,January,14.2,128.252,842.2,11782,0.095
monthly_precip_lag_2,2016,February,3.4,128.003,352.4,11782,0.095
monthly_precip_lag_2,2016,March,0,136.596,500,11782,0.095
monthly_precip_lag_2,2016,April,0,97.879,384.5,11782,0.095
monthly_precip_lag_2,2016,May,2.4,107.609,354.9,11782,0.095
monthly_precip_lag_2,2016,June,15.4,172.263,714.9,11782,0.095
monthly_precip_lag_2,2016,July,0.5,63.903,351.3,11782,0.095
monthly_precip_lag_2,2016,August,0,29.631,219.6,11782,0.095
monthly_precip_lag_2,2016,September,0,34.435,364.4,11782,0.095
monthly_precip_lag_2,2016,October,0,33.391,252.4,11782,0.095
monthly_precip_lag_2,2016,November,0,31.975,211.9,11782,0.095
monthly_precip_lag_2,2016,December,0.3,43.365,315.3,11782,0.095
monthly_precip_lag_2,2017,January,2.7,90.621,561.4,11782,0.095
monthly_precip_lag_2,2017,February,3.4,120.961,431.4,11782,0.095
monthly_precip_lag_2,2017,March,0,69.727,301.8,11782,0.095
monthly_precip_lag_2,2017,April,0,115.672,462.6,11782,0.095
monthly_precip_lag_2,2017,May,8.9,127.959,374.7,11782,0.095
monthly_precip_lag_2,2017,June,10,172.484,1266.1,11782,0.095
monthly_precip_lag_2,2017,July,0.9,74.35,734.2,11782,0.095
monthly_precip_lag_2,2017,August,0,25.271,190.6,11782,0.095
monthly_precip_lag_2,2017,September,0,45.374,499.8,11782,0.095
monthly_precip_lag_2,2017,October,0,41.303,422.4,11782,0.095
monthly_precip_lag_2,2017,November,0,50.355,364.2,11782,0.095
monthly_precip_lag_2,2017,December,0.8,82.288,892.3,11782,0.095
monthly_precip_lag_2,2018,January,20.4,140.723,1950,11782,0.095
monthly_precip_lag_2,2018,February,0.6,86.113,585.7,11782,0.095
monthly_precip_lag_2,2018,March,0,111.493,392.2,11782,0.095
monthly_precip_lag_2,2018,April,0,95.345,328.9,11782,0.095
monthly_precip_lag_2,2018,May,8.9,139.637,460.7,11782,0.095
monthly_precip_lag_2,2018,June,17.4,147.817,815.8,11782,0.095
monthly_precip_lag_2,2018,July,0.9,101.303,831.5,11782,0.095
monthly_precip_lag_2,2018,August,0,41.846,510.4,11782,0.095
monthly_precip_lag_2,2018,September,0,26.018,200.1,11782,0.095
monthly_precip_lag_2,2018,October,0,39.189,464.2,11782,0.095
monthly_precip_lag_2,2018,November,0,31.961,236,11782,0.095
monthly_precip_lag_2,2018,December,0.2,51.83,518,11782,0.095
monthly_precip_lag_2,2019,January,7.8,74.604,248.4,11782,0.095
monthly_precip_lag_2,2019,February,3.4,126.875,338.8,11782,0.095
monthly_precip_lag_2,2019,March,0,93.279,314.1,11782,0.095
monthly_precip_lag_2,2019,April,0,101.075,337.2,11782,0.095
monthly_precip_lag_2,2019,May,8.3,146.322,636,11782,0.095
monthly_precip_lag_2,2019,June,18.7,140.895,817.1,11782,0.095
monthly_precip_lag_2,2019,July,3.7,94.923,1044.9,11782,0.095
monthly_precip_lag_2,2019,August,0,34.672,484.5,11782,0.095
monthly_precip_lag_2,2019,September,0,38.47,499.6,11782,0.095
monthly_precip_lag_2,2019,October,0,35.723,271.1,11782,0.095
monthly_precip_lag_2,2019,November,0,32.535,226.9,11782,0.095
monthly_precip_lag_2,2019,December,1.1,124.361,1350.2,11782,0.095
monthly_precip_lag_2,2020,January,24,130.731,911.9,11782,0.095
monthly_precip_lag_2,2020,February,3.4,180.987,538.8,11782,0.095
monthly_precip_lag_2,2020,March,0,143.786,458.7,11782,0.095
monthly_precip_lag_2,2020,April,0,99.794,304.3,11782,0.095
monthly_precip_lag_2,2020,May,8.9,179.753,783.6,11782,0.095
monthly_precip_lag_2,2020,June,12.9,155.74,741.6,11782,0.095
monthly_precip_lag_2,2020,July,0.2,55.879,396,11782,0.095
monthly_precip_lag_2,2020,August,0,29.603,483.5,11782,0.095
monthly_precip_lag_2,2020,September,0,60.954,884.9,11782,0.095
monthly_precip_lag_2,2020,October,0,45.428,612.1,11782,0.095
monthly_precip_lag_2,2020,November,0,40.512,320.1,11782,0.095
monthly_precip_lag_2,2020,December,0.4,64.138,361.2,11782,0.095
monthly_precip_lag_2,2021,January,12.9,102.691,421.7,11782,0.095
monthly_precip_lag_2,2021,February,2.4,108.739,338.8,11782,0.095
monthly_precip_lag_2,2021,March,0,121.064,519.2,11782,0.095
monthly_precip_lag_2,2021,April,0,114.994,434.9,11782,0.095
monthly_precip_lag_2,2021,May,7.5,145.92,518.1,11782,0.095
monthly_precip_lag_2,2021,June,13,124.017,926,11782,0.095
monthly_precip_lag_2,2021,July,0.2,78.578,559.3,11782,0.095
monthly_precip_lag_2,2021,August,0,18.778,190.6,11782,0.095
monthly_precip_lag_2,2021,September,0,42.327,498.7,11782,0.095
monthly_precip_lag_2,2021,October,0,30.492,230.6,11782,0.095
monthly_precip_lag_2,2021,November,0,47.544,373.5,11782,0.095
monthly_precip_lag_2,2021,December,1,68.913,863,11782,0.095
monthly_precip_lag_2,2022,January,4,118.88,1069.3,11782,0.095
monthly_precip_lag_2,2022,February,3.4,93.461,456.7,11782,0.095
monthly_precip_lag_2,2022,March,0,115.433,508.4,11782,0.095
monthly_precip_lag_2,2022,April,0,114.653,376,11782,0.095
monthly_precip_lag_2,2022,May,6.3,113.938,510.9,11782,0.095
monthly_precip_lag_2,2022,June,1.7,165.369,1674.8,11782,0.095
monthly_precip_lag_2,2022,July,0.3,69.812,716,11782,0.095
monthly_precip_lag_2,2022,August,0,32.735,361.8,11782,0.095
monthly_precip_lag_2,2022,September,0,32.202,229.7,11782,0.095
monthly_precip_lag_2,2022,October,0,73.185,858.5,11782,0.095
monthly_precip_lag_2,2022,November,0,59.665,654.4,11782,0.095
monthly_precip_lag_2,2022,December,0.3,47.017,540,11782,0.095
monthly_precip_lag_3,2008,January,0.7,47.059,283.1,11782,0.095
monthly_precip_lag_3,2008,February,6.6,68.12,469.9,11782,0.095
monthly_precip_lag_3,2008,March,0.7,113.099,394.4,11782,0.095
monthly_precip_lag_3,2008,April,0,89.018,414.7,11782,0.095
monthly_precip_lag_3,2008,May,0,108.169,422.3,11782,0.095
monthly_precip_lag_3,2008,June,8.9,150.714,694.1,11782,0.095
monthly_precip_lag_3,2008,July,14.1,102.713,563.7,11782,0.095
monthly_precip_lag_3,2008,August,0.3,54.052,426.2,11782,0.095
monthly_precip_lag_3,2008,September,0,34.415,437.9,11782,0.095
monthly_precip_lag_3,2008,October,0,25.135,208.6,11782,0.095
monthly_precip_lag_3,2008,November,0,31.254,370.4,11782,0.095
monthly_precip_lag_3,2008,December,0,51.564,442.4,11782,0.095
monthly_precip_lag_3,2009,January,1.3,74.497,448.4,11782,0.095
monthly_precip_lag_3,2009,February,24,101.207,655.3,11782,0.095
monthly_precip_lag_3,2009,March,0.7,78.967,329.3,11782,0.095
monthly_precip_lag_3,2009,April,0,86.043,315.2,11782,0.095
monthly_precip_lag_3,2009,May,0,109.344,375.8,11782,0.095
monthly_precip_lag_3,2009,June,5.7,116.686,592.9,11782,0.095
monthly_precip_lag_3,2009,July,12.1,108.688,734.1,11782,0.095
monthly_precip_lag_3,2009,August,0.4,53.525,358.6,11782,0.095
monthly_precip_lag_3,2009,September,0,18.916,239.3,11782,0.095
monthly_precip_lag_3,2009,October,0,26.719,220.1,11782,0.095
monthly_precip_lag_3,2009,November,0,27.89,217.5,11782,0.095
monthly_precip_lag_3,2009,December,0,37.754,251.3,11782,0.095
monthly_precip_lag_3,2010,January,0.5,67.538,932.6,11782,0.095
monthly_precip_lag_3,2010,February,13.3,100.868,376.7,11782,0.095
monthly_precip_lag_3,2010,March,5.8,127.784,385.6,11782,0.095
monthly_precip_lag_3,2010,April,0,93.568,317.6,11782,0.095
monthly_precip_lag_3,2010,May,0,116.479,468.7,11782,0.095
monthly_precip_lag_3,2010,June,8.8,139.474,444.1,11782,0.095
monthly_precip_lag_3,2010,July,12.9,117.965,663.8,11782,0.095
monthly_precip_lag_3,2010,August,0.4,68.144,352.7,11782,0.095
monthly_precip_lag_3,2010,September,0,38.322,559.1,11782,0.095
monthly_precip_lag_3,2010,October,0,32.036,322.4,11782,0.095
monthly_precip_lag_3,2010,November,0,35.929,497.9,11782,0.095
monthly_precip_lag_3,2010,December,0,31.975,211.4,11782,0.095
monthly_precip_lag_3,2011,January,0.3,47.208,304.2,11782,0.095
monthly_precip_lag_3,2011,February,3.6,64.515,358.4,11782,0.095
monthly_precip_lag_3,2011,March,5.8,92.204,381.7,11782,0.095
monthly_precip_lag_3,2011,April,0,68.469,296.7,11782,0.095
monthly_precip_lag_3,2011,May,0,95.903,517.5,11782,0.095
monthly_precip_lag_3,2011,June,7.7,138.011,466.8,11782,0.095
monthly_precip_lag_3,2011,July,17.9,109.828,911.7,11782,0.095
monthly_precip_lag_3,2011,August,0.5,66.22,528.6,11782,0.095
monthly_precip_lag_3,2011,September,0,31.795,480.3,11782,0.095
monthly_precip_lag_3,2011,October,0,26.77,223.5,11782,0.095
monthly_precip_lag_3,2011,November,0,35.092,267.8,11782,0.095
monthly_precip_lag_3,2011,December,0,49.749,535.6,11782,0.095
monthly_precip_lag_3,2012,January,0.9,61.378,485.8,11782,0.095
monthly_precip_lag_3,2012,February,18.8,139.279,921.5,11782,0.095
monthly_precip_lag_3,2012,March,3.4,133.976,477.3,11782,0.095
monthly_precip_lag_3,2012,April,0,71.76,297.2,11782,0.095
monthly_precip_lag_3,2012,May,0,68.853,319.7,11782,0.095
monthly_precip_lag_3,2012,June,8.9,87.223,357.3,11782,0.095
monthly_precip_lag_3,2012,July,11,142.177,698.6,11782,0.095
monthly_precip_lag_3,2012,August,0.5,64.479,543.4,11782,0.095
monthly_precip_lag_3,2012,September,0,36.072,550.2,11782,0.095
monthly_precip_lag_3,2012,October,0,28.244,231.3,11782,0.095
monthly_precip_lag_3,2012,November,0,36.212,283.1,11782,0.095
monthly_precip_lag_3,2012,December,0,41.975,364.5,11782,0.095
monthly_precip_lag_3,2013,January,1.5,64.368,598.7,11782,0.095
monthly_precip_lag_3,2013,February,15,97.088,672.7,11782,0.095
monthly_precip_lag_3,2013,March,3.4,139.31,398,11782,0.095
monthly_precip_lag_3,2013,April,0,97.258,357,11782,0.095
monthly_precip_lag_3,2013,May,0,66.138,283,11782,0.095
monthly_precip_lag_3,2013,June,19.4,166.679,464.9,11782,0.095
monthly_precip_lag_3,2013,July,13.4,146.102,709.8,11782,0.095
monthly_precip_lag_3,2013,August,0.4,59.825,811.4,11782,0.095
monthly_precip_lag_3,2013,September,0,22.756,190.6,11782,0.095
monthly_precip_lag_3,2013,October,0,27.695,233.6,11782,0.095
monthly_precip_lag_3,2013,November,0,49.074,545.3,11782,0.095
monthly_precip_lag_3,2013,December,0,53.113,371.4,11782,0.095
monthly_precip_lag_3,2014,January,0.7,44.463,239.7,11782,0.095
monthly_precip_lag_3,2014,February,14.9,100.724,383.2,11782,0.095
monthly_precip_lag_3,2014,March,3.4,121.88,367.8,11782,0.095
monthly_precip_lag_3,2014,April,0,93.99,368.2,11782,0.095
monthly_precip_lag_3,2014,May,0,93.953,388.8,11782,0.095
monthly_precip_lag_3,2014,June,2.6,96.703,346.3,11782,0.095
monthly_precip_lag_3,2014,July,16.3,110.638,927.9,11782,0.095
monthly_precip_lag_3,2014,August,0.9,64.554,516.4,11782,0.095
monthly_precip_lag_3,2014,September,0,29.59,261.2,11782,0.095
monthly_precip_lag_3,2014,October,0,30.523,244.4,11782,0.095
monthly_precip_lag_3,2014,November,0,36.963,267.3,11782,0.095
monthly_precip_lag_3,2014,December,0,47.37,256.8,11782,0.095
monthly_precip_lag_3,2015,January,1.2,58.563,443.2,11782,0.095
monthly_precip_lag_3,2015,February,24,104.891,569.1,11782,0.095
monthly_precip_lag_3,2015,March,3.4,113.614,338.8,11782,0.095
monthly_precip_lag_3,2015,April,0,91.904,346.5,11782,0.095
monthly_precip_lag_3,2015,May,0,72.385,304.3,11782,0.095
monthly_precip_lag_3,2015,June,8.9,100.598,408.1,11782,0.095
monthly_precip_lag_3,2015,July,13.5,146.68,701.9,11782,0.095
monthly_precip_lag_3,2015,August,1,74.273,791.2,11782,0.095
monthly_precip_lag_3,2015,September,0,36.373,520.3,11782,0.095
monthly_precip_lag_3,2015,October,0,28.376,229.7,11782,0.095
monthly_precip_lag_3,2015,November,0,32.356,258.4,11782,0.095
monthly_precip_lag_3,2015,December,0,37.696,211.9,11782,0.095
monthly_precip_lag_3,2016,January,0.4,66.459,496.5,11782,0.095
monthly_precip_lag_3,2016,February,14.2,128.252,842.2,11782,0.095
monthly_precip_lag_3,2016,March,3.4,128.003,352.4,11782,0.095
monthly_precip_lag_3,2016,April,0,136.596,500,11782,0.095
monthly_precip_lag_3,2016,May,0,97.879,384.5,11782,0.095
monthly_precip_lag_3,2016,June,2.4,107.609,354.9,11782,0.095
monthly_precip_lag_3,2016,July,15.4,172.263,714.9,11782,0.095
monthly_precip_lag_3,2016,August,0.5,63.903,351.3,11782,0.095
monthly_precip_lag_3,2016,September,0,29.631,219.6,11782,0.095
monthly_precip_lag_3,2016,October,0,34.435,364.4,11782,0.095
monthly_precip_lag_3,2016,November,0,33.391,252.4,11782,0.095
monthly_precip_lag_3,2016,December,0,31.975,211.9,11782,0.095
monthly_precip_lag_3,2017,January,0.3,43.365,315.3,11782,0.095
monthly_precip_lag_3,2017,February,2.7,90.621,561.4,11782,0.095
monthly_precip_lag_3,2017,March,3.4,120.961,431.4,11782,0.095
monthly_precip_lag_3,2017,April,0,69.727,301.8,11782,0.095
monthly_precip_lag_3,2017,May,0,115.672,462.6,11782,0.095
monthly_precip_lag_3,2017,June,8.9,127.959,374.7,11782,0.095
monthly_precip_lag_3,2017,July,10,172.484,1266.1,11782,0.095
monthly_precip_lag_3,2017,August,0.9,74.35,734.2,11782,0.095
monthly_precip_lag_3,2017,September,0,25.271,190.6,11782,0.095
monthly_precip_lag_3,2017,October,0,45.374,499.8,11782,0.095
monthly_precip_lag_3,2017,November,0,41.303,422.4,11782,0.095
monthly_precip_lag_3,2017,December,0,50.355,364.2,11782,0.095
monthly_precip_lag_3,2018,January,0.8,82.288,892.3,11782,0.095
monthly_precip_lag_3,2018,February,20.4,140.723,1950,11782,0.095
monthly_precip_lag_3,2018,March,0.6,86.113,585.7,11782,0.095
monthly_precip_lag_3,2018,April,0,111.493,392.2,11782,0.095
monthly_precip_lag_3,2018,May,0,95.345,328.9,11782,0.095
monthly_precip_lag_3,2018,June,8.9,139.637,460.7,11782,0.095
monthly_precip_lag_3,2018,July,17.4,147.817,815.8,11782,0.095
monthly_precip_lag_3,2018,August,0.9,101.303,831.5,11782,0.095
monthly_precip_lag_3,2018,September,0,41.846,510.4,11782,0.095
monthly_precip_lag_3,2018,October,0,26.018,200.1,11782,0.095
monthly_precip_lag_3,2018,November,0,39.189,464.2,11782,0.095
monthly_precip_lag_3,2018,December,0,31.961,236,11782,0.095
monthly_precip_lag_3,2019,January,0.2,51.83,518,11782,0.095
monthly_precip_lag_3,2019,February,7.8,74.604,248.4,11782,0.095
monthly_precip_lag_3,2019,March,3.4,126.875,338.8,11782,0.095
monthly_precip_lag_3,2019,April,0,93.279,314.1,11782,0.095
monthly_precip_lag_3,2019,May,0,101.075,337.2,11782,0.095
monthly_precip_lag_3,2019,June,8.3,146.322,636,11782,0.095
monthly_precip_lag_3,2019,July,18.7,140.895,817.1,11782,0.095
monthly_precip_lag_3,2019,August,3.7,94.923,1044.9,11782,0.095
monthly_precip_lag_3,2019,September,0,34.672,484.5,11782,0.095
monthly_precip_lag_3,2019,October,0,38.47,499.6,11782,0.095
monthly_precip_lag_3,2019,November,0,35.723,271.1,11782,0.095
monthly_precip_lag_3,2019,December,0,32.535,226.9,11782,0.095
monthly_precip_lag_3,2020,January,1.1,124.361,1350.2,11782,0.095
monthly_precip_lag_3,2020,February,24,130.731,911.9,11782,0.095
monthly_precip_lag_3,2020,March,3.4,180.987,538.8,11782,0.095
monthly_precip_lag_3,2020,April,0,143.786,458.7,11782,0.095
monthly_precip_lag_3,2020,May,0,99.794,304.3,11782,0.095
monthly_precip_lag_3,2020,June,8.9,179.753,783.6,11782,0.095
monthly_precip_lag_3,2020,July,12.9,155.74,741.6,11782,0.095
monthly_precip_lag_3,2020,August,0.2,55.879,396,11782,0.095
monthly_precip_lag_3,2020,September,0,29.603,483.5,11782,0.095
monthly_precip_lag_3,2020,October,0,60.954,884.9,11782,0.095
monthly_precip_lag_3,2020,November,0,45.428,612.1,11782,0.095
monthly_precip_lag_3,2020,December,0,40.512,320.1,11782,0.095
monthly_precip_lag_3,2021,January,0.4,64.138,361.2,11782,0.095
monthly_precip_lag_3,2021,February,12.9,102.691,421.7,11782,0.095
monthly_precip_lag_3,2021,March,2.4,108.739,338.8,11782,0.095
monthly_precip_lag_3,2021,April,0,121.064,519.2,11782,0.095
monthly_precip_lag_3,2021,May,0,114.994,434.9,11782,0.095
monthly_precip_lag_3,2021,June,7.5,145.92,518.1,11782,0.095
monthly_precip_lag_3,2021,July,13,124.017,926,11782,0.095
monthly_precip_lag_3,2021,August,0.2,78.578,559.3,11782,0.095
monthly_precip_lag_3,2021,September,0,18.778,190.6,11782,0.095
monthly_precip_lag_3,2021,October,0,42.327,498.7,11782,0.095
monthly_precip_lag_3,2021,November,0,30.492,230.6,11782,0.095
monthly_precip_lag_3,2021,December,0,47.544,373.5,11782,0.095
monthly_precip_lag_3,2022,January,1,68.913,863,11782,0.095
monthly_precip_lag_3,2022,February,4,118.88,1069.3,11782,0.095
monthly_precip_lag_3,2022,March,3.4,93.461,456.7,11782,0.095
monthly_precip_lag_3,2022,April,0,115.433,508.4,11782,0.095
monthly_precip_lag_3,2022,May,0,114.653,376,11782,0.095
monthly_precip_lag_3,2022,June,6.3,113.938,510.9,11782,0.095
monthly_precip_lag_3,2022,July,1.7,165.369,1674.8,11782,0.095
monthly_precip_lag_3,2022,August,0.3,69.812,716,11782,0.095
monthly_precip_lag_3,2022,September,0,32.735,361.8,11782,0.095
monthly_precip_lag_3,2022,October,0,32.202,229.7,11782,0.095
monthly_precip_lag_3,2022,November,0,73.185,858.5,11782,0.095
monthly_precip_lag_3,2022,December,0,59.665,654.4,11782,0.095
monthly_tmax,2008,January,5,30.06,40,11782,0.095
monthly_tmax,2008,February,5,29.42,40,11782,0.095
monthly_tmax,2008,March,5,29.333,40,11782,0.095
monthly_tmax,2008,April,3,28.206,37,11782,0.095
monthly_tmax,2008,May,3,28.119,37,11782,0.095
monthly_tmax,2008,June,3,27.119,37,11782,0.095
monthly_tmax,2008,July,3,27.219,36,11782,0.095
monthly_tmax,2008,August,4,28.078,37,11782,0.095
monthly_tmax,2008,September,6,29.849,38,11782,0.095
monthly_tmax,2008,October,5,29.73,38,11782,0.095
monthly_tmax,2008,November,4,29.572,38,11782,0.095
monthly_tmax,2008,December,5,29.428,38,11782,0.095
monthly_tmax,2009,January,6,30.381,40,11782,0.095
monthly_tmax,2009,February,5,29.822,40,11782,0.095
monthly_tmax,2009,March,7,30.07,40,11782,0.095
monthly_tmax,2009,April,5,28.963,38,11782,0.095
monthly_tmax,2009,May,4,28.596,38,11782,0.095
monthly_tmax,2009,June,4,28.296,38,11782,0.095
monthly_tmax,2009,July,4,27.231,37,11782,0.095
monthly_tmax,2009,August,4,28.425,37,11782,0.095
monthly_tmax,2009,September,6,29.978,39,11782,0.095
monthly_tmax,2009,October,5,30.005,39,11782,0.095
monthly_tmax,2009,November,4,29.538,38,11782,0.095
monthly_tmax,2009,December,5,30.054,38,11782,0.095
monthly_tmax,2010,January,6,29.982,39,11782,0.095
monthly_tmax,2010,February,7,30.41,40,11782,0.095
monthly_tmax,2010,March,6,29.993,39,11782,0.095
monthly_tmax,2010,April,5,29.613,39,11782,0.095
monthly_tmax,2010,May,4,28.723,38,11782,0.095
monthly_tmax,2010,June,4,27.635,37,11782,0.095
monthly_tmax,2010,July,3,27.131,36,11782,0.095
monthly_tmax,2010,August,4,27.975,37,11782,0.095
monthly_tmax,2010,September,5,29.105,38,11782,0.095
monthly_tmax,2010,October,6,30.561,39,11782,0.095
monthly_tmax,2010,November,4,30.175,38,11782,0.095
monthly_tmax,2010,December,5,29.817,38,11782,0.095
monthly_tmax,2011,January,6,30.209,40,11782,0.095
monthly_tmax,2011,February,7,30.327,41,11782,0.095
monthly_tmax,2011,March,6,29.807,40,11782,0.095
monthly_tmax,2011,April,5,29.394,39,11782,0.095
monthly_tmax,2011,May,4,28.8,38,11782,0.095
monthly_tmax,2011,June,5,28.305,38,11782,0.095
monthly_tmax,2011,July,4,27.428,37,11782,0.095
monthly_tmax,2011,August,3,27.569,36,11782,0.095
monthly_tmax,2011,September,5,29.009,38,11782,0.095
monthly_tmax,2011,October,5,29.342,38,11782,0.095
monthly_tmax,2011,November,3,28.467,35,11782,0.095
monthly_tmax,2011,December,3,28.49,37,11782,0.095
monthly_tmax,2012,January,6,29.619,39,11782,0.095
monthly_tmax,2012,February,6,30.781,42,11782,0.095
monthly_tmax,2012,March,6,29.705,39,11782,0.095
monthly_tmax,2012,April,4,28.413,37,11782,0.095
monthly_tmax,2012,May,3,27.865,38,11782,0.095
monthly_tmax,2012,June,4,27.56,38,11782,0.095
monthly_tmax,2012,July,3,26.968,36,11782,0.095
monthly_tmax,2012,August,4,27.855,36,11782,0.095
monthly_tmax,2012,September,5,29.21,38,11782,0.095
monthly_tmax,2012,October,6,29.958,38,11782,0.095
monthly_tmax,2012,November,4,29.516,38,11782,0.095
monthly_tmax,2012,December,3,28.711,37,11782,0.095
monthly_tmax,2013,January,6,30.236,39,11782,0.095
monthly_tmax,2013,February,7,30.553,40,11782,0.095
monthly_tmax,2013,March,6,29.766,39,11782,0.095
monthly_tmax,2013,April,4,28.881,38,11782,0.095
monthly_tmax,2013,May,3,28.199,38,11782,0.095
monthly_tmax,2013,June,3,27.402,37,11782,0.095
monthly_tmax,2013,July,4,27.257,36,11782,0.095
monthly_tmax,2013,August,4,27.814,36,11782,0.095
monthly_tmax,2013,September,5,29.296,38,11782,0.095
monthly_tmax,2013,October,6,29.843,38,11782,0.095
monthly_tmax,2013,November,5,30.012,38,11782,0.095
monthly_tmax,2013,December,4,28.993,38,11782,0.095
monthly_tmax,2014,January,5,29.74,39,11782,0.095
monthly_tmax,2014,February,6,30.134,42,11782,0.095
monthly_tmax,2014,March,6,29.747,39,11782,0.095
monthly_tmax,2014,April,4,28.443,37,11782,0.095
monthly_tmax,2014,May,3,28.111,37,11782,0.095
monthly_tmax,2014,June,4,27.877,38,11782,0.095
monthly_tmax,2014,July,4,27.432,37,11782,0.095
monthly_tmax,2014,August,4,27.88,37,11782,0.095
monthly_tmax,2014,September,4,28.607,38,11782,0.095
monthly_tmax,2014,October,5,29.366,38,11782,0.095
monthly_tmax,2014,November,4,29.542,38,11782,0.095
monthly_tmax,2014,December,4,29.134,37,11782,0.095
monthly_tmax,2015,January,5,29.222,39,11782,0.095
monthly_tmax,2015,February,7,30.557,41,11782,0.095
monthly_tmax,2015,March,6,30.021,39,11782,0.095
monthly_tmax,2015,April,4,28.445,37,11782,0.095
monthly_tmax,2015,May,3,27.833,38,11782,0.095
monthly_tmax,2015,June,4,27.911,38,11782,0.095
monthly_tmax,2015,July,4,27.38,38,11782,0.095
monthly_tmax,2015,August,4,28.157,37,11782,0.095
monthly_tmax,2015,September,6,29.792,39,11782,0.095
monthly_tmax,2015,October,6,30.186,39,11782,0.095
monthly_tmax,2015,November,4,29.169,37,11782,0.095
monthly_tmax,2015,December,4,29.333,37,11782,0.095
monthly_tmax,2016,January,5,29.84,39,11782,0.095
monthly_tmax,2016,February,6,30.479,39,11782,0.095
monthly_tmax,2016,March,7,30.925,40,11782,0.095
monthly_tmax,2016,April,5,28.932,38,11782,0.095
monthly_tmax,2016,May,4,27.903,37,11782,0.095
monthly_tmax,2016,June,4,27.679,38,11782,0.095
monthly_tmax,2016,July,4,27.417,37,11782,0.095
monthly_tmax,2016,August,4,27.979,37,11782,0.095
monthly_tmax,2016,September,5,29.044,38,11782,0.095
monthly_tmax,2016,October,6,30.334,39,11782,0.095
monthly_tmax,2016,November,5,29.761,38,11782,0.095
monthly_tmax,2016,December,5,29.695,39,11782,0.095
monthly_tmax,2017,January,6,30.436,41,11782,0.095
monthly_tmax,2017,February,7,30.054,39,11782,0.095
monthly_tmax,2017,March,6,29.819,40,11782,0.095
monthly_tmax,2017,April,5,29.23,38,11782,0.095
monthly_tmax,2017,May,3,28.339,38,11782,0.095
monthly_tmax,2017,June,4,27.825,37,11782,0.095
monthly_tmax,2017,July,3,27.304,36,11782,0.095
monthly_tmax,2017,August,4,28.044,37,11782,0.095
monthly_tmax,2017,September,5,29.169,38,11782,0.095
monthly_tmax,2017,October,6,30.082,38,11782,0.095
monthly_tmax,2017,November,4,29.393,37,11782,0.095
monthly_tmax,2017,December,4,29.174,38,11782,0.095
monthly_tmax,2018,January,4,29.031,39,11782,0.095
monthly_tmax,2018,February,7,30.568,40,11782,0.095
monthly_tmax,2018,March,5,28.68,38,11782,0.095
monthly_tmax,2018,April,4,28.39,37,11782,0.095
monthly_tmax,2018,May,3,27.874,37,11782,0.095
monthly_tmax,2018,June,4,27.282,37,11782,0.095
monthly_tmax,2018,July,4,27.047,36,11782,0.095
monthly_tmax,2018,August,3,27.425,36,11782,0.095
monthly_tmax,2018,September,5,29.202,38,11782,0.095
monthly_tmax,2018,October,6,29.701,39,11782,0.095
monthly_tmax,2018,November,5,29.766,38,11782,0.095
monthly_tmax,2018,December,5,29.703,39,11782,0.095
monthly_tmax,2019,January,6,30.411,42,11782,0.095
monthly_tmax,2019,February,8,30.707,40,11782,0.095
monthly_tmax,2019,March,7,30.079,39,11782,0.095
monthly_tmax,2019,April,6,29.411,38,11782,0.095
monthly_tmax,2019,May,2,27.162,37,11782,0.095
monthly_tmax,2019,June,4,27.445,37,11782,0.095
monthly_tmax,2019,July,5,27.552,37,11782,0.095
monthly_tmax,2019,August,4,28.339,37,11782,0.095
monthly_tmax,2019,September,5,29.207,38,11782,0.095
monthly_tmax,2019,October,6,29.689,38,11782,0.095
monthly_tmax,2019,November,4,29.374,38,11782,0.095
monthly_tmax,2019,December,4,28.929,38,11782,0.095
monthly_tmax,2020,January,5,29.643,39,11782,0.095
monthly_tmax,2020,February,6,29.802,38,11782,0.095
monthly_tmax,2020,March,6,29.327,39,11782,0.095
monthly_tmax,2020,April,3,28.096,37,11782,0.095
monthly_tmax,2020,May,3,28.201,38,11782,0.095
monthly_tmax,2020,June,4,27.602,37,11782,0.095
monthly_tmax,2020,July,4,27.403,36,11782,0.095
monthly_tmax,2020,August,4,28.061,37,11782,0.095
monthly_tmax,2020,September,6,29.254,38,11782,0.095
monthly_tmax,2020,October,6,30.029,38,11782,0.095
monthly_tmax,2020,November,4,29.336,38,11782,0.095
monthly_tmax,2020,December,5,29.822,39,11782,0.095
monthly_tmax,2021,January,6,29.894,39,11782,0.095
monthly_tmax,2021,February,5,29.365,38,11782,0.095
monthly_tmax,2021,March,6,29.626,39,11782,0.095
monthly_tmax,2021,April,4,28.567,37,11782,0.095
monthly_tmax,2021,May,3,27.944,38,11782,0.095
monthly_tmax,2021,June,4,27.494,38,11782,0.095
monthly_tmax,2021,July,3,26.951,36,11782,0.095
monthly_tmax,2021,August,4,27.816,37,11782,0.095
monthly_tmax,2021,September,5,29.044,38,11782,0.095
monthly_tmax,2021,October,6,30.085,39,11782,0.095
monthly_tmax,2021,November,6,30.421,38,11782,0.095
monthly_tmax,2021,December,5,30.349,38,11782,0.095
monthly_tmax,2022,January,6,30.358,40,11782,0.095
monthly_tmax,2022,February,5,29.324,39,11782,0.095
monthly_tmax,2022,March,6,29.748,39,11782,0.095
monthly_tmax,2022,April,5,29.371,38,11782,0.095
monthly_tmax,2022,May,4,28.867,39,11782,0.095
monthly_tmax,2022,June,4,27.275,37,11782,0.095
monthly_tmax,2022,July,3,26.591,36,11782,0.095
monthly_tmax,2022,August,3,27.569,36,11782,0.095
monthly_tmax,2022,September,5,29.011,39,11782,0.095
monthly_tmax,2022,October,7,30.307,38,11782,0.095
monthly_tmax,2022,November,4,29.363,38,11782,0.095
monthly_tmax,2022,December,4,29.142,37,11782,0.095
monthly_tmax_lag_1,2008,January,4,29.376,39,11782,0.095
monthly_tmax_lag_1,2008,February,5,30.06,40,11782,0.095
monthly_tmax_lag_1,2008,March,5,29.42,40,11782,0.095
monthly_tmax_lag_1,2008,April,5,29.333,40,11782,0.095
monthly_tmax_lag_1,2008,May,3,28.206,37,11782,0.095
monthly_tmax_lag_1,2008,June,3,28.119,37,11782,0.095
monthly_tmax_lag_1,2008,July,3,27.119,37,11782,0.095
monthly_tmax_lag_1,2008,August,3,27.219,36,11782,0.095
monthly_tmax_lag_1,2008,September,4,28.078,37,11782,0.095
monthly_tmax_lag_1,2008,October,6,29.849,38,11782,0.095
monthly_tmax_lag_1,2008,November,5,29.73,38,11782,0.095
monthly_tmax_lag_1,2008,December,4,29.572,38,11782,0.095
monthly_tmax_lag_1,2009,January,5,29.428,38,11782,0.095
monthly_tmax_lag_1,2009,February,6,30.381,40,11782,0.095
monthly_tmax_lag_1,2009,March,5,29.822,40,11782,0.095
monthly_tmax_lag_1,2009,April,7,30.07,40,11782,0.095
monthly_tmax_lag_1,2009,May,5,28.963,38,11782,0.095
monthly_tmax_lag_1,2009,June,4,28.596,38,11782,0.095
monthly_tmax_lag_1,2009,July,4,28.296,38,11782,0.095
monthly_tmax_lag_1,2009,August,4,27.231,37,11782,0.095
monthly_tmax_lag_1,2009,September,4,28.425,37,11782,0.095
monthly_tmax_lag_1,2009,October,6,29.978,39,11782,0.095
monthly_tmax_lag_1,2009,November,5,30.005,39,11782,0.095
monthly_tmax_lag_1,2009,December,4,29.538,38,11782,0.095
monthly_tmax_lag_1,2010,January,5,30.054,38,11782,0.095
monthly_tmax_lag_1,2010,February,6,29.982,39,11782,0.095
monthly_tmax_lag_1,2010,March,7,30.41,40,11782,0.095
monthly_tmax_lag_1,2010,April,6,29.993,39,11782,0.095
monthly_tmax_lag_1,2010,May,5,29.613,39,11782,0.095
monthly_tmax_lag_1,2010,June,4,28.723,38,11782,0.095
monthly_tmax_lag_1,2010,July,4,27.635,37,11782,0.095
monthly_tmax_lag_1,2010,August,3,27.131,36,11782,0.095
monthly_tmax_lag_1,2010,September,4,27.975,37,11782,0.095
monthly_tmax_lag_1,2010,October,5,29.105,38,11782,0.095
monthly_tmax_lag_1,2010,November,6,30.561,39,11782,0.095
monthly_tmax_lag_1,2010,December,4,30.175,38,11782,0.095
monthly_tmax_lag_1,2011,January,5,29.817,38,11782,0.095
monthly_tmax_lag_1,2011,February,6,30.209,40,11782,0.095
monthly_tmax_lag_1,2011,March,7,30.327,41,11782,0.095
monthly_tmax_lag_1,2011,April,6,29.807,40,11782,0.095
monthly_tmax_lag_1,2011,May,5,29.394,39,11782,0.095
monthly_tmax_lag_1,2011,June,4,28.8,38,11782,0.095
monthly_tmax_lag_1,2011,July,5,28.305,38,11782,0.095
monthly_tmax_lag_1,2011,August,4,27.428,37,11782,0.095
monthly_tmax_lag_1,2011,September,3,27.569,36,11782,0.095
monthly_tmax_lag_1,2011,October,5,29.009,38,11782,0.095
monthly_tmax_lag_1,2011,November,5,29.342,38,11782,0.095
monthly_tmax_lag_1,2011,December,3,28.467,35,11782,0.095
monthly_tmax_lag_1,2012,January,3,28.49,37,11782,0.095
monthly_tmax_lag_1,2012,February,6,29.619,39,11782,0.095
monthly_tmax_lag_1,2012,March,6,30.781,42,11782,0.095
monthly_tmax_lag_1,2012,April,6,29.705,39,11782,0.095
monthly_tmax_lag_1,2012,May,4,28.413,37,11782,0.095
monthly_tmax_lag_1,2012,June,3,27.865,38,11782,0.095
monthly_tmax_lag_1,2012,July,4,27.56,38,11782,0.095
monthly_tmax_lag_1,2012,August,3,26.968,36,11782,0.095
monthly_tmax_lag_1,2012,September,4,27.855,36,11782,0.095
monthly_tmax_lag_1,2012,October,5,29.21,38,11782,0.095
monthly_tmax_lag_1,2012,November,6,29.958,38,11782,0.095
monthly_tmax_lag_1,2012,December,4,29.516,38,11782,0.095
monthly_tmax_lag_1,2013,January,3,28.711,37,11782,0.095
monthly_tmax_lag_1,2013,February,6,30.236,39,11782,0.095
monthly_tmax_lag_1,2013,March,7,30.553,40,11782,0.095
monthly_tmax_lag_1,2013,April,6,29.766,39,11782,0.095
monthly_tmax_lag_1,2013,May,4,28.881,38,11782,0.095
monthly_tmax_lag_1,2013,June,3,28.199,38,11782,0.095
monthly_tmax_lag_1,2013,July,3,27.402,37,11782,0.095
monthly_tmax_lag_1,2013,August,4,27.257,36,11782,0.095
monthly_tmax_lag_1,2013,September,4,27.814,36,11782,0.095
monthly_tmax_lag_1,2013,October,5,29.296,38,11782,0.095
monthly_tmax_lag_1,2013,November,6,29.843,38,11782,0.095
monthly_tmax_lag_1,2013,December,5,30.012,38,11782,0.095
monthly_tmax_lag_1,2014,January,4,28.993,38,11782,0.095
monthly_tmax_lag_1,2014,February,5,29.74,39,11782,0.095
monthly_tmax_lag_1,2014,March,6,30.134,42,11782,0.095
monthly_tmax_lag_1,2014,April,6,29.747,39,11782,0.095
monthly_tmax_lag_1,2014,May,4,28.443,37,11782,0.095
monthly_tmax_lag_1,2014,June,3,28.111,37,11782,0.095
monthly_tmax_lag_1,2014,July,4,27.877,38,11782,0.095
monthly_tmax_lag_1,2014,August,4,27.432,37,11782,0.095
monthly_tmax_lag_1,2014,September,4,27.88,37,11782,0.095
monthly_tmax_lag_1,2014,October,4,28.607,38,11782,0.095
monthly_tmax_lag_1,2014,November,5,29.366,38,11782,0.095
monthly_tmax_lag_1,2014,December,4,29.542,38,11782,0.095
monthly_tmax_lag_1,2015,January,4,29.134,37,11782,0.095
monthly_tmax_lag_1,2015,February,5,29.222,39,11782,0.095
monthly_tmax_lag_1,2015,March,7,30.557,41,11782,0.095
monthly_tmax_lag_1,2015,April,6,30.021,39,11782,0.095
monthly_tmax_lag_1,2015,May,4,28.445,37,11782,0.095
monthly_tmax_lag_1,2015,June,3,27.833,38,11782,0.095
monthly_tmax_lag_1,2015,July,4,27.911,38,11782,0.095
monthly_tmax_lag_1,2015,August,4,27.38,38,11782,0.095
monthly_tmax_lag_1,2015,September,4,28.157,37,11782,0.095
monthly_tmax_lag_1,2015,October,6,29.792,39,11782,0.095
monthly_tmax_lag_1,2015,November,6,30.186,39,11782,0.095
monthly_tmax_lag_1,2015,December,4,29.169,37,11782,0.095
monthly_tmax_lag_1,2016,January,4,29.333,37,11782,0.095
monthly_tmax_lag_1,2016,February,5,29.84,39,11782,0.095
monthly_tmax_lag_1,2016,March,6,30.479,39,11782,0.095
monthly_tmax_lag_1,2016,April,7,30.925,40,11782,0.095
monthly_tmax_lag_1,2016,May,5,28.932,38,11782,0.095
monthly_tmax_lag_1,2016,June,4,27.903,37,11782,0.095
monthly_tmax_lag_1,2016,July,4,27.679,38,11782,0.095
monthly_tmax_lag_1,2016,August,4,27.417,37,11782,0.095
monthly_tmax_lag_1,2016,September,4,27.979,37,11782,0.095
monthly_tmax_lag_1,2016,October,5,29.044,38,11782,0.095
monthly_tmax_lag_1,2016,November,6,30.334,39,11782,0.095
monthly_tmax_lag_1,2016,December,5,29.761,38,11782,0.095
monthly_tmax_lag_1,2017,January,5,29.695,39,11782,0.095
monthly_tmax_lag_1,2017,February,6,30.436,41,11782,0.095
monthly_tmax_lag_1,2017,March,7,30.054,39,11782,0.095
monthly_tmax_lag_1,2017,April,6,29.819,40,11782,0.095
monthly_tmax_lag_1,2017,May,5,29.23,38,11782,0.095
monthly_tmax_lag_1,2017,June,3,28.339,38,11782,0.095
monthly_tmax_lag_1,2017,July,4,27.825,37,11782,0.095
monthly_tmax_lag_1,2017,August,3,27.304,36,11782,0.095
monthly_tmax_lag_1,2017,September,4,28.044,37,11782,0.095
monthly_tmax_lag_1,2017,October,5,29.169,38,11782,0.095
monthly_tmax_lag_1,2017,November,6,30.082,38,11782,0.095
monthly_tmax_lag_1,2017,December,4,29.393,37,11782,0.095
monthly_tmax_lag_1,2018,January,4,29.174,38,11782,0.095
monthly_tmax_lag_1,2018,February,4,29.031,39,11782,0.095
monthly_tmax_lag_1,2018,March,7,30.568,40,11782,0.095
monthly_tmax_lag_1,2018,April,5,28.68,38,11782,0.095
monthly_tmax_lag_1,2018,May,4,28.39,37,11782,0.095
monthly_tmax_lag_1,2018,June,3,27.874,37,11782,0.095
monthly_tmax_lag_1,2018,July,4,27.282,37,11782,0.095
monthly_tmax_lag_1,2018,August,4,27.047,36,11782,0.095
monthly_tmax_lag_1,2018,September,3,27.425,36,11782,0.095
monthly_tmax_lag_1,2018,October,5,29.202,38,11782,0.095
monthly_tmax_lag_1,2018,November,6,29.701,39,11782,0.095
monthly_tmax_lag_1,2018,December,5,29.766,38,11782,0.095
monthly_tmax_lag_1,2019,January,5,29.703,39,11782,0.095
monthly_tmax_lag_1,2019,February,6,30.411,42,11782,0.095
monthly_tmax_lag_1,2019,March,8,30.707,40,11782,0.095
monthly_tmax_lag_1,2019,April,7,30.079,39,11782,0.095
monthly_tmax_lag_1,2019,May,6,29.411,38,11782,0.095
monthly_tmax_lag_1,2019,June,2,27.162,37,11782,0.095
monthly_tmax_lag_1,2019,July,4,27.445,37,11782,0.095
monthly_tmax_lag_1,2019,August,5,27.552,37,11782,0.095
monthly_tmax_lag_1,2019,September,4,28.339,37,11782,0.095
monthly_tmax_lag_1,2019,October,5,29.207,38,11782,0.095
monthly_tmax_lag_1,2019,November,6,29.689,38,11782,0.095
monthly_tmax_lag_1,2019,December,4,29.374,38,11782,0.095
monthly_tmax_lag_1,2020,January,4,28.929,38,11782,0.095
monthly_tmax_lag_1,2020,February,5,29.643,39,11782,0.095
monthly_tmax_lag_1,2020,March,6,29.802,38,11782,0.095
monthly_tmax_lag_1,2020,April,6,29.327,39,11782,0.095
monthly_tmax_lag_1,2020,May,3,28.096,37,11782,0.095
monthly_tmax_lag_1,2020,June,3,28.201,38,11782,0.095
monthly_tmax_lag_1,2020,July,4,27.602,37,11782,0.095
monthly_tmax_lag_1,2020,August,4,27.403,36,11782,0.095
monthly_tmax_lag_1,2020,September,4,28.061,37,11782,0.095
monthly_tmax_lag_1,2020,October,6,29.254,38,11782,0.095
monthly_tmax_lag_1,2020,November,6,30.029,38,11782,0.095
monthly_tmax_lag_1,2020,December,4,29.336,38,11782,0.095
monthly_tmax_lag_1,2021,January,5,29.822,39,11782,0.095
monthly_tmax_lag_1,2021,February,6,29.894,39,11782,0.095
monthly_tmax_lag_1,2021,March,5,29.365,38,11782,0.095
monthly_tmax_lag_1,2021,April,6,29.626,39,11782,0.095
monthly_tmax_lag_1,2021,May,4,28.567,37,11782,0.095
monthly_tmax_lag_1,2021,June,3,27.944,38,11782,0.095
monthly_tmax_lag_1,2021,July,4,27.494,38,11782,0.095
monthly_tmax_lag_1,2021,August,3,26.951,36,11782,0.095
monthly_tmax_lag_1,2021,September,4,27.816,37,11782,0.095
monthly_tmax_lag_1,2021,October,5,29.044,38,11782,0.095
monthly_tmax_lag_1,2021,November,6,30.085,39,11782,0.095
monthly_tmax_lag_1,2021,December,6,30.421,38,11782,0.095
monthly_tmax_lag_1,2022,January,5,30.349,38,11782,0.095
monthly_tmax_lag_1,2022,February,6,30.358,40,11782,0.095
monthly_tmax_lag_1,2022,March,5,29.324,39,11782,0.095
monthly_tmax_lag_1,2022,April,6,29.748,39,11782,0.095
monthly_tmax_lag_1,2022,May,5,29.371,38,11782,0.095
monthly_tmax_lag_1,2022,June,4,28.867,39,11782,0.095
monthly_tmax_lag_1,2022,July,4,27.275,37,11782,0.095
monthly_tmax_lag_1,2022,August,3,26.591,36,11782,0.095
monthly_tmax_lag_1,2022,September,3,27.569,36,11782,0.095
monthly_tmax_lag_1,2022,October,5,29.011,39,11782,0.095
monthly_tmax_lag_1,2022,November,7,30.307,38,11782,0.095
monthly_tmax_lag_1,2022,December,4,29.363,38,11782,0.095
monthly_tmax_lag_2,2008,January,5,29.832,38,11782,0.095
monthly_tmax_lag_2,2008,February,4,29.376,39,11782,0.095
monthly_tmax_lag_2,2008,March,5,30.06,40,11782,0.095
monthly_tmax_lag_2,2008,April,5,29.42,40,11782,0.095
monthly_tmax_lag_2,2008,May,5,29.333,40,11782,0.095
monthly_tmax_lag_2,2008,June,3,28.206,37,11782,0.095
monthly_tmax_lag_2,2008,July,3,28.119,37,11782,0.095
monthly_tmax_lag_2,2008,August,3,27.119,37,11782,0.095
monthly_tmax_lag_2,2008,September,3,27.219,36,11782,0.095
monthly_tmax_lag_2,2008,October,4,28.078,37,11782,0.095
monthly_tmax_lag_2,2008,November,6,29.849,38,11782,0.095
monthly_tmax_lag_2,2008,December,5,29.73,38,11782,0.095
monthly_tmax_lag_2,2009,January,4,29.572,38,11782,0.095
monthly_tmax_lag_2,2009,February,5,29.428,38,11782,0.095
monthly_tmax_lag_2,2009,March,6,30.381,40,11782,0.095
monthly_tmax_lag_2,2009,April,5,29.822,40,11782,0.095
monthly_tmax_lag_2,2009,May,7,30.07,40,11782,0.095
monthly_tmax_lag_2,2009,June,5,28.963,38,11782,0.095
monthly_tmax_lag_2,2009,July,4,28.596,38,11782,0.095
monthly_tmax_lag_2,2009,August,4,28.296,38,11782,0.095
monthly_tmax_lag_2,2009,September,4,27.231,37,11782,0.095
monthly_tmax_lag_2,2009,October,4,28.425,37,11782,0.095
monthly_tmax_lag_2,2009,November,6,29.978,39,11782,0.095
monthly_tmax_lag_2,2009,December,5,30.005,39,11782,0.095
monthly_tmax_lag_2,2010,January,4,29.538,38,11782,0.095
monthly_tmax_lag_2,2010,February,5,30.054,38,11782,0.095
monthly_tmax_lag_2,2010,March,6,29.982,39,11782,0.095
monthly_tmax_lag_2,2010,April,7,30.41,40,11782,0.095
monthly_tmax_lag_2,2010,May,6,29.993,39,11782,0.095
monthly_tmax_lag_2,2010,June,5,29.613,39,11782,0.095
monthly_tmax_lag_2,2010,July,4,28.723,38,11782,0.095
monthly_tmax_lag_2,2010,August,4,27.635,37,11782,0.095
monthly_tmax_lag_2,2010,September,3,27.131,36,11782,0.095
monthly_tmax_lag_2,2010,October,4,27.975,37,11782,0.095
monthly_tmax_lag_2,2010,November,5,29.105,38,11782,0.095
monthly_tmax_lag_2,2010,December,6,30.561,39,11782,0.095
monthly_tmax_lag_2,2011,January,4,30.175,38,11782,0.095
monthly_tmax_lag_2,2011,February,5,29.817,38,11782,0.095
monthly_tmax_lag_2,2011,March,6,30.209,40,11782,0.095
monthly_tmax_lag_2,2011,April,7,30.327,41,11782,0.095
monthly_tmax_lag_2,2011,May,6,29.807,40,11782,0.095
monthly_tmax_lag_2,2011,June,5,29.394,39,11782,0.095
monthly_tmax_lag_2,2011,July,4,28.8,38,11782,0.095
monthly_tmax_lag_2,2011,August,5,28.305,38,11782,0.095
monthly_tmax_lag_2,2011,September,4,27.428,37,11782,0.095
monthly_tmax_lag_2,2011,October,3,27.569,36,11782,0.095
monthly_tmax_lag_2,2011,November,5,29.009,38,11782,0.095
monthly_tmax_lag_2,2011,December,5,29.342,38,11782,0.095
monthly_tmax_lag_2,2012,January,3,28.467,35,11782,0.095
monthly_tmax_lag_2,2012,February,3,28.49,37,11782,0.095
monthly_tmax_lag_2,2012,March,6,29.619,39,11782,0.095
monthly_tmax_lag_2,2012,April,6,30.781,42,11782,0.095
monthly_tmax_lag_2,2012,May,6,29.705,39,11782,0.095
monthly_tmax_lag_2,2012,June,4,28.413,37,11782,0.095
monthly_tmax_lag_2,2012,July,3,27.865,38,11782,0.095
monthly_tmax_lag_2,2012,August,4,27.56,38,11782,0.095
monthly_tmax_lag_2,2012,September,3,26.968,36,11782,0.095
monthly_tmax_lag_2,2012,October,4,27.855,36,11782,0.095
monthly_tmax_lag_2,2012,November,5,29.21,38,11782,0.095
monthly_tmax_lag_2,2012,December,6,29.958,38,11782,0.095
monthly_tmax_lag_2,2013,January,4,29.516,38,11782,0.095
monthly_tmax_lag_2,2013,February,3,28.711,37,11782,0.095
monthly_tmax_lag_2,2013,March,6,30.236,39,11782,0.095
monthly_tmax_lag_2,2013,April,7,30.553,40,11782,0.095
monthly_tmax_lag_2,2013,May,6,29.766,39,11782,0.095
monthly_tmax_lag_2,2013,June,4,28.881,38,11782,0.095
monthly_tmax_lag_2,2013,July,3,28.199,38,11782,0.095
monthly_tmax_lag_2,2013,August,3,27.402,37,11782,0.095
monthly_tmax_lag_2,2013,September,4,27.257,36,11782,0.095
monthly_tmax_lag_2,2013,October,4,27.814,36,11782,0.095
monthly_tmax_lag_2,2013,November,5,29.296,38,11782,0.095
monthly_tmax_lag_2,2013,December,6,29.843,38,11782,0.095
monthly_tmax_lag_2,2014,January,5,30.012,38,11782,0.095
monthly_tmax_lag_2,2014,February,4,28.993,38,11782,0.095
monthly_tmax_lag_2,2014,March,5,29.74,39,11782,0.095
monthly_tmax_lag_2,2014,April,6,30.134,42,11782,0.095
monthly_tmax_lag_2,2014,May,6,29.747,39,11782,0.095
monthly_tmax_lag_2,2014,June,4,28.443,37,11782,0.095
monthly_tmax_lag_2,2014,July,3,28.111,37,11782,0.095
monthly_tmax_lag_2,2014,August,4,27.877,38,11782,0.095
monthly_tmax_lag_2,2014,September,4,27.432,37,11782,0.095
monthly_tmax_lag_2,2014,October,4,27.88,37,11782,0.095
monthly_tmax_lag_2,2014,November,4,28.607,38,11782,0.095
monthly_tmax_lag_2,2014,December,5,29.366,38,11782,0.095
monthly_tmax_lag_2,2015,January,4,29.542,38,11782,0.095
monthly_tmax_lag_2,2015,February,4,29.134,37,11782,0.095
monthly_tmax_lag_2,2015,March,5,29.222,39,11782,0.095
monthly_tmax_lag_2,2015,April,7,30.557,41,11782,0.095
monthly_tmax_lag_2,2015,May,6,30.021,39,11782,0.095
monthly_tmax_lag_2,2015,June,4,28.445,37,11782,0.095
monthly_tmax_lag_2,2015,July,3,27.833,38,11782,0.095
monthly_tmax_lag_2,2015,August,4,27.911,38,11782,0.095
monthly_tmax_lag_2,2015,September,4,27.38,38,11782,0.095
monthly_tmax_lag_2,2015,October,4,28.157,37,11782,0.095
monthly_tmax_lag_2,2015,November,6,29.792,39,11782,0.095
monthly_tmax_lag_2,2015,December,6,30.186,39,11782,0.095
monthly_tmax_lag_2,2016,January,4,29.169,37,11782,0.095
monthly_tmax_lag_2,2016,February,4,29.333,37,11782,0.095
monthly_tmax_lag_2,2016,March,5,29.84,39,11782,0.095
monthly_tmax_lag_2,2016,April,6,30.479,39,11782,0.095
monthly_tmax_lag_2,2016,May,7,30.925,40,11782,0.095
monthly_tmax_lag_2,2016,June,5,28.932,38,11782,0.095
monthly_tmax_lag_2,2016,July,4,27.903,37,11782,0.095
monthly_tmax_lag_2,2016,August,4,27.679,38,11782,0.095
monthly_tmax_lag_2,2016,September,4,27.417,37,11782,0.095
monthly_tmax_lag_2,2016,October,4,27.979,37,11782,0.095
monthly_tmax_lag_2,2016,November,5,29.044,38,11782,0.095
monthly_tmax_lag_2,2016,December,6,30.334,39,11782,0.095
monthly_tmax_lag_2,2017,January,5,29.761,38,11782,0.095
monthly_tmax_lag_2,2017,February,5,29.695,39,11782,0.095
monthly_tmax_lag_2,2017,March,6,30.436,41,11782,0.095
monthly_tmax_lag_2,2017,April,7,30.054,39,11782,0.095
monthly_tmax_lag_2,2017,May,6,29.819,40,11782,0.095
monthly_tmax_lag_2,2017,June,5,29.23,38,11782,0.095
monthly_tmax_lag_2,2017,July,3,28.339,38,11782,0.095
monthly_tmax_lag_2,2017,August,4,27.825,37,11782,0.095
monthly_tmax_lag_2,2017,September,3,27.304,36,11782,0.095
monthly_tmax_lag_2,2017,October,4,28.044,37,11782,0.095
monthly_tmax_lag_2,2017,November,5,29.169,38,11782,0.095
monthly_tmax_lag_2,2017,December,6,30.082,38,11782,0.095
monthly_tmax_lag_2,2018,January,4,29.393,37,11782,0.095
monthly_tmax_lag_2,2018,February,4,29.174,38,11782,0.095
monthly_tmax_lag_2,2018,March,4,29.031,39,11782,0.095
monthly_tmax_lag_2,2018,April,7,30.568,40,11782,0.095
monthly_tmax_lag_2,2018,May,5,28.68,38,11782,0.095
monthly_tmax_lag_2,2018,June,4,28.39,37,11782,0.095
monthly_tmax_lag_2,2018,July,3,27.874,37,11782,0.095
monthly_tmax_lag_2,2018,August,4,27.282,37,11782,0.095
monthly_tmax_lag_2,2018,September,4,27.047,36,11782,0.095
monthly_tmax_lag_2,2018,October,3,27.425,36,11782,0.095
monthly_tmax_lag_2,2018,November,5,29.202,38,11782,0.095
monthly_tmax_lag_2,2018,December,6,29.701,39,11782,0.095
monthly_tmax_lag_2,2019,January,5,29.766,38,11782,0.095
monthly_tmax_lag_2,2019,February,5,29.703,39,11782,0.095
monthly_tmax_lag_2,2019,March,6,30.411,42,11782,0.095
monthly_tmax_lag_2,2019,April,8,30.707,40,11782,0.095
monthly_tmax_lag_2,2019,May,7,30.079,39,11782,0.095
monthly_tmax_lag_2,2019,June,6,29.411,38,11782,0.095
monthly_tmax_lag_2,2019,July,2,27.162,37,11782,0.095
monthly_tmax_lag_2,2019,August,4,27.445,37,11782,0.095
monthly_tmax_lag_2,2019,September,5,27.552,37,11782,0.095
monthly_tmax_lag_2,2019,October,4,28.339,37,11782,0.095
monthly_tmax_lag_2,2019,November,5,29.207,38,11782,0.095
monthly_tmax_lag_2,2019,December,6,29.689,38,11782,0.095
monthly_tmax_lag_2,2020,January,4,29.374,38,11782,0.095
monthly_tmax_lag_2,2020,February,4,28.929,38,11782,0.095
monthly_tmax_lag_2,2020,March,5,29.643,39,11782,0.095
monthly_tmax_lag_2,2020,April,6,29.802,38,11782,0.095
monthly_tmax_lag_2,2020,May,6,29.327,39,11782,0.095
monthly_tmax_lag_2,2020,June,3,28.096,37,11782,0.095
monthly_tmax_lag_2,2020,July,3,28.201,38,11782,0.095
monthly_tmax_lag_2,2020,August,4,27.602,37,11782,0.095
monthly_tmax_lag_2,2020,September,4,27.403,36,11782,0.095
monthly_tmax_lag_2,2020,October,4,28.061,37,11782,0.095
monthly_tmax_lag_2,2020,November,6,29.254,38,11782,0.095
monthly_tmax_lag_2,2020,December,6,30.029,38,11782,0.095
monthly_tmax_lag_2,2021,January,4,29.336,38,11782,0.095
monthly_tmax_lag_2,2021,February,5,29.822,39,11782,0.095
monthly_tmax_lag_2,2021,March,6,29.894,39,11782,0.095
monthly_tmax_lag_2,2021,April,5,29.365,38,11782,0.095
monthly_tmax_lag_2,2021,May,6,29.626,39,11782,0.095
monthly_tmax_lag_2,2021,June,4,28.567,37,11782,0.095
monthly_tmax_lag_2,2021,July,3,27.944,38,11782,0.095
monthly_tmax_lag_2,2021,August,4,27.494,38,11782,0.095
monthly_tmax_lag_2,2021,September,3,26.951,36,11782,0.095
monthly_tmax_lag_2,2021,October,4,27.816,37,11782,0.095
monthly_tmax_lag_2,2021,November,5,29.044,38,11782,0.095
monthly_tmax_lag_2,2021,December,6,30.085,39,11782,0.095
monthly_tmax_lag_2,2022,January,6,30.421,38,11782,0.095
monthly_tmax_lag_2,2022,February,5,30.349,38,11782,0.095
monthly_tmax_lag_2,2022,March,6,30.358,40,11782,0.095
monthly_tmax_lag_2,2022,April,5,29.324,39,11782,0.095
monthly_tmax_lag_2,2022,May,6,29.748,39,11782,0.095
monthly_tmax_lag_2,2022,June,5,29.371,38,11782,0.095
monthly_tmax_lag_2,2022,July,4,28.867,39,11782,0.095
monthly_tmax_lag_2,2022,August,4,27.275,37,11782,0.095
monthly_tmax_lag_2,2022,September,3,26.591,36,11782,0.095
monthly_tmax_lag_2,2022,October,3,27.569,36,11782,0.095
monthly_tmax_lag_2,2022,November,5,29.011,39,11782,0.095
monthly_tmax_lag_2,2022,December,7,30.307,38,11782,0.095
monthly_tmax_lag_3,2008,January,6,29.964,38,11782,0.095
monthly_tmax_lag_3,2008,February,5,29.832,38,11782,0.095
monthly_tmax_lag_3,2008,March,4,29.376,39,11782,0.095
monthly_tmax_lag_3,2008,April,5,30.06,40,11782,0.095
monthly_tmax_lag_3,2008,May,5,29.42,40,11782,0.095
monthly_tmax_lag_3,2008,June,5,29.333,40,11782,0.095
monthly_tmax_lag_3,2008,July,3,28.206,37,11782,0.095
monthly_tmax_lag_3,2008,August,3,28.119,37,11782,0.095
monthly_tmax_lag_3,2008,September,3,27.119,37,11782,0.095
monthly_tmax_lag_3,2008,October,3,27.219,36,11782,0.095
monthly_tmax_lag_3,2008,November,4,28.078,37,11782,0.095
monthly_tmax_lag_3,2008,December,6,29.849,38,11782,0.095
monthly_tmax_lag_3,2009,January,5,29.73,38,11782,0.095
monthly_tmax_lag_3,2009,February,4,29.572,38,11782,0.095
monthly_tmax_lag_3,2009,March,5,29.428,38,11782,0.095
monthly_tmax_lag_3,2009,April,6,30.381,40,11782,0.095
monthly_tmax_lag_3,2009,May,5,29.822,40,11782,0.095
monthly_tmax_lag_3,2009,June,7,30.07,40,11782,0.095
monthly_tmax_lag_3,2009,July,5,28.963,38,11782,0.095
monthly_tmax_lag_3,2009,August,4,28.596,38,11782,0.095
monthly_tmax_lag_3,2009,September,4,28.296,38,11782,0.095
monthly_tmax_lag_3,2009,October,4,27.231,37,11782,0.095
monthly_tmax_lag_3,2009,November,4,28.425,37,11782,0.095
monthly_tmax_lag_3,2009,December,6,29.978,39,11782,0.095
monthly_tmax_lag_3,2010,January,5,30.005,39,11782,0.095
monthly_tmax_lag_3,2010,February,4,29.538,38,11782,0.095
monthly_tmax_lag_3,2010,March,5,30.054,38,11782,0.095
monthly_tmax_lag_3,2010,April,6,29.982,39,11782,0.095
monthly_tmax_lag_3,2010,May,7,30.41,40,11782,0.095
monthly_tmax_lag_3,2010,June,6,29.993,39,11782,0.095
monthly_tmax_lag_3,2010,July,5,29.613,39,11782,0.095
monthly_tmax_lag_3,2010,August,4,28.723,38,11782,0.095
monthly_tmax_lag_3,2010,September,4,27.635,37,11782,0.095
monthly_tmax_lag_3,2010,October,3,27.131,36,11782,0.095
monthly_tmax_lag_3,2010,November,4,27.975,37,11782,0.095
monthly_tmax_lag_3,2010,December,5,29.105,38,11782,0.095
monthly_tmax_lag_3,2011,January,6,30.561,39,11782,0.095
monthly_tmax_lag_3,2011,February,4,30.175,38,11782,0.095
monthly_tmax_lag_3,2011,March,5,29.817,38,11782,0.095
monthly_tmax_lag_3,2011,April,6,30.209,40,11782,0.095
monthly_tmax_lag_3,2011,May,7,30.327,41,11782,0.095
monthly_tmax_lag_3,2011,June,6,29.807,40,11782,0.095
monthly_tmax_lag_3,2011,July,5,29.394,39,11782,0.095
monthly_tmax_lag_3,2011,August,4,28.8,38,11782,0.095
monthly_tmax_lag_3,2011,September,5,28.305,38,11782,0.095
monthly_tmax_lag_3,2011,October,4,27.428,37,11782,0.095
monthly_tmax_lag_3,2011,November,3,27.569,36,11782,0.095
monthly_tmax_lag_3,2011,December,5,29.009,38,11782,0.095
monthly_tmax_lag_3,2012,January,5,29.342,38,11782,0.095
monthly_tmax_lag_3,2012,February,3,28.467,35,11782,0.095
monthly_tmax_lag_3,2012,March,3,28.49,37,11782,0.095
monthly_tmax_lag_3,2012,April,6,29.619,39,11782,0.095
monthly_tmax_lag_3,2012,May,6,30.781,42,11782,0.095
monthly_tmax_lag_3,2012,June,6,29.705,39,11782,0.095
monthly_tmax_lag_3,2012,July,4,28.413,37,11782,0.095
monthly_tmax_lag_3,2012,August,3,27.865,38,11782,0.095
monthly_tmax_lag_3,2012,September,4,27.56,38,11782,0.095
monthly_tmax_lag_3,2012,October,3,26.968,36,11782,0.095
monthly_tmax_lag_3,2012,November,4,27.855,36,11782,0.095
monthly_tmax_lag_3,2012,December,5,29.21,38,11782,0.095
monthly_tmax_lag_3,2013,January,6,29.958,38,11782,0.095
monthly_tmax_lag_3,2013,February,4,29.516,38,11782,0.095
monthly_tmax_lag_3,2013,March,3,28.711,37,11782,0.095
monthly_tmax_lag_3,2013,April,6,30.236,39,11782,0.095
monthly_tmax_lag_3,2013,May,7,30.553,40,11782,0.095
monthly_tmax_lag_3,2013,June,6,29.766,39,11782,0.095
monthly_tmax_lag_3,2013,July,4,28.881,38,11782,0.095
monthly_tmax_lag_3,2013,August,3,28.199,38,11782,0.095
monthly_tmax_lag_3,2013,September,3,27.402,37,11782,0.095
monthly_tmax_lag_3,2013,October,4,27.257,36,11782,0.095
monthly_tmax_lag_3,2013,November,4,27.814,36,11782,0.095
monthly_tmax_lag_3,2013,December,5,29.296,38,11782,0.095
monthly_tmax_lag_3,2014,January,6,29.843,38,11782,0.095
monthly_tmax_lag_3,2014,February,5,30.012,38,11782,0.095
monthly_tmax_lag_3,2014,March,4,28.993,38,11782,0.095
monthly_tmax_lag_3,2014,April,5,29.74,39,11782,0.095
monthly_tmax_lag_3,2014,May,6,30.134,42,11782,0.095
monthly_tmax_lag_3,2014,June,6,29.747,39,11782,0.095
monthly_tmax_lag_3,2014,July,4,28.443,37,11782,0.095
monthly_tmax_lag_3,2014,August,3,28.111,37,11782,0.095
monthly_tmax_lag_3,2014,September,4,27.877,38,11782,0.095
monthly_tmax_lag_3,2014,October,4,27.432,37,11782,0.095
monthly_tmax_lag_3,2014,November,4,27.88,37,11782,0.095
monthly_tmax_lag_3,2014,December,4,28.607,38,11782,0.095
monthly_tmax_lag_3,2015,January,5,29.366,38,11782,0.095
monthly_tmax_lag_3,2015,February,4,29.542,38,11782,0.095
monthly_tmax_lag_3,2015,March,4,29.134,37,11782,0.095
monthly_tmax_lag_3,2015,April,5,29.222,39,11782,0.095
monthly_tmax_lag_3,2015,May,7,30.557,41,11782,0.095
monthly_tmax_lag_3,2015,June,6,30.021,39,11782,0.095
monthly_tmax_lag_3,2015,July,4,28.445,37,11782,0.095
monthly_tmax_lag_3,2015,August,3,27.833,38,11782,0.095
monthly_tmax_lag_3,2015,September,4,27.911,38,11782,0.095
monthly_tmax_lag_3,2015,October,4,27.38,38,11782,0.095
monthly_tmax_lag_3,2015,November,4,28.157,37,11782,0.095
monthly_tmax_lag_3,2015,December,6,29.792,39,11782,0.095
monthly_tmax_lag_3,2016,January,6,30.186,39,11782,0.095
monthly_tmax_lag_3,2016,February,4,29.169,37,11782,0.095
monthly_tmax_lag_3,2016,March,4,29.333,37,11782,0.095
monthly_tmax_lag_3,2016,April,5,29.84,39,11782,0.095
monthly_tmax_lag_3,2016,May,6,30.479,39,11782,0.095
monthly_tmax_lag_3,2016,June,7,30.925,40,11782,0.095
monthly_tmax_lag_3,2016,July,5,28.932,38,11782,0.095
monthly_tmax_lag_3,2016,August,4,27.903,37,11782,0.095
monthly_tmax_lag_3,2016,September,4,27.679,38,11782,0.095
monthly_tmax_lag_3,2016,October,4,27.417,37,11782,0.095
monthly_tmax_lag_3,2016,November,4,27.979,37,11782,0.095
monthly_tmax_lag_3,2016,December,5,29.044,38,11782,0.095
monthly_tmax_lag_3,2017,January,6,30.334,39,11782,0.095
monthly_tmax_lag_3,2017,February,5,29.761,38,11782,0.095
monthly_tmax_lag_3,2017,March,5,29.695,39,11782,0.095
monthly_tmax_lag_3,2017,April,6,30.436,41,11782,0.095
monthly_tmax_lag_3,2017,May,7,30.054,39,11782,0.095
monthly_tmax_lag_3,2017,June,6,29.819,40,11782,0.095
monthly_tmax_lag_3,2017,July,5,29.23,38,11782,0.095
monthly_tmax_lag_3,2017,August,3,28.339,38,11782,0.095
monthly_tmax_lag_3,2017,September,4,27.825,37,11782,0.095
monthly_tmax_lag_3,2017,October,3,27.304,36,11782,0.095
monthly_tmax_lag_3,2017,November,4,28.044,37,11782,0.095
monthly_tmax_lag_3,2017,December,5,29.169,38,11782,0.095
monthly_tmax_lag_3,2018,January,6,30.082,38,11782,0.095
monthly_tmax_lag_3,2018,February,4,29.393,37,11782,0.095
monthly_tmax_lag_3,2018,March,4,29.174,38,11782,0.095
monthly_tmax_lag_3,2018,April,4,29.031,39,11782,0.095
monthly_tmax_lag_3,2018,May,7,30.568,40,11782,0.095
monthly_tmax_lag_3,2018,June,5,28.68,38,11782,0.095
monthly_tmax_lag_3,2018,July,4,28.39,37,11782,0.095
monthly_tmax_lag_3,2018,August,3,27.874,37,11782,0.095
monthly_tmax_lag_3,2018,September,4,27.282,37,11782,0.095
monthly_tmax_lag_3,2018,October,4,27.047,36,11782,0.095
monthly_tmax_lag_3,2018,November,3,27.425,36,11782,0.095
monthly_tmax_lag_3,2018,December,5,29.202,38,11782,0.095
monthly_tmax_lag_3,2019,January,6,29.701,39,11782,0.095
monthly_tmax_lag_3,2019,February,5,29.766,38,11782,0.095
monthly_tmax_lag_3,2019,March,5,29.703,39,11782,0.095
monthly_tmax_lag_3,2019,April,6,30.411,42,11782,0.095
monthly_tmax_lag_3,2019,May,8,30.707,40,11782,0.095
monthly_tmax_lag_3,2019,June,7,30.079,39,11782,0.095
monthly_tmax_lag_3,2019,July,6,29.411,38,11782,0.095
monthly_tmax_lag_3,2019,August,2,27.162,37,11782,0.095
monthly_tmax_lag_3,2019,September,4,27.445,37,11782,0.095
monthly_tmax_lag_3,2019,October,5,27.552,37,11782,0.095
monthly_tmax_lag_3,2019,November,4,28.339,37,11782,0.095
monthly_tmax_lag_3,2019,December,5,29.207,38,11782,0.095
monthly_tmax_lag_3,2020,January,6,29.689,38,11782,0.095
monthly_tmax_lag_3,2020,February,4,29.374,38,11782,0.095
monthly_tmax_lag_3,2020,March,4,28.929,38,11782,0.095
monthly_tmax_lag_3,2020,April,5,29.643,39,11782,0.095
monthly_tmax_lag_3,2020,May,6,29.802,38,11782,0.095
monthly_tmax_lag_3,2020,June,6,29.327,39,11782,0.095
monthly_tmax_lag_3,2020,July,3,28.096,37,11782,0.095
monthly_tmax_lag_3,2020,August,3,28.201,38,11782,0.095
monthly_tmax_lag_3,2020,September,4,27.602,37,11782,0.095
monthly_tmax_lag_3,2020,October,4,27.403,36,11782,0.095
monthly_tmax_lag_3,2020,November,4,28.061,37,11782,0.095
monthly_tmax_lag_3,2020,December,6,29.254,38,11782,0.095
monthly_tmax_lag_3,2021,January,6,30.029,38,11782,0.095
monthly_tmax_lag_3,2021,February,4,29.336,38,11782,0.095
monthly_tmax_lag_3,2021,March,5,29.822,39,11782,0.095
monthly_tmax_lag_3,2021,April,6,29.894,39,11782,0.095
monthly_tmax_lag_3,2021,May,5,29.365,38,11782,0.095
monthly_tmax_lag_3,2021,June,6,29.626,39,11782,0.095
monthly_tmax_lag_3,2021,July,4,28.567,37,11782,0.095
monthly_tmax_lag_3,2021,August,3,27.944,38,11782,0.095
monthly_tmax_lag_3,2021,September,4,27.494,38,11782,0.095
monthly_tmax_lag_3,2021,October,3,26.951,36,11782,0.095
monthly_tmax_lag_3,2021,November,4,27.816,37,11782,0.095
monthly_tmax_lag_3,2021,December,5,29.044,38,11782,0.095
monthly_tmax_lag_3,2022,January,6,30.085,39,11782,0.095
monthly_tmax_lag_3,2022,February,6,30.421,38,11782,0.095
monthly_tmax_lag_3,2022,March,5,30.349,38,11782,0.095
monthly_tmax_lag_3,2022,April,6,30.358,40,11782,0.095
monthly_tmax_lag_3,2022,May,5,29.324,39,11782,0.095
monthly_tmax_lag_3,2022,June,6,29.748,39,11782,0.095
monthly_tmax_lag_3,2022,July,5,29.371,38,11782,0.095
monthly_tmax_lag_3,2022,August,4,28.867,39,11782,0.095
monthly_tmax_lag_3,2022,September,4,27.275,37,11782,0.095
monthly_tmax_lag_3,2022,October,3,26.591,36,11782,0.095
monthly_tmax_lag_3,2022,November,3,27.569,36,11782,0.095
monthly_tmax_lag_3,2022,December,5,29.011,39,11782,0.095
monthly_tmin,2008,January,-7,18.748,26,11782,0.095
monthly_tmin,2008,February,-7,18.341,25,11782,0.095
monthly_tmin,2008,March,-6,18.948,27,11782,0.095
monthly_tmin,2008,April,-6,18.486,26,11782,0.095
monthly_tmin,2008,May,-6,17.655,25,11782,0.095
monthly_tmin,2008,June,-8,16.026,24,11782,0.095
monthly_tmin,2008,July,-9,15.999,24,11782,0.095
monthly_tmin,2008,August,-7,16.852,24,11782,0.095
monthly_tmin,2008,September,-8,17.818,25,11782,0.095
monthly_tmin,2008,October,-7,18.496,25,11782,0.095
monthly_tmin,2008,November,-6,18.672,26,11782,0.095
monthly_tmin,2008,December,-6,18.415,26,11782,0.095
monthly_tmin,2009,January,-7,18.815,26,11782,0.095
monthly_tmin,2009,February,-7,18.831,26,11782,0.095
monthly_tmin,2009,March,-6,19.19,27,11782,0.095
monthly_tmin,2009,April,-5,18.941,27,11782,0.095
monthly_tmin,2009,May,-5,18.248,26,11782,0.095
monthly_tmin,2009,June,-7,17.173,25,11782,0.095
monthly_tmin,2009,July,-8,15.986,25,11782,0.095
monthly_tmin,2009,August,-7,17.11,25,11782,0.095
monthly_tmin,2009,September,-7,17.981,25,11782,0.095
monthly_tmin,2009,October,-7,18.614,25,11782,0.095
monthly_tmin,2009,November,-6,19.035,26,11782,0.095
monthly_tmin,2009,December,-4,19.615,27,11782,0.095
monthly_tmin,2010,January,-6,18.986,27,11782,0.095
monthly_tmin,2010,February,-6,19.595,27,11782,0.095
monthly_tmin,2010,March,-5,19.44,27,11782,0.095
monthly_tmin,2010,April,-5,19.62,27,11782,0.095
monthly_tmin,2010,May,-5,18.614,26,11782,0.095
monthly_tmin,2010,June,-7,16.891,25,11782,0.095
monthly_tmin,2010,July,-8,16.303,25,11782,0.095
monthly_tmin,2010,August,-8,16.673,25,11782,0.095
monthly_tmin,2010,September,-8,17.6,25,11782,0.095
monthly_tmin,2010,October,-7,18.882,26,11782,0.095
monthly_tmin,2010,November,-6,19.089,26,11782,0.095
monthly_tmin,2010,December,-5,18.798,26,11782,0.095
monthly_tmin,2011,January,-7,18.692,26,11782,0.095
monthly_tmin,2011,February,-7,18.724,26,11782,0.095
monthly_tmin,2011,March,-6,19.038,26,11782,0.095
monthly_tmin,2011,April,-5,19.309,27,11782,0.095
monthly_tmin,2011,May,-5,18.426,26,11782,0.095
monthly_tmin,2011,June,-7,17.056,26,11782,0.095
monthly_tmin,2011,July,-8,15.994,25,11782,0.095
monthly_tmin,2011,August,-7,16.654,24,11782,0.095
monthly_tmin,2011,September,-7,17.781,25,11782,0.095
monthly_tmin,2011,October,-7,17.88,25,11782,0.095
monthly_tmin,2011,November,-6,18.477,26,11782,0.095
monthly_tmin,2011,December,-6,18.073,26,11782,0.095
monthly_tmin,2012,January,-7,18.02,26,11782,0.095
monthly_tmin,2012,February,-7,18.476,25,11782,0.095
monthly_tmin,2012,March,-6,18.735,26,11782,0.095
monthly_tmin,2012,April,-5,18.578,26,11782,0.095
monthly_tmin,2012,May,-6,17.731,25,11782,0.095
monthly_tmin,2012,June,-7,16.75,25,11782,0.095
monthly_tmin,2012,July,-9,15.665,24,11782,0.095
monthly_tmin,2012,August,-7,16.602,24,11782,0.095
monthly_tmin,2012,September,-8,17.3,25,11782,0.095
monthly_tmin,2012,October,-7,18.5,25,11782,0.095
monthly_tmin,2012,November,-6,18.686,25,11782,0.095
monthly_tmin,2012,December,-6,18.142,26,11782,0.095
monthly_tmin,2013,January,-6,18.983,27,11782,0.095
monthly_tmin,2013,February,-6,18.8,26,11782,0.095
monthly_tmin,2013,March,-6,19.095,27,11782,0.095
monthly_tmin,2013,April,-5,19.079,26,11782,0.095
monthly_tmin,2013,May,-6,17.904,26,11782,0.095
monthly_tmin,2013,June,-8,16.068,25,11782,0.095
monthly_tmin,2013,July,-9,15.514,24,11782,0.095
monthly_tmin,2013,August,-8,16.571,24,11782,0.095
monthly_tmin,2013,September,-8,17.507,25,11782,0.095
monthly_tmin,2013,October,-7,18.333,25,11782,0.095
monthly_tmin,2013,November,-6,18.972,26,11782,0.095
monthly_tmin,2013,December,-5,18.309,26,11782,0.095
monthly_tmin,2014,January,-6,18.753,27,11782,0.095
monthly_tmin,2014,February,-6,18.618,26,11782,0.095
monthly_tmin,2014,March,-6,19.057,26,11782,0.095
monthly_tmin,2014,April,-6,18.272,26,11782,0.095
monthly_tmin,2014,May,-5,17.976,26,11782,0.095
monthly_tmin,2014,June,-7,17.19,25,11782,0.095
monthly_tmin,2014,July,-8,16.319,25,11782,0.095
monthly_tmin,2014,August,-7,17.198,25,11782,0.095
monthly_tmin,2014,September,-8,17.279,25,11782,0.095
monthly_tmin,2014,October,-7,18.108,25,11782,0.095
monthly_tmin,2014,November,-6,18.812,25,11782,0.095
monthly_tmin,2014,December,-6,18.41,26,11782,0.095
monthly_tmin,2015,January,-7,18.044,26,11782,0.095
monthly_tmin,2015,February,-7,18.372,26,11782,0.095
monthly_tmin,2015,March,-6,18.67,26,11782,0.095
monthly_tmin,2015,April,-6,18.602,26,11782,0.095
monthly_tmin,2015,May,-5,17.976,25,11782,0.095
monthly_tmin,2015,June,-7,17.13,25,11782,0.095
monthly_tmin,2015,July,-8,16.293,24,11782,0.095
monthly_tmin,2015,August,-7,16.872,25,11782,0.095
monthly_tmin,2015,September,-7,17.947,25,11782,0.095
monthly_tmin,2015,October,-6,18.859,26,11782,0.095
monthly_tmin,2015,November,-6,18.915,26,11782,0.095
monthly_tmin,2015,December,-5,19.221,27,11782,0.095
monthly_tmin,2016,January,-5,19.568,28,11782,0.095
monthly_tmin,2016,February,-6,19.553,27,11782,0.095
monthly_tmin,2016,March,-4,20.079,27,11782,0.095
monthly_tmin,2016,April,-4,19.436,28,11782,0.095
monthly_tmin,2016,May,-5,17.855,25,11782,0.095
monthly_tmin,2016,June,-7,16.614,25,11782,0.095
monthly_tmin,2016,July,-8,16.3,25,11782,0.095
monthly_tmin,2016,August,-7,16.73,25,11782,0.095
monthly_tmin,2016,September,-8,17.31,25,11782,0.095
monthly_tmin,2016,October,-7,18.43,26,11782,0.095
monthly_tmin,2016,November,-6,19.017,26,11782,0.095
monthly_tmin,2016,December,-5,18.824,26,11782,0.095
monthly_tmin,2017,January,-6,18.284,27,11782,0.095
monthly_tmin,2017,February,-6,18.703,27,11782,0.095
monthly_tmin,2017,March,-5,19.181,27,11782,0.095
monthly_tmin,2017,April,-5,19.371,27,11782,0.095
monthly_tmin,2017,May,-5,18.251,26,11782,0.095
monthly_tmin,2017,June,-6,17.134,25,11782,0.095
monthly_tmin,2017,July,-8,16.44,24,11782,0.095
monthly_tmin,2017,August,-7,17.332,25,11782,0.095
monthly_tmin,2017,September,-7,17.895,25,11782,0.095
monthly_tmin,2017,October,-6,19.032,26,11782,0.095
monthly_tmin,2017,November,-6,18.594,26,11782,0.095
monthly_tmin,2017,December,-5,18.356,26,11782,0.095
monthly_tmin,2018,January,-6,18.374,26,11782,0.095
monthly_tmin,2018,February,-6,18.947,26,11782,0.095
monthly_tmin,2018,March,-6,18.705,26,11782,0.095
monthly_tmin,2018,April,-6,18.561,26,11782,0.095
monthly_tmin,2018,May,-6,17.696,25,11782,0.095
monthly_tmin,2018,June,-8,16.397,25,11782,0.095
monthly_tmin,2018,July,-8,15.977,24,11782,0.095
monthly_tmin,2018,August,-8,16.426,24,11782,0.095
monthly_tmin,2018,September,-8,17.572,25,11782,0.095
monthly_tmin,2018,October,-7,18.134,25,11782,0.095
monthly_tmin,2018,November,-5,19.089,25,11782,0.095
monthly_tmin,2018,December,-4,18.995,26,11782,0.095
monthly_tmin,2019,January,-6,18.616,27,11782,0.095
monthly_tmin,2019,February,-5,19.171,26,11782,0.095
monthly_tmin,2019,March,-5,19.309,26,11782,0.095
monthly_tmin,2019,April,-3,19.572,28,11782,0.095
monthly_tmin,2019,May,-6,17.529,25,11782,0.095
monthly_tmin,2019,June,-7,16.782,25,11782,0.095
monthly_tmin,2019,July,-7,16.447,24,11782,0.095
monthly_tmin,2019,August,-7,17.26,25,11782,0.095
monthly_tmin,2019,September,-7,17.914,25,11782,0.095
monthly_tmin,2019,October,-7,18.205,25,11782,0.095
monthly_tmin,2019,November,-5,18.987,26,11782,0.095
monthly_tmin,2019,December,-5,18.775,27,11782,0.095
monthly_tmin,2020,January,-5,19.081,27,11782,0.095
monthly_tmin,2020,February,-7,18.42,26,11782,0.095
monthly_tmin,2020,March,-5,19.441,27,11782,0.095
monthly_tmin,2020,April,-6,18.679,26,11782,0.095
monthly_tmin,2020,May,-5,18.477,26,11782,0.095
monthly_tmin,2020,June,-7,16.98,25,11782,0.095
monthly_tmin,2020,July,-7,16.337,25,11782,0.095
monthly_tmin,2020,August,-7,16.857,25,11782,0.095
monthly_tmin,2020,September,-7,17.604,25,11782,0.095
monthly_tmin,2020,October,-6,19.033,26,11782,0.095
monthly_tmin,2020,November,-5,19.263,27,11782,0.095
monthly_tmin,2020,December,-4,19.087,26,11782,0.095
monthly_tmin,2021,January,-6,18.579,26,11782,0.095
monthly_tmin,2021,February,-7,18.482,26,11782,0.095
monthly_tmin,2021,March,-5,18.757,26,11782,0.095
monthly_tmin,2021,April,-5,18.947,27,11782,0.095
monthly_tmin,2021,May,-5,17.976,26,11782,0.095
monthly_tmin,2021,June,-7,16.739,25,11782,0.095
monthly_tmin,2021,July,-7,16.361,24,11782,0.095
monthly_tmin,2021,August,-8,16.713,24,11782,0.095
monthly_tmin,2021,September,-7,17.804,26,11782,0.095
monthly_tmin,2021,October,-7,18.535,26,11782,0.095
monthly_tmin,2021,November,-5,19.077,26,11782,0.095
monthly_tmin,2021,December,-5,19.027,27,11782,0.095
monthly_tmin,2022,January,-6,18.752,27,11782,0.095
monthly_tmin,2022,February,-7,18.343,26,11782,0.095
monthly_tmin,2022,March,-6,18.882,27,11782,0.095
monthly_tmin,2022,April,-5,19.132,27,11782,0.095
monthly_tmin,2022,May,-5,18.47,26,11782,0.095
monthly_tmin,2022,June,-7,16.599,25,11782,0.095
monthly_tmin,2022,July,-8,16.008,24,11782,0.095
monthly_tmin,2022,August,-8,16.705,24,11782,0.095
monthly_tmin,2022,September,-7,17.604,25,11782,0.095
monthly_tmin,2022,October,-7,18.652,26,11782,0.095
monthly_tmin,2022,November,-6,18.846,26,11782,0.095
monthly_tmin,2022,December,-5,18.609,26,11782,0.095
monthly_tmin_lag_1,2008,January,-5,18.877,26,11782,0.095
monthly_tmin_lag_1,2008,February,-7,18.748,26,11782,0.095
monthly_tmin_lag_1,2008,March,-7,18.341,25,11782,0.095
monthly_tmin_lag_1,2008,April,-6,18.948,27,11782,0.095
monthly_tmin_lag_1,2008,May,-6,18.486,26,11782,0.095
monthly_tmin_lag_1,2008,June,-6,17.655,25,11782,0.095
monthly_tmin_lag_1,2008,July,-8,16.026,24,11782,0.095
monthly_tmin_lag_1,2008,August,-9,15.999,24,11782,0.095
monthly_tmin_lag_1,2008,September,-7,16.852,24,11782,0.095
monthly_tmin_lag_1,2008,October,-8,17.818,25,11782,0.095
monthly_tmin_lag_1,2008,November,-7,18.496,25,11782,0.095
monthly_tmin_lag_1,2008,December,-6,18.672,26,11782,0.095
monthly_tmin_lag_1,2009,January,-6,18.415,26,11782,0.095
monthly_tmin_lag_1,2009,February,-7,18.815,26,11782,0.095
monthly_tmin_lag_1,2009,March,-7,18.831,26,11782,0.095
monthly_tmin_lag_1,2009,April,-6,19.19,27,11782,0.095
monthly_tmin_lag_1,2009,May,-5,18.941,27,11782,0.095
monthly_tmin_lag_1,2009,June,-5,18.248,26,11782,0.095
monthly_tmin_lag_1,2009,July,-7,17.173,25,11782,0.095
monthly_tmin_lag_1,2009,August,-8,15.986,25,11782,0.095
monthly_tmin_lag_1,2009,September,-7,17.11,25,11782,0.095
monthly_tmin_lag_1,2009,October,-7,17.981,25,11782,0.095
monthly_tmin_lag_1,2009,November,-7,18.614,25,11782,0.095
monthly_tmin_lag_1,2009,December,-6,19.035,26,11782,0.095
monthly_tmin_lag_1,2010,January,-4,19.615,27,11782,0.095
monthly_tmin_lag_1,2010,February,-6,18.986,27,11782,0.095
monthly_tmin_lag_1,2010,March,-6,19.595,27,11782,0.095
monthly_tmin_lag_1,2010,April,-5,19.44,27,11782,0.095
monthly_tmin_lag_1,2010,May,-5,19.62,27,11782,0.095
monthly_tmin_lag_1,2010,June,-5,18.614,26,11782,0.095
monthly_tmin_lag_1,2010,July,-7,16.891,25,11782,0.095
monthly_tmin_lag_1,2010,August,-8,16.303,25,11782,0.095
monthly_tmin_lag_1,2010,September,-8,16.673,25,11782,0.095
monthly_tmin_lag_1,2010,October,-8,17.6,25,11782,0.095
monthly_tmin_lag_1,2010,November,-7,18.882,26,11782,0.095
monthly_tmin_lag_1,2010,December,-6,19.089,26,11782,0.095
monthly_tmin_lag_1,2011,January,-5,18.798,26,11782,0.095
monthly_tmin_lag_1,2011,February,-7,18.692,26,11782,0.095
monthly_tmin_lag_1,2011,March,-7,18.724,26,11782,0.095
monthly_tmin_lag_1,2011,April,-6,19.038,26,11782,0.095
monthly_tmin_lag_1,2011,May,-5,19.309,27,11782,0.095
monthly_tmin_lag_1,2011,June,-5,18.426,26,11782,0.095
monthly_tmin_lag_1,2011,July,-7,17.056,26,11782,0.095
monthly_tmin_lag_1,2011,August,-8,15.994,25,11782,0.095
monthly_tmin_lag_1,2011,September,-7,16.654,24,11782,0.095
monthly_tmin_lag_1,2011,October,-7,17.781,25,11782,0.095
monthly_tmin_lag_1,2011,November,-7,17.88,25,11782,0.095
monthly_tmin_lag_1,2011,December,-6,18.477,26,11782,0.095
monthly_tmin_lag_1,2012,January,-6,18.073,26,11782,0.095
monthly_tmin_lag_1,2012,February,-7,18.02,26,11782,0.095
monthly_tmin_lag_1,2012,March,-7,18.476,25,11782,0.095
monthly_tmin_lag_1,2012,April,-6,18.735,26,11782,0.095
monthly_tmin_lag_1,2012,May,-5,18.578,26,11782,0.095
monthly_tmin_lag_1,2012,June,-6,17.731,25,11782,0.095
monthly_tmin_lag_1,2012,July,-7,16.75,25,11782,0.095
monthly_tmin_lag_1,2012,August,-9,15.665,24,11782,0.095
monthly_tmin_lag_1,2012,September,-7,16.602,24,11782,0.095
monthly_tmin_lag_1,2012,October,-8,17.3,25,11782,0.095
monthly_tmin_lag_1,2012,November,-7,18.5,25,11782,0.095
monthly_tmin_lag_1,2012,December,-6,18.686,25,11782,0.095
monthly_tmin_lag_1,2013,January,-6,18.142,26,11782,0.095
monthly_tmin_lag_1,2013,February,-6,18.983,27,11782,0.095
monthly_tmin_lag_1,2013,March,-6,18.8,26,11782,0.095
monthly_tmin_lag_1,2013,April,-6,19.095,27,11782,0.095
monthly_tmin_lag_1,2013,May,-5,19.079,26,11782,0.095
monthly_tmin_lag_1,2013,June,-6,17.904,26,11782,0.095
monthly_tmin_lag_1,2013,July,-8,16.068,25,11782,0.095
monthly_tmin_lag_1,2013,August,-9,15.514,24,11782,0.095
monthly_tmin_lag_1,2013,September,-8,16.571,24,11782,0.095
monthly_tmin_lag_1,2013,October,-8,17.507,25,11782,0.095
monthly_tmin_lag_1,2013,November,-7,18.333,25,11782,0.095
monthly_tmin_lag_1,2013,December,-6,18.972,26,11782,0.095
monthly_tmin_lag_1,2014,January,-5,18.309,26,11782,0.095
monthly_tmin_lag_1,2014,February,-6,18.753,27,11782,0.095
monthly_tmin_lag_1,2014,March,-6,18.618,26,11782,0.095
monthly_tmin_lag_1,2014,April,-6,19.057,26,11782,0.095
monthly_tmin_lag_1,2014,May,-6,18.272,26,11782,0.095
monthly_tmin_lag_1,2014,June,-5,17.976,26,11782,0.095
monthly_tmin_lag_1,2014,July,-7,17.19,25,11782,0.095
monthly_tmin_lag_1,2014,August,-8,16.319,25,11782,0.095
monthly_tmin_lag_1,2014,September,-7,17.198,25,11782,0.095
monthly_tmin_lag_1,2014,October,-8,17.279,25,11782,0.095
monthly_tmin_lag_1,2014,November,-7,18.108,25,11782,0.095
monthly_tmin_lag_1,2014,December,-6,18.812,25,11782,0.095
monthly_tmin_lag_1,2015,January,-6,18.41,26,11782,0.095
monthly_tmin_lag_1,2015,February,-7,18.044,26,11782,0.095
monthly_tmin_lag_1,2015,March,-7,18.372,26,11782,0.095
monthly_tmin_lag_1,2015,April,-6,18.67,26,11782,0.095
monthly_tmin_lag_1,2015,May,-6,18.602,26,11782,0.095
monthly_tmin_lag_1,2015,June,-5,17.976,25,11782,0.095
monthly_tmin_lag_1,2015,July,-7,17.13,25,11782,0.095
monthly_tmin_lag_1,2015,August,-8,16.293,24,11782,0.095
monthly_tmin_lag_1,2015,September,-7,16.872,25,11782,0.095
monthly_tmin_lag_1,2015,October,-7,17.947,25,11782,0.095
monthly_tmin_lag_1,2015,November,-6,18.859,26,11782,0.095
monthly_tmin_lag_1,2015,December,-6,18.915,26,11782,0.095
monthly_tmin_lag_1,2016,January,-5,19.221,27,11782,0.095
monthly_tmin_lag_1,2016,February,-5,19.568,28,11782,0.095
monthly_tmin_lag_1,2016,March,-6,19.553,27,11782,0.095
monthly_tmin_lag_1,2016,April,-4,20.079,27,11782,0.095
monthly_tmin_lag_1,2016,May,-4,19.436,28,11782,0.095
monthly_tmin_lag_1,2016,June,-5,17.855,25,11782,0.095
monthly_tmin_lag_1,2016,July,-7,16.614,25,11782,0.095
monthly_tmin_lag_1,2016,August,-8,16.3,25,11782,0.095
monthly_tmin_lag_1,2016,September,-7,16.73,25,11782,0.095
monthly_tmin_lag_1,2016,October,-8,17.31,25,11782,0.095
monthly_tmin_lag_1,2016,November,-7,18.43,26,11782,0.095
monthly_tmin_lag_1,2016,December,-6,19.017,26,11782,0.095
monthly_tmin_lag_1,2017,January,-5,18.824,26,11782,0.095
monthly_tmin_lag_1,2017,February,-6,18.284,27,11782,0.095
monthly_tmin_lag_1,2017,March,-6,18.703,27,11782,0.095
monthly_tmin_lag_1,2017,April,-5,19.181,27,11782,0.095
monthly_tmin_lag_1,2017,May,-5,19.371,27,11782,0.095
monthly_tmin_lag_1,2017,June,-5,18.251,26,11782,0.095
monthly_tmin_lag_1,2017,July,-6,17.134,25,11782,0.095
monthly_tmin_lag_1,2017,August,-8,16.44,24,11782,0.095
monthly_tmin_lag_1,2017,September,-7,17.332,25,11782,0.095
monthly_tmin_lag_1,2017,October,-7,17.895,25,11782,0.095
monthly_tmin_lag_1,2017,November,-6,19.032,26,11782,0.095
monthly_tmin_lag_1,2017,December,-6,18.594,26,11782,0.095
monthly_tmin_lag_1,2018,January,-5,18.356,26,11782,0.095
monthly_tmin_lag_1,2018,February,-6,18.374,26,11782,0.095
monthly_tmin_lag_1,2018,March,-6,18.947,26,11782,0.095
monthly_tmin_lag_1,2018,April,-6,18.705,26,11782,0.095
monthly_tmin_lag_1,2018,May,-6,18.561,26,11782,0.095
monthly_tmin_lag_1,2018,June,-6,17.696,25,11782,0.095
monthly_tmin_lag_1,2018,July,-8,16.397,25,11782,0.095
monthly_tmin_lag_1,2018,August,-8,15.977,24,11782,0.095
monthly_tmin_lag_1,2018,September,-8,16.426,24,11782,0.095
monthly_tmin_lag_1,2018,October,-8,17.572,25,11782,0.095
monthly_tmin_lag_1,2018,November,-7,18.134,25,11782,0.095
monthly_tmin_lag_1,2018,December,-5,19.089,25,11782,0.095
monthly_tmin_lag_1,2019,January,-4,18.995,26,11782,0.095
monthly_tmin_lag_1,2019,February,-6,18.616,27,11782,0.095
monthly_tmin_lag_1,2019,March,-5,19.171,26,11782,0.095
monthly_tmin_lag_1,2019,April,-5,19.309,26,11782,0.095
monthly_tmin_lag_1,2019,May,-3,19.572,28,11782,0.095
monthly_tmin_lag_1,2019,June,-6,17.529,25,11782,0.095
monthly_tmin_lag_1,2019,July,-7,16.782,25,11782,0.095
monthly_tmin_lag_1,2019,August,-7,16.447,24,11782,0.095
monthly_tmin_lag_1,2019,September,-7,17.26,25,11782,0.095
monthly_tmin_lag_1,2019,October,-7,17.914,25,11782,0.095
monthly_tmin_lag_1,2019,November,-7,18.205,25,11782,0.095
monthly_tmin_lag_1,2019,December,-5,18.987,26,11782,0.095
monthly_tmin_lag_1,2020,January,-5,18.775,27,11782,0.095
monthly_tmin_lag_1,2020,February,-5,19.081,27,11782,0.095
monthly_tmin_lag_1,2020,March,-7,18.42,26,11782,0.095
monthly_tmin_lag_1,2020,April,-5,19.441,27,11782,0.095
monthly_tmin_lag_1,2020,May,-6,18.679,26,11782,0.095
monthly_tmin_lag_1,2020,June,-5,18.477,26,11782,0.095
monthly_tmin_lag_1,2020,July,-7,16.98,25,11782,0.095
monthly_tmin_lag_1,2020,August,-7,16.337,25,11782,0.095
monthly_tmin_lag_1,2020,September,-7,16.857,25,11782,0.095
monthly_tmin_lag_1,2020,October,-7,17.604,25,11782,0.095
monthly_tmin_lag_1,2020,November,-6,19.033,26,11782,0.095
monthly_tmin_lag_1,2020,December,-5,19.263,27,11782,0.095
monthly_tmin_lag_1,2021,January,-4,19.087,26,11782,0.095
monthly_tmin_lag_1,2021,February,-6,18.579,26,11782,0.095
monthly_tmin_lag_1,2021,March,-7,18.482,26,11782,0.095
monthly_tmin_lag_1,2021,April,-5,18.757,26,11782,0.095
monthly_tmin_lag_1,2021,May,-5,18.947,27,11782,0.095
monthly_tmin_lag_1,2021,June,-5,17.976,26,11782,0.095
monthly_tmin_lag_1,2021,July,-7,16.739,25,11782,0.095
monthly_tmin_lag_1,2021,August,-7,16.361,24,11782,0.095
monthly_tmin_lag_1,2021,September,-8,16.713,24,11782,0.095
monthly_tmin_lag_1,2021,October,-7,17.804,26,11782,0.095
monthly_tmin_lag_1,2021,November,-7,18.535,26,11782,0.095
monthly_tmin_lag_1,2021,December,-5,19.077,26,11782,0.095
monthly_tmin_lag_1,2022,January,-5,19.027,27,11782,0.095
monthly_tmin_lag_1,2022,February,-6,18.752,27,11782,0.095
monthly_tmin_lag_1,2022,March,-7,18.343,26,11782,0.095
monthly_tmin_lag_1,2022,April,-6,18.882,27,11782,0.095
monthly_tmin_lag_1,2022,May,-5,19.132,27,11782,0.095
monthly_tmin_lag_1,2022,June,-5,18.47,26,11782,0.095
monthly_tmin_lag_1,2022,July,-7,16.599,25,11782,0.095
monthly_tmin_lag_1,2022,August,-8,16.008,24,11782,0.095
monthly_tmin_lag_1,2022,September,-8,16.705,24,11782,0.095
monthly_tmin_lag_1,2022,October,-7,17.604,25,11782,0.095
monthly_tmin_lag_1,2022,November,-7,18.652,26,11782,0.095
monthly_tmin_lag_1,2022,December,-6,18.846,26,11782,0.095
monthly_tmin_lag_2,2008,January,-6,18.64,25,11782,0.095
monthly_tmin_lag_2,2008,February,-5,18.877,26,11782,0.095
monthly_tmin_lag_2,2008,March,-7,18.748,26,11782,0.095
monthly_tmin_lag_2,2008,April,-7,18.341,25,11782,0.095
monthly_tmin_lag_2,2008,May,-6,18.948,27,11782,0.095
monthly_tmin_lag_2,2008,June,-6,18.486,26,11782,0.095
monthly_tmin_lag_2,2008,July,-6,17.655,25,11782,0.095
monthly_tmin_lag_2,2008,August,-8,16.026,24,11782,0.095
monthly_tmin_lag_2,2008,September,-9,15.999,24,11782,0.095
monthly_tmin_lag_2,2008,October,-7,16.852,24,11782,0.095
monthly_tmin_lag_2,2008,November,-8,17.818,25,11782,0.095
monthly_tmin_lag_2,2008,December,-7,18.496,25,11782,0.095
monthly_tmin_lag_2,2009,January,-6,18.672,26,11782,0.095
monthly_tmin_lag_2,2009,February,-6,18.415,26,11782,0.095
monthly_tmin_lag_2,2009,March,-7,18.815,26,11782,0.095
monthly_tmin_lag_2,2009,April,-7,18.831,26,11782,0.095
monthly_tmin_lag_2,2009,May,-6,19.19,27,11782,0.095
monthly_tmin_lag_2,2009,June,-5,18.941,27,11782,0.095
monthly_tmin_lag_2,2009,July,-5,18.248,26,11782,0.095
monthly_tmin_lag_2,2009,August,-7,17.173,25,11782,0.095
monthly_tmin_lag_2,2009,September,-8,15.986,25,11782,0.095
monthly_tmin_lag_2,2009,October,-7,17.11,25,11782,0.095
monthly_tmin_lag_2,2009,November,-7,17.981,25,11782,0.095
monthly_tmin_lag_2,2009,December,-7,18.614,25,11782,0.095
monthly_tmin_lag_2,2010,January,-6,19.035,26,11782,0.095
monthly_tmin_lag_2,2010,February,-4,19.615,27,11782,0.095
monthly_tmin_lag_2,2010,March,-6,18.986,27,11782,0.095
monthly_tmin_lag_2,2010,April,-6,19.595,27,11782,0.095
monthly_tmin_lag_2,2010,May,-5,19.44,27,11782,0.095
monthly_tmin_lag_2,2010,June,-5,19.62,27,11782,0.095
monthly_tmin_lag_2,2010,July,-5,18.614,26,11782,0.095
monthly_tmin_lag_2,2010,August,-7,16.891,25,11782,0.095
monthly_tmin_lag_2,2010,September,-8,16.303,25,11782,0.095
monthly_tmin_lag_2,2010,October,-8,16.673,25,11782,0.095
monthly_tmin_lag_2,2010,November,-8,17.6,25,11782,0.095
monthly_tmin_lag_2,2010,December,-7,18.882,26,11782,0.095
monthly_tmin_lag_2,2011,January,-6,19.089,26,11782,0.095
monthly_tmin_lag_2,2011,February,-5,18.798,26,11782,0.095
monthly_tmin_lag_2,2011,March,-7,18.692,26,11782,0.095
monthly_tmin_lag_2,2011,April,-7,18.724,26,11782,0.095
monthly_tmin_lag_2,2011,May,-6,19.038,26,11782,0.095
monthly_tmin_lag_2,2011,June,-5,19.309,27,11782,0.095
monthly_tmin_lag_2,2011,July,-5,18.426,26,11782,0.095
monthly_tmin_lag_2,2011,August,-7,17.056,26,11782,0.095
monthly_tmin_lag_2,2011,September,-8,15.994,25,11782,0.095
monthly_tmin_lag_2,2011,October,-7,16.654,24,11782,0.095
monthly_tmin_lag_2,2011,November,-7,17.781,25,11782,0.095
monthly_tmin_lag_2,2011,December,-7,17.88,25,11782,0.095
monthly_tmin_lag_2,2012,January,-6,18.477,26,11782,0.095
monthly_tmin_lag_2,2012,February,-6,18.073,26,11782,0.095
monthly_tmin_lag_2,2012,March,-7,18.02,26,11782,0.095
monthly_tmin_lag_2,2012,April,-7,18.476,25,11782,0.095
monthly_tmin_lag_2,2012,May,-6,18.735,26,11782,0.095
monthly_tmin_lag_2,2012,June,-5,18.578,26,11782,0.095
monthly_tmin_lag_2,2012,July,-6,17.731,25,11782,0.095
monthly_tmin_lag_2,2012,August,-7,16.75,25,11782,0.095
monthly_tmin_lag_2,2012,September,-9,15.665,24,11782,0.095
monthly_tmin_lag_2,2012,October,-7,16.602,24,11782,0.095
monthly_tmin_lag_2,2012,November,-8,17.3,25,11782,0.095
monthly_tmin_lag_2,2012,December,-7,18.5,25,11782,0.095
monthly_tmin_lag_2,2013,January,-6,18.686,25,11782,0.095
monthly_tmin_lag_2,2013,February,-6,18.142,26,11782,0.095
monthly_tmin_lag_2,2013,March,-6,18.983,27,11782,0.095
monthly_tmin_lag_2,2013,April,-6,18.8,26,11782,0.095
monthly_tmin_lag_2,2013,May,-6,19.095,27,11782,0.095
monthly_tmin_lag_2,2013,June,-5,19.079,26,11782,0.095
monthly_tmin_lag_2,2013,July,-6,17.904,26,11782,0.095
monthly_tmin_lag_2,2013,August,-8,16.068,25,11782,0.095
monthly_tmin_lag_2,2013,September,-9,15.514,24,11782,0.095
monthly_tmin_lag_2,2013,October,-8,16.571,24,11782,0.095
monthly_tmin_lag_2,2013,November,-8,17.507,25,11782,0.095
monthly_tmin_lag_2,2013,December,-7,18.333,25,11782,0.095
monthly_tmin_lag_2,2014,January,-6,18.972,26,11782,0.095
monthly_tmin_lag_2,2014,February,-5,18.309,26,11782,0.095
monthly_tmin_lag_2,2014,March,-6,18.753,27,11782,0.095
monthly_tmin_lag_2,2014,April,-6,18.618,26,11782,0.095
monthly_tmin_lag_2,2014,May,-6,19.057,26,11782,0.095
monthly_tmin_lag_2,2014,June,-6,18.272,26,11782,0.095
monthly_tmin_lag_2,2014,July,-5,17.976,26,11782,0.095
monthly_tmin_lag_2,2014,August,-7,17.19,25,11782,0.095
monthly_tmin_lag_2,2014,September,-8,16.319,25,11782,0.095
monthly_tmin_lag_2,2014,October,-7,17.198,25,11782,0.095
monthly_tmin_lag_2,2014,November,-8,17.279,25,11782,0.095
monthly_tmin_lag_2,2014,December,-7,18.108,25,11782,0.095
monthly_tmin_lag_2,2015,January,-6,18.812,25,11782,0.095
monthly_tmin_lag_2,2015,February,-6,18.41,26,11782,0.095
monthly_tmin_lag_2,2015,March,-7,18.044,26,11782,0.095
monthly_tmin_lag_2,2015,April,-7,18.372,26,11782,0.095
monthly_tmin_lag_2,2015,May,-6,18.67,26,11782,0.095
monthly_tmin_lag_2,2015,June,-6,18.602,26,11782,0.095
monthly_tmin_lag_2,2015,July,-5,17.976,25,11782,0.095
monthly_tmin_lag_2,2015,August,-7,17.13,25,11782,0.095
monthly_tmin_lag_2,2015,September,-8,16.293,24,11782,0.095
monthly_tmin_lag_2,2015,October,-7,16.872,25,11782,0.095
monthly_tmin_lag_2,2015,November,-7,17.947,25,11782,0.095
monthly_tmin_lag_2,2015,December,-6,18.859,26,11782,0.095
monthly_tmin_lag_2,2016,January,-6,18.915,26,11782,0.095
monthly_tmin_lag_2,2016,February,-5,19.221,27,11782,0.095
monthly_tmin_lag_2,2016,March,-5,19.568,28,11782,0.095
monthly_tmin_lag_2,2016,April,-6,19.553,27,11782,0.095
monthly_tmin_lag_2,2016,May,-4,20.079,27,11782,0.095
monthly_tmin_lag_2,2016,June,-4,19.436,28,11782,0.095
monthly_tmin_lag_2,2016,July,-5,17.855,25,11782,0.095
monthly_tmin_lag_2,2016,August,-7,16.614,25,11782,0.095
monthly_tmin_lag_2,2016,September,-8,16.3,25,11782,0.095
monthly_tmin_lag_2,2016,October,-7,16.73,25,11782,0.095
monthly_tmin_lag_2,2016,November,-8,17.31,25,11782,0.095
monthly_tmin_lag_2,2016,December,-7,18.43,26,11782,0.095
monthly_tmin_lag_2,2017,January,-6,19.017,26,11782,0.095
monthly_tmin_lag_2,2017,February,-5,18.824,26,11782,0.095
monthly_tmin_lag_2,2017,March,-6,18.284,27,11782,0.095
monthly_tmin_lag_2,2017,April,-6,18.703,27,11782,0.095
monthly_tmin_lag_2,2017,May,-5,19.181,27,11782,0.095
monthly_tmin_lag_2,2017,June,-5,19.371,27,11782,0.095
monthly_tmin_lag_2,2017,July,-5,18.251,26,11782,0.095
monthly_tmin_lag_2,2017,August,-6,17.134,25,11782,0.095
monthly_tmin_lag_2,2017,September,-8,16.44,24,11782,0.095
monthly_tmin_lag_2,2017,October,-7,17.332,25,11782,0.095
monthly_tmin_lag_2,2017,November,-7,17.895,25,11782,0.095
monthly_tmin_lag_2,2017,December,-6,19.032,26,11782,0.095
monthly_tmin_lag_2,2018,January,-6,18.594,26,11782,0.095
monthly_tmin_lag_2,2018,February,-5,18.356,26,11782,0.095
monthly_tmin_lag_2,2018,March,-6,18.374,26,11782,0.095
monthly_tmin_lag_2,2018,April,-6,18.947,26,11782,0.095
monthly_tmin_lag_2,2018,May,-6,18.705,26,11782,0.095
monthly_tmin_lag_2,2018,June,-6,18.561,26,11782,0.095
monthly_tmin_lag_2,2018,July,-6,17.696,25,11782,0.095
monthly_tmin_lag_2,2018,August,-8,16.397,25,11782,0.095
monthly_tmin_lag_2,2018,September,-8,15.977,24,11782,0.095
monthly_tmin_lag_2,2018,October,-8,16.426,24,11782,0.095
monthly_tmin_lag_2,2018,November,-8,17.572,25,11782,0.095
monthly_tmin_lag_2,2018,December,-7,18.134,25,11782,0.095
monthly_tmin_lag_2,2019,January,-5,19.089,25,11782,0.095
monthly_tmin_lag_2,2019,February,-4,18.995,26,11782,0.095
monthly_tmin_lag_2,2019,March,-6,18.616,27,11782,0.095
monthly_tmin_lag_2,2019,April,-5,19.171,26,11782,0.095
monthly_tmin_lag_2,2019,May,-5,19.309,26,11782,0.095
monthly_tmin_lag_2,2019,June,-3,19.572,28,11782,0.095
monthly_tmin_lag_2,2019,July,-6,17.529,25,11782,0.095
monthly_tmin_lag_2,2019,August,-7,16.782,25,11782,0.095
monthly_tmin_lag_2,2019,September,-7,16.447,24,11782,0.095
monthly_tmin_lag_2,2019,October,-7,17.26,25,11782,0.095
monthly_tmin_lag_2,2019,November,-7,17.914,25,11782,0.095
monthly_tmin_lag_2,2019,December,-7,18.205,25,11782,0.095
monthly_tmin_lag_2,2020,January,-5,18.987,26,11782,0.095
monthly_tmin_lag_2,2020,February,-5,18.775,27,11782,0.095
monthly_tmin_lag_2,2020,March,-5,19.081,27,11782,0.095
monthly_tmin_lag_2,2020,April,-7,18.42,26,11782,0.095
monthly_tmin_lag_2,2020,May,-5,19.441,27,11782,0.095
monthly_tmin_lag_2,2020,June,-6,18.679,26,11782,0.095
monthly_tmin_lag_2,2020,July,-5,18.477,26,11782,0.095
monthly_tmin_lag_2,2020,August,-7,16.98,25,11782,0.095
monthly_tmin_lag_2,2020,September,-7,16.337,25,11782,0.095
monthly_tmin_lag_2,2020,October,-7,16.857,25,11782,0.095
monthly_tmin_lag_2,2020,November,-7,17.604,25,11782,0.095
monthly_tmin_lag_2,2020,December,-6,19.033,26,11782,0.095
monthly_tmin_lag_2,2021,January,-5,19.263,27,11782,0.095
monthly_tmin_lag_2,2021,February,-4,19.087,26,11782,0.095
monthly_tmin_lag_2,2021,March,-6,18.579,26,11782,0.095
monthly_tmin_lag_2,2021,April,-7,18.482,26,11782,0.095
monthly_tmin_lag_2,2021,May,-5,18.757,26,11782,0.095
monthly_tmin_lag_2,2021,June,-5,18.947,27,11782,0.095
monthly_tmin_lag_2,2021,July,-5,17.976,26,11782,0.095
monthly_tmin_lag_2,2021,August,-7,16.739,25,11782,0.095
monthly_tmin_lag_2,2021,September,-7,16.361,24,11782,0.095
monthly_tmin_lag_2,2021,October,-8,16.713,24,11782,0.095
monthly_tmin_lag_2,2021,November,-7,17.804,26,11782,0.095
monthly_tmin_lag_2,2021,December,-7,18.535,26,11782,0.095
monthly_tmin_lag_2,2022,January,-5,19.077,26,11782,0.095
monthly_tmin_lag_2,2022,February,-5,19.027,27,11782,0.095
monthly_tmin_lag_2,2022,March,-6,18.752,27,11782,0.095
monthly_tmin_lag_2,2022,April,-7,18.343,26,11782,0.095
monthly_tmin_lag_2,2022,May,-6,18.882,27,11782,0.095
monthly_tmin_lag_2,2022,June,-5,19.132,27,11782,0.095
monthly_tmin_lag_2,2022,July,-5,18.47,26,11782,0.095
monthly_tmin_lag_2,2022,August,-7,16.599,25,11782,0.095
monthly_tmin_lag_2,2022,September,-8,16.008,24,11782,0.095
monthly_tmin_lag_2,2022,October,-8,16.705,24,11782,0.095
monthly_tmin_lag_2,2022,November,-7,17.604,25,11782,0.095
monthly_tmin_lag_2,2022,December,-7,18.652,26,11782,0.095
monthly_tmin_lag_3,2008,January,-7,18.306,25,11782,0.095
monthly_tmin_lag_3,2008,February,-6,18.64,25,11782,0.095
monthly_tmin_lag_3,2008,March,-5,18.877,26,11782,0.095
monthly_tmin_lag_3,2008,April,-7,18.748,26,11782,0.095
monthly_tmin_lag_3,2008,May,-7,18.341,25,11782,0.095
monthly_tmin_lag_3,2008,June,-6,18.948,27,11782,0.095
monthly_tmin_lag_3,2008,July,-6,18.486,26,11782,0.095
monthly_tmin_lag_3,2008,August,-6,17.655,25,11782,0.095
monthly_tmin_lag_3,2008,September,-8,16.026,24,11782,0.095
monthly_tmin_lag_3,2008,October,-9,15.999,24,11782,0.095
monthly_tmin_lag_3,2008,November,-7,16.852,24,11782,0.095
monthly_tmin_lag_3,2008,December,-8,17.818,25,11782,0.095
monthly_tmin_lag_3,2009,January,-7,18.496,25,11782,0.095
monthly_tmin_lag_3,2009,February,-6,18.672,26,11782,0.095
monthly_tmin_lag_3,2009,March,-6,18.415,26,11782,0.095
monthly_tmin_lag_3,2009,April,-7,18.815,26,11782,0.095
monthly_tmin_lag_3,2009,May,-7,18.831,26,11782,0.095
monthly_tmin_lag_3,2009,June,-6,19.19,27,11782,0.095
monthly_tmin_lag_3,2009,July,-5,18.941,27,11782,0.095
monthly_tmin_lag_3,2009,August,-5,18.248,26,11782,0.095
monthly_tmin_lag_3,2009,September,-7,17.173,25,11782,0.095
monthly_tmin_lag_3,2009,October,-8,15.986,25,11782,0.095
monthly_tmin_lag_3,2009,November,-7,17.11,25,11782,0.095
monthly_tmin_lag_3,2009,December,-7,17.981,25,11782,0.095
monthly_tmin_lag_3,2010,January,-7,18.614,25,11782,0.095
monthly_tmin_lag_3,2010,February,-6,19.035,26,11782,0.095
monthly_tmin_lag_3,2010,March,-4,19.615,27,11782,0.095
monthly_tmin_lag_3,2010,April,-6,18.986,27,11782,0.095
monthly_tmin_lag_3,2010,May,-6,19.595,27,11782,0.095
monthly_tmin_lag_3,2010,June,-5,19.44,27,11782,0.095
monthly_tmin_lag_3,2010,July,-5,19.62,27,11782,0.095
monthly_tmin_lag_3,2010,August,-5,18.614,26,11782,0.095
monthly_tmin_lag_3,2010,September,-7,16.891,25,11782,0.095
monthly_tmin_lag_3,2010,October,-8,16.303,25,11782,0.095
monthly_tmin_lag_3,2010,November,-8,16.673,25,11782,0.095
monthly_tmin_lag_3,2010,December,-8,17.6,25,11782,0.095
monthly_tmin_lag_3,2011,January,-7,18.882,26,11782,0.095
monthly_tmin_lag_3,2011,February,-6,19.089,26,11782,0.095
monthly_tmin_lag_3,2011,March,-5,18.798,26,11782,0.095
monthly_tmin_lag_3,2011,April,-7,18.692,26,11782,0.095
monthly_tmin_lag_3,2011,May,-7,18.724,26,11782,0.095
monthly_tmin_lag_3,2011,June,-6,19.038,26,11782,0.095
monthly_tmin_lag_3,2011,July,-5,19.309,27,11782,0.095
monthly_tmin_lag_3,2011,August,-5,18.426,26,11782,0.095
monthly_tmin_lag_3,2011,September,-7,17.056,26,11782,0.095
monthly_tmin_lag_3,2011,October,-8,15.994,25,11782,0.095
monthly_tmin_lag_3,2011,November,-7,16.654,24,11782,0.095
monthly_tmin_lag_3,2011,December,-7,17.781,25,11782,0.095
monthly_tmin_lag_3,2012,January,-7,17.88,25,11782,0.095
monthly_tmin_lag_3,2012,February,-6,18.477,26,11782,0.095
monthly_tmin_lag_3,2012,March,-6,18.073,26,11782,0.095
monthly_tmin_lag_3,2012,April,-7,18.02,26,11782,0.095
monthly_tmin_lag_3,2012,May,-7,18.476,25,11782,0.095
monthly_tmin_lag_3,2012,June,-6,18.735,26,11782,0.095
monthly_tmin_lag_3,2012,July,-5,18.578,26,11782,0.095
monthly_tmin_lag_3,2012,August,-6,17.731,25,11782,0.095
monthly_tmin_lag_3,2012,September,-7,16.75,25,11782,0.095
monthly_tmin_lag_3,2012,October,-9,15.665,24,11782,0.095
monthly_tmin_lag_3,2012,November,-7,16.602,24,11782,0.095
monthly_tmin_lag_3,2012,December,-8,17.3,25,11782,0.095
monthly_tmin_lag_3,2013,January,-7,18.5,25,11782,0.095
monthly_tmin_lag_3,2013,February,-6,18.686,25,11782,0.095
monthly_tmin_lag_3,2013,March,-6,18.142,26,11782,0.095
monthly_tmin_lag_3,2013,April,-6,18.983,27,11782,0.095
monthly_tmin_lag_3,2013,May,-6,18.8,26,11782,0.095
monthly_tmin_lag_3,2013,June,-6,19.095,27,11782,0.095
monthly_tmin_lag_3,2013,July,-5,19.079,26,11782,0.095
monthly_tmin_lag_3,2013,August,-6,17.904,26,11782,0.095
monthly_tmin_lag_3,2013,September,-8,16.068,25,11782,0.095
monthly_tmin_lag_3,2013,October,-9,15.514,24,11782,0.095
monthly_tmin_lag_3,2013,November,-8,16.571,24,11782,0.095
monthly_tmin_lag_3,2013,December,-8,17.507,25,11782,0.095
monthly_tmin_lag_3,2014,January,-7,18.333,25,11782,0.095
monthly_tmin_lag_3,2014,February,-6,18.972,26,11782,0.095
monthly_tmin_lag_3,2014,March,-5,18.309,26,11782,0.095
monthly_tmin_lag_3,2014,April,-6,18.753,27,11782,0.095
monthly_tmin_lag_3,2014,May,-6,18.618,26,11782,0.095
monthly_tmin_lag_3,2014,June,-6,19.057,26,11782,0.095
monthly_tmin_lag_3,2014,July,-6,18.272,26,11782,0.095
monthly_tmin_lag_3,2014,August,-5,17.976,26,11782,0.095
monthly_tmin_lag_3,2014,September,-7,17.19,25,11782,0.095
monthly_tmin_lag_3,2014,October,-8,16.319,25,11782,0.095
monthly_tmin_lag_3,2014,November,-7,17.198,25,11782,0.095
monthly_tmin_lag_3,2014,December,-8,17.279,25,11782,0.095
monthly_tmin_lag_3,2015,January,-7,18.108,25,11782,0.095
monthly_tmin_lag_3,2015,February,-6,18.812,25,11782,0.095
monthly_tmin_lag_3,2015,March,-6,18.41,26,11782,0.095
monthly_tmin_lag_3,2015,April,-7,18.044,26,11782,0.095
monthly_tmin_lag_3,2015,May,-7,18.372,26,11782,0.095
monthly_tmin_lag_3,2015,June,-6,18.67,26,11782,0.095
monthly_tmin_lag_3,2015,July,-6,18.602,26,11782,0.095
monthly_tmin_lag_3,2015,August,-5,17.976,25,11782,0.095
monthly_tmin_lag_3,2015,September,-7,17.13,25,11782,0.095
monthly_tmin_lag_3,2015,October,-8,16.293,24,11782,0.095
monthly_tmin_lag_3,2015,November,-7,16.872,25,11782,0.095
monthly_tmin_lag_3,2015,December,-7,17.947,25,11782,0.095
monthly_tmin_lag_3,2016,January,-6,18.859,26,11782,0.095
monthly_tmin_lag_3,2016,February,-6,18.915,26,11782,0.095
monthly_tmin_lag_3,2016,March,-5,19.221,27,11782,0.095
monthly_tmin_lag_3,2016,April,-5,19.568,28,11782,0.095
monthly_tmin_lag_3,2016,May,-6,19.553,27,11782,0.095
monthly_tmin_lag_3,2016,June,-4,20.079,27,11782,0.095
monthly_tmin_lag_3,2016,July,-4,19.436,28,11782,0.095
monthly_tmin_lag_3,2016,August,-5,17.855,25,11782,0.095
monthly_tmin_lag_3,2016,September,-7,16.614,25,11782,0.095
monthly_tmin_lag_3,2016,October,-8,16.3,25,11782,0.095
monthly_tmin_lag_3,2016,November,-7,16.73,25,11782,0.095
monthly_tmin_lag_3,2016,December,-8,17.31,25,11782,0.095
monthly_tmin_lag_3,2017,January,-7,18.43,26,11782,0.095
monthly_tmin_lag_3,2017,February,-6,19.017,26,11782,0.095
monthly_tmin_lag_3,2017,March,-5,18.824,26,11782,0.095
monthly_tmin_lag_3,2017,April,-6,18.284,27,11782,0.095
monthly_tmin_lag_3,2017,May,-6,18.703,27,11782,0.095
monthly_tmin_lag_3,2017,June,-5,19.181,27,11782,0.095
monthly_tmin_lag_3,2017,July,-5,19.371,27,11782,0.095
monthly_tmin_lag_3,2017,August,-5,18.251,26,11782,0.095
monthly_tmin_lag_3,2017,September,-6,17.134,25,11782,0.095
monthly_tmin_lag_3,2017,October,-8,16.44,24,11782,0.095
monthly_tmin_lag_3,2017,November,-7,17.332,25,11782,0.095
monthly_tmin_lag_3,2017,December,-7,17.895,25,11782,0.095
monthly_tmin_lag_3,2018,January,-6,19.032,26,11782,0.095
monthly_tmin_lag_3,2018,February,-6,18.594,26,11782,0.095
monthly_tmin_lag_3,2018,March,-5,18.356,26,11782,0.095
monthly_tmin_lag_3,2018,April,-6,18.374,26,11782,0.095
monthly_tmin_lag_3,2018,May,-6,18.947,26,11782,0.095
monthly_tmin_lag_3,2018,June,-6,18.705,26,11782,0.095
monthly_tmin_lag_3,2018,July,-6,18.561,26,11782,0.095
monthly_tmin_lag_3,2018,August,-6,17.696,25,11782,0.095
monthly_tmin_lag_3,2018,September,-8,16.397,25,11782,0.095
monthly_tmin_lag_3,2018,October,-8,15.977,24,11782,0.095
monthly_tmin_lag_3,2018,November,-8,16.426,24,11782,0.095
monthly_tmin_lag_3,2018,December,-8,17.572,25,11782,0.095
monthly_tmin_lag_3,2019,January,-7,18.134,25,11782,0.095
monthly_tmin_lag_3,2019,February,-5,19.089,25,11782,0.095
monthly_tmin_lag_3,2019,March,-4,18.995,26,11782,0.095
monthly_tmin_lag_3,2019,April,-6,18.616,27,11782,0.095
monthly_tmin_lag_3,2019,May,-5,19.171,26,11782,0.095
monthly_tmin_lag_3,2019,June,-5,19.309,26,11782,0.095
monthly_tmin_lag_3,2019,July,-3,19.572,28,11782,0.095
monthly_tmin_lag_3,2019,August,-6,17.529,25,11782,0.095
monthly_tmin_lag_3,2019,September,-7,16.782,25,11782,0.095
monthly_tmin_lag_3,2019,October,-7,16.447,24,11782,0.095
monthly_tmin_lag_3,2019,November,-7,17.26,25,11782,0.095
monthly_tmin_lag_3,2019,December,-7,17.914,25,11782,0.095
monthly_tmin_lag_3,2020,January,-7,18.205,25,11782,0.095
monthly_tmin_lag_3,2020,February,-5,18.987,26,11782,0.095
monthly_tmin_lag_3,2020,March,-5,18.775,27,11782,0.095
monthly_tmin_lag_3,2020,April,-5,19.081,27,11782,0.095
monthly_tmin_lag_3,2020,May,-7,18.42,26,11782,0.095
monthly_tmin_lag_3,2020,June,-5,19.441,27,11782,0.095
monthly_tmin_lag_3,2020,July,-6,18.679,26,11782,0.095
monthly_tmin_lag_3,2020,August,-5,18.477,26,11782,0.095
monthly_tmin_lag_3,2020,September,-7,16.98,25,11782,0.095
monthly_tmin_lag_3,2020,October,-7,16.337,25,11782,0.095
monthly_tmin_lag_3,2020,November,-7,16.857,25,11782,0.095
monthly_tmin_lag_3,2020,December,-7,17.604,25,11782,0.095
monthly_tmin_lag_3,2021,January,-6,19.033,26,11782,0.095
monthly_tmin_lag_3,2021,February,-5,19.263,27,11782,0.095
monthly_tmin_lag_3,2021,March,-4,19.087,26,11782,0.095
monthly_tmin_lag_3,2021,April,-6,18.579,26,11782,0.095
monthly_tmin_lag_3,2021,May,-7,18.482,26,11782,0.095
monthly_tmin_lag_3,2021,June,-5,18.757,26,11782,0.095
monthly_tmin_lag_3,2021,July,-5,18.947,27,11782,0.095
monthly_tmin_lag_3,2021,August,-5,17.976,26,11782,0.095
monthly_tmin_lag_3,2021,September,-7,16.739,25,11782,0.095
monthly_tmin_lag_3,2021,October,-7,16.361,24,11782,0.095
monthly_tmin_lag_3,2021,November,-8,16.713,24,11782,0.095
monthly_tmin_lag_3,2021,December,-7,17.804,26,11782,0.095
monthly_tmin_lag_3,2022,January,-7,18.535,26,11782,0.095
monthly_tmin_lag_3,2022,February,-5,19.077,26,11782,0.095
monthly_tmin_lag_3,2022,March,-5,19.027,27,11782,0.095
monthly_tmin_lag_3,2022,April,-6,18.752,27,11782,0.095
monthly_tmin_lag_3,2022,May,-7,18.343,26,11782,0.095
monthly_tmin_lag_3,2022,June,-6,18.882,27,11782,0.095
monthly_tmin_lag_3,2022,July,-5,19.132,27,11782,0.095
monthly_tmin_lag_3,2022,August,-5,18.47,26,11782,0.095
monthly_tmin_lag_3,2022,September,-7,16.599,25,11782,0.095
monthly_tmin_lag_3,2022,October,-8,16.008,24,11782,0.095
monthly_tmin_lag_3,2022,November,-8,16.705,24,11782,0.095
monthly_tmin_lag_3,2022,December,-7,17.604,25,11782,0.095
