former_outbreak_code,country,ADM1,ADM2,ADM3,ADM4,city_village,exact_location,includes_health_facility_sampling,start_date,end_date,outbreak_year,outbreak_month,human_cases,livestock_cases,outbreak_type,n_human_cases,n_livestock_cases,n_total_cases,ref_name,ref_DOI_URL,WAHIS_ref_number,notes,GPS_x,GPS_y
1,Kenya,Kiambu County,Kikuyu Subcounty,NA,NA,Kikuyu,1,NA,2008-09-23,NA,2008,September,0,1,LS,NA,5,5,Unpublished DVS records,NA,NA,NA,36.66138498,-1.2543279
NA,Kenya,"Tana River, Garissa County","Bura, Balambala, Dadaab, Dujis, Fafi Subcounty",NA,NA,NA,0,1,2009-02-01,2009-04-30,2009,February,1,0,HU,4,NA,4,Njenga_and_Bett_2019,https://doi.org/10.1007/s40588-018-0110-1,NA,Assuming a sampling catchment of five subcounties for Garissa Provincial Hospital,39.6248315920862,0.05117525053634847
2,Kenya,Kilifi County,Kaloleni Subcounty,NA,NA,Mariakani,1,NA,2009-09-03,2009-11-14,2009,September,0,1,LS,NA,22,22,Unpublished DVS records,NA,NA,NA,39.48186,-3.85792
3,Kenya,Garissa County,Ijara Subcounty,NA,NA,Kotile,1,0,2009-10-29,NA,2009,October,0,1,LS,NA,1,1,Lichoti_etal_2014,https://doi.org/10.1155/2014/379010,NA,Referencing Table 5 for positive animals,40.2063,-1.9658
4,Kenya,Garissa County,Ijara Subcounty,NA,NA,Sangailu,1,0,2009-10-28,NA,2009,October,0,1,LS,NA,1,1,Lichoti_etal_2014,https://doi.org/10.1155/2014/379010,NA,Referencing Table 5 for positive animals,40.7327,-1.3148
6,Kenya,Baringo County,Baringo South Subcounty,NA,NA,Salabani,1,0,2009-11-05,NA,2009,November,0,1,LS,NA,1,1,Lichoti_etal_2014,https://doi.org/10.1155/2014/379010,NA,Referencing Table 5 for positive animals,36.0501,0.5507
NA,Kenya,"Tana River, Garissa County","Bura, Balambala, Dadaab, Dujis, Fafi Subcounty",NA,NA,NA,0,1,2009-12-01,2010-02-28,2009,December,1,0,HU,4,NA,4,Njenga_and_Bett_2019,https://doi.org/10.1007/s40588-018-0110-1,NA,Assuming a sampling catchment of five subcounties for Garissa Provincial Hospital,39.25058895670965,-0.995488412395089
7,Kenya,Machakos County,Machakos Town Subcounty,NA,NA,Machakos,1,NA,2010-10-06,NA,2010,October,0,1,LS,NA,5,5,Unpublished DVS records,NA,NA,NA,37.22608737,-1.58948027
8,Kenya,Kiambu County,Thika Town Subcounty,NA,NA,Thika,1,NA,2010-10-06,NA,2010,October,0,1,LS,NA,5,5,Unpublished DVS records,NA,NA,NA,37.1627001,-1.06595808
9,Kenya,Kiambu County,Ruiru Subcounty,NA,NA,Ruiru,1,NA,2010-10-06,NA,2010,October,0,1,LS,NA,1,1,Unpublished DVS records,NA,NA,NA,37.12083699,-1.20259546
10,Kenya,Nairobi County,Kasarani Subcounty,NA,NA,Kamulu,1,NA,2010-10-06,NA,2010,October,0,1,LS,NA,1,1,Unpublished DVS records,NA,NA,NA,37.06358,-1.28306
11,Kenya,Garissa County,Fafi Subcounty,NA,NA,Fafi,1,NA,2011-11-23,2012-01-07,2011,November,0,1,LS,NA,3,3,Unpublished DVS records,NA,NA,NA,40.25089758,-0.43266492
12,Kenya,Lamu County,Lamu West Subcounty,NA,NA,Witu,1,NA,2011-12-24,2012-01-07,2011,December,0,1,LS,NA,7,7,Unpublished DVS records,NA,NA,NA,40.43090174,-2.38248559
NA,Kenya,Garissa County,Fafi Subcounty,NA,NA,Fafi,1,0,2012-09-01,NA,2012,September,0,1,LS,NA,1,1,Owange_etal_2014,https://doi.org/10.1016/j.prevetmed.2014.08.008,NA,"Herd 1175, sampling #1; Information from Figure 1 and Table 1",40.026,-1.104
NA,Kenya,Garissa County,Ijara Subcounty,NA,NA,Masalani,1,0,2012-09-01,NA,2012,September,0,1,LS,NA,1,1,Owange_etal_2014,https://doi.org/10.1016/j.prevetmed.2014.08.008,NA,"Herd 1181, sampling #1; Information from Table 1",40.199,-1.6889
NA,Kenya,Garissa County,Ijara Subcounty,NA,NA,Gedulum,1,0,2012-12-01,NA,2012,December,0,1,LS,NA,1,1,Owange_etal_2014,https://doi.org/10.1016/j.prevetmed.2014.08.008,NA,"Herd 1178, sampling #2; Information from Figure 1 and Table 1",40.71971,-1.38431
NA,Kenya,Garissa County,Ijara Subcounty,NA,NA,Ijara,1,0,2012-12-01,NA,2012,December,0,1,LS,NA,4,4,Owange_etal_2014,https://doi.org/10.1016/j.prevetmed.2014.08.008,NA,"Herd 1179, sampling #2; Information from Figure 1 and Table 1",40.52,-1.5835
NA,Kenya,Garissa County,Ijara Subcounty,NA,NA,Gedulum,1,0,2013-02-01,NA,2013,February,0,1,LS,NA,2,2,Owange_etal_2014,https://doi.org/10.1016/j.prevetmed.2014.08.008,NA,"Herd 1178, sampling #3; Information from Figure 1 and Table 1",40.71971,-1.38431
NA,Kenya,Lamu County,Lamu West Subcounty,NA,NA,Witu,1,0,2013-05-01,NA,2013,May,0,1,LS,NA,2,2,Owange_etal_2014,https://doi.org/10.1016/j.prevetmed.2014.08.008,NA,"Herd 1172, sampling #4; Information from Figure 1 and Table 1",40.7558,-2.2104
NA,Kenya,Garissa County,Fafi Subcounty,NA,NA,Kamuthe,1,0,2013-05-01,NA,2013,May,0,1,LS,NA,2,2,Owange_etal_2014,https://doi.org/10.1016/j.prevetmed.2014.08.008,NA,"Herd 1174, sampling #4; Information from Figure 1 and Table 1",39.86329,-0.70585
NA,Kenya,Garissa County,Fafi Subcounty,NA,NA,Halei,1,0,2013-05-01,NA,2013,May,0,1,LS,NA,5,5,Owange_etal_2014,https://doi.org/10.1016/j.prevetmed.2014.08.008,NA,"Herd 1178, sampling #4 and herd 1179, sampling #4; Information from Figure 1 and Table 1",39.9916,-0.5974
NA,Kenya,Garissa County,Fafi Subcounty,NA,NA,Tana,0,0,2013-05-01,NA,2013,May,0,1,LS,NA,2,2,Owange_etal_2014,https://doi.org/10.1016/j.prevetmed.2014.08.008,NA,"Herd 1181, sampling #4; Not clear which Tana in Fafi Subcounty is being referred to, and herd 1181 is not shown on Figure 1",40.72937418562027,-0.5475827764465299
14,Kenya,Murang'a County,Kandara Subcounty,NA,NA,Ngararia,1,NA,2014-05-01,NA,2014,May,1,1,HU_LS,3,7,10,Unpublished KEMRI records,NA,NA,NA,37.02083493,-0.93262001
15,Kenya,Garissa County,Balambala Subcounty,NA,NA,Garissa,1,NA,2016-06-03,NA,2016,June,0,1,LS,NA,7,7,Unpublished KEMRI records,NA,NA,NA,39.59074632,-0.24856877
16,Kenya,Isiolo County,Isiolo North Subcounty,NA,NA,Saleti,1,0,2018-06-15,2018-07-30,2018,June,0,1,LS,NA,15,15,WAHIS,https://wahis.woah.org/#/in-event/2574/dashboard,1000101603,NA,38.611561,1.177155
17,Kenya,Isiolo County,Isiolo South Subcounty,NA,NA,Garbatulla,1,0,2018-06-19,2018-07-30,2018,June,0,1,LS,NA,12,12,WAHIS,https://wahis.woah.org/#/in-event/2574/dashboard,1000101604,NA,38.415522,0.549314
19,Kenya,Wajir County,Wajir North Subcounty,NA,NA,Basir,1,0,2018-05-01,2018-07-30,2018,May,0,1,LS,NA,25,25,WAHIS,https://wahis.woah.org/#/in-event/2574/dashboard,1000100918,"Based on information in Hassan et al. 2020 (10.4269/ajtmh.20-0387), setting the start date in Wajir County to May",39.027828,2.327758
20,Kenya,Wajir County,Eldas Subcounty,NA,NA,Eldas,1,0,2018-05-01,2018-07-30,2018,May,1,1,HU_LS,21,17,38,WAHIS,https://wahis.woah.org/#/in-event/2574/dashboard,1000101072,"Based on information in Hassan et al. 2020 (10.4269/ajtmh.20-0387), setting the start date in Wajir County to May; Arbitrarily assigning all Wajir County human cases reported in Hassan et al. 2020 to Eldas Subcounty",39.60631,2.492876
21,Kenya,Mandera County,Mandera South Subcounty,NA,NA,Elwak,1,0,2018-06-22,2018-07-30,2018,June,0,1,LS,NA,2,2,WAHIS,https://wahis.woah.org/#/in-event/2574/dashboard,1000102482,NA,40.913067,2.817387
22,Kenya,Marsabit County,Saku Subcounty,NA,NA,Marsabit,1,0,2018-06-01,2018-07-30,2018,June,1,1,HU_LS,8,18,26,WAHIS,https://wahis.woah.org/#/in-event/2574/dashboard,1000102478,Start date and human case data from Hassan et al. 2020 (10.4269/ajtmh.20-0387),37.869589,2.394153
23,Kenya,Tana River County,Garsen Subcounty,NA,NA,Dhidhe Ade,1,0,2018-06-20,2018-07-30,2018,June,1,1,HU_LS,NA,20,20,Daily Nation,https://reliefweb.int/report/kenya/quarantine-tana-delta-after-rift-valley-fever-outbreak,NA,Total human case count unclear,40.26515673,-2.5509187
24,Kenya,Tana River County,Bura Subcounty,NA,NA,Galole,1,0,2018-06-11,2018-07-30,2018,June,0,1,LS,NA,1,1,WAHIS,https://wahis.woah.org/#/in-event/2574/dashboard,1000101073,NA,39.952116,-1.284105
25,Kenya,Siaya County,Ugenya Subcounty,NA,NA,Siaya,1,0,2018-06-02,2018-07-30,2018,June,1,1,HU_LS,1,38,39,WAHIS,https://wahis.woah.org/#/in-event/2574/dashboard,1000101606,Start date and human case data from Hassan et al. 2020 (10.4269/ajtmh.20-0387),34.141077,0.198418
27,Kenya,Baringo County,Mogotio Subcounty,NA,NA,Mogotio,1,0,2018-06-29,2018-07-30,2018,June,0,1,LS,NA,1,1,WAHIS,https://wahis.woah.org/#/in-event/2574/dashboard,1000102477,NA,36.067303,0.24718300000000001
28,Kenya,Meru County,Igembe South Subcounty,NA,NA,Igembe Central,1,0,2018-07-02,2018-07-30,2018,July,0,1,LS,NA,1,1,WAHIS,https://wahis.woah.org/#/in-event/2574/dashboard,1000102483,NA,37.952045,0.237924
29,Kenya,Murang'a County,Kiharu Subcounty,NA,NA,Kihingo,1,0,2019-01-25,2019-03-21,2019,January,0,1,LS,NA,4,4,WAHIS,https://wahis.woah.org/#/in-event/2824/dashboard,1000111864,NA,37.087673,-0.721406
30,Kenya,Nyandarua County,Ndaragwa Subcounty,NA,NA,Rurii,1,NA,2019-01-24,2019-03-21,2019,January,1,1,HU_LS,15,1,16,Unpublished KEMRI records,NA,NA,NA,36.37819305,-0.21193184
31,Kenya,Nyandarua County,Ol Kalou Subcounty,NA,NA,Karau,1,NA,2019-01-24,2019-03-21,2019,January,1,1,HU_LS,NA,1,1,Unpublished KEMRI records,NA,NA,Total human case count unclear,36.33845537,-0.31679704
32,Kenya,Nyandarua County,Ndaragwa Subcounty,NA,NA,Shamata,1,0,2019-02-25,2019-03-21,2019,February,0,1,LS,NA,5,5,WAHIS,https://wahis.woah.org/#/in-event/2824/dashboard,1000111865,NA,36.498871,-0.195548
33,Kenya,Isiolo County,Isiolo South Subcounty,Sericho Ward,NA,Eresa Boru,1,0,2020-11-19,2021-03-18,2020,November,1,1,HU_LS,NA,24,24,WAHIS,https://wahis.woah.org/#/in-event/3491/dashboard,1000143195,Additional information derived from WHO report (https://www.who.int/emergencies/disease-outbreak-news/item/2021-DON311) where this outbreak is referred to as occurring in Garbatulla Subcounty; Total human case count in Isiolo South (Garbatulla) unclear,38.781515,1.038371
34,Kenya,Isiolo County,Isiolo North Subcounty,Cherab Ward,NA,Korbesa,1,0,2020-11-19,2021-03-18,2020,November,1,1,HU_LS,NA,20,20,WAHIS,https://wahis.woah.org/#/in-event/3491/dashboard,1000144227,Additional information derived from WHO report (https://www.who.int/emergencies/disease-outbreak-news/item/2021-DON311) where Korbesa is described as being within Merti Subcounty; Total human case count in Isiolo North (Merti) unclear,38.78781,1.210698
35,Kenya,Garissa County,Balambala Subcounty,Danyere Ward,NA,Danyere,1,0,2020-12-07,2021-03-18,2020,December,0,1,LS,NA,1,1,WAHIS,https://wahis.woah.org/#/in-event/3491/dashboard,1000143196,"Additional information derived from WHO report (https://www.who.int/emergencies/disease-outbreak-news/item/2021-DON311); Coordinates given by WAHIS fall within Danyere Ward, not Jara Jara Ward, as indicated in the WAHIS event",38.850756,0.307889
36,Kenya,Garissa County,Ijara Subcounty,Masalani Ward,NA,Qalaqal,1,0,2020-12-07,2021-03-18,2020,December,0,1,LS,NA,3,3,WAHIS,https://wahis.woah.org/#/in-event/3491/dashboard,1000143198,Additional information derived from WHO report (https://www.who.int/emergencies/disease-outbreak-news/item/2021-DON311),40.240787,-1.627194
37,Kenya,Mandera County,Mandera North Subcounty,Rhamu-Dimtu Ward,NA,Yabicho,1,0,2021-01-22,2021-03-18,2021,January,1,1,HU_LS,2,2,4,WAHIS,https://wahis.woah.org/#/in-event/3491/dashboard,1000146374,Additional information derived from WHO report (https://www.who.int/emergencies/disease-outbreak-news/item/2021-DON311) where the human portion of this outbreak is described from Kalmalab in Mandera North Subcounty,41.09124,3.821088
38,Kenya,Murang'a County,Gatanga Subcounty,Kihumbu-Ini Ward,NA,Kihumbu-Ini,1,0,2020-12-29,2021-03-18,2020,December,0,1,LS,NA,NA,NA,WHO,https://www.who.int/emergencies/disease-outbreak-news/item/2021-DON311,NA,Total livestock case count unclear,36.98083414,-0.93262002
39,Kenya,Murang'a County,Kandara Subcounty,Ng'Araria Ward,NA,Ngararia,1,0,2021-01-19,2021-03-18,2021,January,0,1,LS,NA,6,6,WAHIS,https://wahis.woah.org/#/in-event/3491/dashboard,1000145035,Additional information derived from WHO report (https://www.who.int/emergencies/disease-outbreak-news/item/2021-DON311),37.019834,-0.934632
40,Kenya,Kiambu County,Kikuyu Subcounty,NA,NA,Kikuyu,1,0,2021-06-14,2021-08-20,2021,June,0,1,LS,NA,5,5,WAHIS,https://wahis.woah.org/#/in-event/3841/dashboard,ob_87960,I believe this same outbreak event is captured in Juma et al. 2022 (https://doi.org/10.1186/s12864-022-08764-6) which describes 5 IgM-positive cattle sampled in Kiambu county in July 2021; So at least 5 positive animals were involved in the outbreak event in this area,36.6601,-1.2396
NA,Kenya,Wajir County,Eldas Subcounty,NA,NA,NA,0,0,2021-07-01,2021-08-31,2021,July,0,1,LS,NA,1,1,Omani_etal_2024,https://doi.org/10.1016/j.onehlt.2024.100921,NA,"Although the sampling started in June 2021, discussion of the single IgM-positive animal mentions July 2021 as the ""time of sampling"", hence the coding of the outbreak start date",39.65457512511144,2.2978730556473765
NA,Kenya,Isiolo County,Isiolo South Subcounty,NA,NA,NA,0,0,2021-07-01,2021-08-31,2021,July,0,1,LS,NA,4,4,Muturi_etal_2023,https://doi.org/10.1038/s41598-023-42596-y,NA,NA,38.318503211012114,0.3584662374438445
41,Kenya,Nyandarua County,NA,NA,NA,NA,0,0,2020-10-01,NA,2020,October,0,1,LS,NA,3,3,Wanjama_etal_2022,https://www.researchgate.net/profile/James-Kabugu/publication/366836264_Sero-epidemiological_survey_of_Rift_Valley_Fever_virus_in_ruminants_in_Nyandarua_County_Kenya/links/63b435a8a03100368a4df2e1/Sero-epidemiological-survey-of-Rift-Valley-Fever-virus-in-ruminants-in-Nyandarua-County-Kenya.pdf,NA,Outbreak timing coded as occurring between the two sampling events; Not clear when the IgM-positive animals were sampled,36.35266852898151,0.008756174747274338
NA,Uganda,Northern Region,Kitgum District,NA,NA,NA,0,0,2010-12-01,NA,2010,December,0,1,LS,NA,1,1,Ndumu_etal_2021,https://doi.org/10.1186/s12917-021-02867-0,NA,Some ambiguity in the manuscript about whether the samples were collected starting in November 2010 or December 2010,33.062295450825026,3.4136658869469025
42,Uganda,Western Region,Kabale District,NA,Kamuganguzi Subcounty,Omururinda,1,0,2016-02-10,NA,2016,February,1,1,HU_LS,1,1,2,Shoemaker_etal_2019,https://doi.org/10.4269/ajtmh.18-0732,1000070693,"Captures acute case 2 (AC2) and the single confirmed livestock case; Livestock case is also attested to by a WAHIS event (https://wahis.woah.org/#/in-event/1922/dashboard) where the village is referred to as Kashenyi, immediately adjacent to Omururinda; Note that the coordinates for Kashenyi given in the WAHIS event appear to be inaccurate",29.9924701,-1.3299139
43,Uganda,Western Region,Kabale District,NA,Northern Division,Upper Bugongi,1,0,2016-03-02,NA,2016,March,1,0,HU,1,NA,1,Shoemaker_etal_2019,https://doi.org/10.4269/ajtmh.18-0732,NA,Captures acute case 1 (AC1),29.995927,-1.232273
NA,Uganda,Western Region,Kabale District,NA,Rubaya Subcounty,Mushenyi,1,0,2016-03-03,NA,2016,March,1,0,HU,1,NA,1,Shoemaker_etal_2019,https://doi.org/10.4269/ajtmh.18-0732,NA,Captures acute case 3 (AC3),29.9868397,-1.4472344
44,Uganda,Western Region,Kabale District,NA,Southern Division,Rushaki,1,0,2016-06-02,NA,2016,June,1,0,HU,1,NA,1,Shoemaker_etal_2019,https://doi.org/10.4269/ajtmh.18-0732,NA,Captures acute case 4 (AC4),30.0052505,-1.2592782
NA,Uganda,Western Region,Kabale District,NA,NA,NA,0,0,2016-04-01,2016-04-30,2016,April,1,0,HU,10,NA,10,Nyakarahuka_etal_2018,https://doi.org/10.1371/journal.pntd.0006412,NA,Assuming this data is distinct from that reported by Shoemaker et al. 2019,29.920712875839197,-1.4536010344675434
45,Uganda,Western Region,Isingiro District,NA,Mbaare Subcounty,Katojo Central,1,NA,2018-07-03,NA,2018,July,1,0,HU,3,NA,3,Nyakarahuka_etal_2023,https://doi.org/10.4269/ajtmh.22-0410,NA,NA,30.9719902,-0.8682045
46,Uganda,Central Region,Kiboga District,NA,Kibiga Subcounty,Busakya,1,0,2017-11-14,NA,2017,November,1,0,HU,1,NA,1,Birungi_etal_2021,https://doi.org/10.1155/2021/8881191,NA,Start date information from Table 1,31.7522425,0.8918558
47,Uganda,Central Region,Mityana District,NA,NA,NA,0,0,2017-11-16,NA,2017,November,1,0,HU,1,NA,1,Birungi_etal_2021,https://doi.org/10.1155/2021/8881191,NA,No information given in paper regarding specific village location,31.988645989545272,0.6365116323894451
48,Uganda,Western Region,Kiruhura District,NA,Kanyaryeru Subcounty,Rushororo,1,0,2017-11-18,NA,2017,November,1,0,HU,4,NA,4,Birungi_etal_2021,https://doi.org/10.1155/2021/8881191,NA,Additional information: https://uniph.go.ug/rift-valley-fever-outbreak-caused-by-handling-a-dead-calf-kiruhura-district-2017-2018/,30.9425875,-0.5073751
49,Uganda,Central Region,Kyankwanzi District,NA,Butemba Town Council,Bukwiri,1,NA,2017-12-14,2018-01-04,2017,December,1,0,HU,1,NA,1,Nyakarahuka_etal_2023,https://doi.org/10.4269/ajtmh.22-0410,NA,NA,31.596401,1.126574
50,Uganda,Central Region,Buikwe District,NA,Kawolo Subcounty,Vvumba,1,0,2018-01-07,NA,2018,January,1,0,HU,1,NA,1,Birungi_etal_2021,https://doi.org/10.1155/2021/8881191,NA,Village may also be known as Vumba,32.9,0.3
51,Uganda,Northern Region,Yumbe District,NA,Ariwa Subcounty,Ariwa II refugee camp zone 5,1,NA,2018-01-19,2018-02-07,2018,January,1,0,HU,1,NA,1,Nyakarahuka_etal_2023,https://doi.org/10.4269/ajtmh.22-0410,NA,NA,31.4071817,3.2428225
52,Uganda,Western Region,Rwampara District,NA,Bugamba Subcounty,Bugamba,1,NA,2018-06-08,2018-08-24,2018,June,1,0,HU,1,NA,1,Nyakarahuka_etal_2023,https://doi.org/10.4269/ajtmh.22-0410,NA,NA,30.48719,-0.709031
53,Uganda,Western Region,Ibanda District,NA,Bufunda Division,NA,1,NA,2018-06-18,2018-07-20,2018,June,1,0,HU,1,NA,1,Nyakarahuka_etal_2023,https://doi.org/10.4269/ajtmh.22-0410,NA,NA,30.53012239,-0.09016975
54,Uganda,Western Region,Kasese District,NA,Munkunyu Subcounty,NA,1,NA,2018-06-20,2018-07-07,2018,June,1,0,HU,1,NA,1,Nyakarahuka_etal_2023,https://doi.org/10.4269/ajtmh.22-0410,NA,NA,29.857045,0.01362694
55,Uganda,Western Region,Isingiro District,NA,Masha Subcounty,Kabare,1,NA,2018-06-22,2018-07-20,2018,June,1,0,HU,4,NA,4,Nyakarahuka_etal_2023,https://doi.org/10.4269/ajtmh.22-0410,NA,Village may also be known as Kabaare,30.718193,-0.664144
56,Uganda,Central Region,Ssembabule District,NA,Lwebitakuli Subcounty,NA,1,NA,2018-07-01,2018-08-01,2018,July,1,0,HU,1,NA,1,Nyakarahuka_etal_2023,https://doi.org/10.4269/ajtmh.22-0410,NA,NA,31.34864797,-0.25844587
57,Uganda,Western Region,Isingiro District,NA,Kashumba Subcounty,NA,1,NA,2018-07-03,2018-08-24,2018,July,1,0,HU,1,NA,1,Nyakarahuka_etal_2023,https://doi.org/10.4269/ajtmh.22-0410,NA,NA,30.9563515,-0.8892447
58,Uganda,Western Region,Isingiro District,NA,Rugaaga Subcounty,Nakivale,1,NA,2018-07-03,2018-07-20,2018,July,1,0,HU,1,NA,1,Nyakarahuka_etal_2023,https://doi.org/10.4269/ajtmh.22-0410,NA,NA,30.94943771,-0.771338167
59,Uganda,Western Region,Isingiro District,NA,Kashumba Subcounty,Kashumba,1,NA,2018-07-05,2018-08-24,2018,July,1,0,HU,3,NA,3,Nyakarahuka_etal_2023,https://doi.org/10.4269/ajtmh.22-0410,NA,NA,30.949304,-0.903845
60,Uganda,Central Region,Masaka District,NA,Kkingo Subcounty,Kasaana B,1,NA,2018-07-09,2018-08-03,2018,July,1,0,HU,1,NA,1,Nyakarahuka_etal_2023,https://doi.org/10.4269/ajtmh.22-0410,NA,NA,31.623002,-0.303224
61,Uganda,Central Region,Mubende District,NA,Kigando Subcounty,Bubanda,1,NA,2018-07-10,2018-08-10,2018,July,1,0,HU,1,NA,1,Nyakarahuka_etal_2023,https://doi.org/10.4269/ajtmh.22-0410,NA,NA,31.26666682,0.266838647
62,Uganda,Western Region,Rwampara District,NA,Bugamba Subcounty,Rurengye,1,NA,2018-07-10,2018-07-30,2018,July,1,0,HU,1,NA,1,Nyakarahuka_etal_2023,https://doi.org/10.4269/ajtmh.22-0410,NA,NA,30.503668,-0.729509
63,Uganda,Western Region,Isingiro District,NA,Kikagate Subcounty,Kizibale,1,NA,2018-07-14,2018-08-07,2018,July,1,0,HU,1,NA,1,Nyakarahuka_etal_2023,https://doi.org/10.4269/ajtmh.22-0410,NA,NA,30.661807,-1.034086
64,Uganda,Western Region,Sheema District,NA,Kagango Division,Kasozi,1,NA,2018-07-19,2018-08-11,2018,July,1,0,HU,1,NA,1,Nyakarahuka_etal_2023,https://doi.org/10.4269/ajtmh.22-0410,NA,NA,30.392695,-0.642397
65,Uganda,Western Region,Isingiro District,NA,Kashumba Subcounty,Kashumba,1,NA,2018-07-19,2018-08-14,2018,July,1,0,HU,1,NA,1,Nyakarahuka_etal_2023,https://doi.org/10.4269/ajtmh.22-0410,NA,NA,30.948346,-0.903202
66,Uganda,Western Region,Isingiro District,NA,Nyakitunda Subcounty,Rwamuhunga,1,NA,2018-07-29,2018-08-19,2018,July,1,0,HU,1,NA,1,Nyakarahuka_etal_2023,https://doi.org/10.4269/ajtmh.22-0410,NA,NA,30.738107,-0.924658
68,Uganda,Western Region,Kiruhura District,NA,Sanga Town Council,Nyankumba,1,NA,2018-08-07,2018-08-29,2018,August,1,0,HU,2,NA,2,Nyakarahuka_etal_2023,https://doi.org/10.4269/ajtmh.22-0410,NA,NA,30.908201,-0.501662
69,Uganda,Central Region,Rakai District,NA,Kacheera Subcounty,Kakyera,1,NA,2018-08-08,2018-08-24,2018,August,1,0,HU,1,NA,1,Nyakarahuka_etal_2023,https://doi.org/10.4269/ajtmh.22-0410,NA,NA,31.18753748,-0.594695726
70,Uganda,Eastern Region,Namutumba District,NA,Busembatia Town Council,Kasabuli,1,NA,2018-07-25,2018-08-20,2018,July,1,0,HU,1,NA,1,Nyakarahuka_etal_2023,https://doi.org/10.4269/ajtmh.22-0410,NA,NA,33.623679,0.77964
NA,Uganda,Western Region,Isingiro District,NA,Kashumba Subcounty,Nakivale,1,0,2018-08-08,NA,2018,August,0,1,LS,NA,24,24,WAHIS,https://wahis.woah.org/#/in-event/2666/dashboard,1000104694,NA,30.929099,-0.7898187
NA,Uganda,Western Region,Mbarara District,NA,Kashare Subcounty,Mutonto,1,0,2018-08-12,NA,2018,August,0,1,LS,NA,12,12,WAHIS,https://wahis.woah.org/#/in-event/2666/dashboard,1000104698,Not using coordinates provided by WAHIS as these map to the city of Mbarara; Instead using coordinates for Mutonto itself,30.65,-0.383333
NA,Uganda,Central Region,Lyantonde District,NA,Lyantonde Town Council,Lyantonde,1,0,2018-09-02,NA,2018,September,0,1,LS,NA,20,20,WAHIS,https://wahis.woah.org/#/in-event/2666/dashboard,1000104697,NA,31.1535628,-0.4064197
71,Uganda,Western Region,Kiryandongo District,NA,Kiryandongo Subcounty,Mirima,1,NA,2019-03-03,2019-03-29,2019,March,1,0,HU,1,NA,1,Nyakarahuka_etal_2023,https://doi.org/10.4269/ajtmh.22-0410,NA,NA,32.15906437,1.897241385
72,Uganda,Western Region,Kasese District,NA,Central Division,Salute B,1,NA,2019-05-30,2019-06-30,2019,May,1,0,HU,1,NA,1,Nyakarahuka_etal_2023,https://doi.org/10.4269/ajtmh.22-0410,NA,NA,30.0653,0.179042
74,Uganda,Northern Region,Obongi District,NA,Itula Subcounty,Pasu,1,NA,2019-11-20,2019-12-10,2019,November,1,0,HU,1,NA,1,Nyakarahuka_etal_2023,https://doi.org/10.4269/ajtmh.22-0410,NA,Village may also be known as Passu,31.546031,3.481613
75,Uganda,Western Region,Ntoroko District,NA,Nombe Subcounty,Kimara,1,NA,2019-12-04,2019-12-18,2019,December,1,0,HU,1,NA,1,Nyakarahuka_etal_2023,https://doi.org/10.4269/ajtmh.22-0410,NA,NA,30.413979,1.07504644
76,Uganda,Central Region,Kampala District,NA,Kira Division,Kasokozo,1,NA,2020-02-02,2020-03-20,2020,February,1,0,HU,2,NA,2,Nyakarahuka_etal_2023,https://doi.org/10.4269/ajtmh.22-0410,NA,NA,32.631177,0.42807
77,Uganda,Central Region,Kyankwanzi District,NA,Kyankwanzi Town Council,Kitegwa,1,NA,2020-02-12,2020-03-10,2020,February,1,0,HU,1,NA,1,Nyakarahuka_etal_2023,https://doi.org/10.4269/ajtmh.22-0410,NA,NA,31.882801,1.183394
78,Uganda,Central Region,Lake Victoria District,NA,Bussi Subcounty,Gulwe,1,NA,2020-03-04,2020-03-24,2020,March,1,0,HU,1,NA,1,Nyakarahuka_etal_2023,https://doi.org/10.4269/ajtmh.22-0410,NA,"Outbreak actually occurred on Kava Island, as indicated by the GPS coordinates",32.366674,-0.015864
79,Uganda,Western Region,Kabale District,NA,Central Division,Kigongi A,1,NA,2020-07-08,2020-08-14,2020,July,1,0,HU,1,NA,1,Nyakarahuka_etal_2023,https://doi.org/10.4269/ajtmh.22-0410,NA,NA,29.995834,-1.245965
80,Uganda,Western Region,Kiruhura District,NA,Kenshunga Subcounty,Rushere,1,NA,2020-07-20,2020-08-03,2020,July,1,0,HU,1,NA,1,Nyakarahuka_etal_2023,https://doi.org/10.4269/ajtmh.22-0410,NA,NA,30.862896,-0.176444
81,Uganda,Central Region,Ssembabule District,NA,Lugusulu Subcounty,Kyebando,1,0,2020-11-28,2020-12-31,2020,November,1,0,HU,2,NA,2,Aceng_etal_2023,https://doi.org/10.1186/s42522-023-00092-3,NA,NA,31.39609,-0.06351
82,Uganda,Western Region,Kiruhura District,NA,Kinoni Subcounty,Kasaana,1,0,2021-05-07,NA,2021,May,1,1,HU_LS,4,8,12,Cossaboom_etal_2022,https://doi.org/10.3201/eid2811.220364 ,NA,"Only counting recent, acute cases in Cossaboom et al. 2022; Additional data on livestock cases in: https://uniph.go.ug/rift-valley-fever-outbreak-kiruhura-district-uganda-june-2021/",31.0700292,-0.0603661
83,Uganda,Western Region,Kyegegwa District,NA,Kabweza Kyegegwa Subcounty,Bukere,1,NA,2021-08-01,2021-08-20,2021,August,1,0,HU,1,NA,1,UNIPH,https://uniph.go.ug/descriptive-analysis-of-rift-valley-fever-outbreaks-uganda-2016-2023/,NA,NA,31.09482,0.38333
84,Uganda,Western Region,Kagadi District,NA,Ruteete Subcounty,Kihura,1,NA,2022-01-02,2022-02-02,2022,January,1,1,HU_LS,2,1,3,UNIPH,https://uniph.go.ug/descriptive-analysis-of-rift-valley-fever-outbreaks-uganda-2016-2023/,NA,NA,30.800612,1.0121967
85,Uganda,Western Region,Mbarara District,NA,Rubindi Subcounty,Kama,1,NA,2022-05-10,2022-06-10,2022,May,1,0,HU,3,NA,3,UNIPH,https://uniph.go.ug/descriptive-analysis-of-rift-valley-fever-outbreaks-uganda-2016-2023/,NA,NA,30.550191,-0.373517
86,Tanzania,Morogoro Region,Kilombero District,NA,NA,NA,0,0,2011-05-01,2011-08-31,2011,May,0,1,LS,NA,9,9,Sumaye_etal_2013,https://doi.org/10.1371/journal.pntd.0002356,NA,Approximate location of outbreak determined by referencing Figure 1 in Sumaye et al. 2013,36.2336,-8.2828
NA,Tanzania,Kigoma Region,Kigoma District,NA,NA,NA,0,0,2011-05-01,2011-06-30,2011,May,0,1,LS,NA,1,1,Kifaro_etal_2014,http://dx.doi.org/10.4102/ojvr.v81i2.717 ,NA,"Some ambiguity about the date of sampling because September-October 2011 is also mentioned, but pretty confident these are the correct dates; Approximate location of outbreak determined by referencing Figure 1 in Kifaro et al. 2014",29.66,-4.8043
NA,Tanzania,Kigoma Region,Kibondo District,NA,NA,NA,0,0,2011-05-01,2011-06-30,2011,May,0,1,LS,NA,4,4,Kifaro_etal_2014,http://dx.doi.org/10.4102/ojvr.v81i2.717 ,NA,"Some ambiguity about the date of sampling because September-October 2011 is also mentioned, but pretty confident these are the correct dates; Approximate location of outbreak determined by referencing Figure 1 in Kifaro et al. 2014",30.4877,-3.5881
NA,Tanzania,Kigoma Region,Buhigwe District,NA,NA,NA,0,0,2011-05-01,2011-06-30,2011,May,0,1,LS,NA,3,3,Kifaro_etal_2014,http://dx.doi.org/10.4102/ojvr.v81i2.717 ,NA,"Some ambiguity about the date of sampling because September-October 2011 is also mentioned, but pretty confident these are the correct dates; Approximate location of outbreak determined by referencing Figure 1 in Kifaro et al. 2014",29.78823,-4.4284
87,Tanzania,Morogoro Region,Kilombero District,NA,NA,NA,0,0,2012-03-01,2012-08-31,2012,March,1,0,HU,16,NA,16,Sumaye_etal_2015,https://doi.org/10.1371/journal.pntd.0003536,NA,"Approximate location chosen to match that of the Sumaye et al. 2013 study, since Sumaye et al. 2015 mentions sampling in the same ""hotspots of RVF transmission in the livestock populations""",36.2336,-8.2828
88,Tanzania,Mara Region,Bunda District,NA,NA,NA,0,1,2014-08-01,2014-10-31,2014,August,1,0,HU,2,NA,2,Ahmed_etal_2018,https://doi.org/10.1186/s12879-018-3183-9,NA,A hospital-based study; Districts listed all had IgM-positive humans,34.24859437243041,-1.8610784123504085
88,Tanzania,Mara Region,Serengeti District,NA,NA,NA,0,1,2014-08-01,2014-10-31,2014,August,1,0,HU,1,NA,1,Ahmed_etal_2018,https://doi.org/10.1186/s12879-018-3183-9,NA,A hospital-based study; Districts listed all had IgM-positive humans,34.44607757017176,-2.355498261861862
88,Tanzania,Arusha Region,Ngorongoro District,NA,NA,NA,0,1,2014-08-01,2014-10-31,2014,August,1,0,HU,3,NA,3,Ahmed_etal_2018,https://doi.org/10.1186/s12879-018-3183-9,NA,A hospital-based study; Districts listed all had IgM-positive humans,35.273316368141316,-2.6605654106244714
89,Tanzania,Morogoro Region,Morogoro District,NA,NA,NA,0,0,2014-06-01,2015-10-31,2014,June,0,1,LS,NA,27,27,Matiko_etal_2018,https://doi.org/10.1371/journal.pntd.0006931,NA,Approximate location of outbreak determined by referencing Figure 1 in Matiko et al. 2018 and placing location near IgM-positive villages,37.772134,-6.779623
90,Tanzania,Mbeya Region,Kyela District,NA,NA,NA,0,0,2014-06-01,2015-10-31,2014,June,0,1,LS,NA,3,3,Matiko_etal_2018,https://doi.org/10.1371/journal.pntd.0006931,NA,Approximate location of outbreak determined by referencing Figure 1 in Matiko et al. 2018 and placing location near IgM-positive villages,33.829551,-9.606575
NA,Tanzania,Mbeya Region,Kyela District,NA,NA,NA,0,0,2015-09-01,NA,2015,September,0,1,LS,NA,1,1,Salekwa_etal_2019,https://doi.org/10.4269/ajtmh.18-0798,NA,"Somewhat ambiguous, but the text seems to indicate that the Kyela District was the sole District sampled within the Mbeya Region",33.95145542725816,-9.503583753426268
92,Tanzania,Kilimanjaro Region,Moshi District,NA,NA,NA,0,0,2018-05-16,NA,2018,May,1,1,HU_LS,1,11,12,deGlanville_etal_2022,https://doi.org/10.1093/trstmh/trac076,NA,Livestock cases reported in Arusha Chini and Kindi Wards in de Glanville et al. 2022; Associated human case reported in Kilema Kusini Ward in Madut et al. 2024,37.4227567646817,-3.268907694941012
92,Tanzania,Kilimanjaro Region,Moshi Urban District,NA,NA,NA,0,0,2018-07-03,NA,2018,July,1,1,HU_LS,1,1,2,deGlanville_etal_2022,https://doi.org/10.1093/trstmh/trac076,NA,Livestock case reported in Rau Ward in de Glanville et al. 2022; Associated human case reported in Pasua Ward in Madut et al. 2024,37.35892081462032,-3.3646186807905454
92,Tanzania,Kilimanjaro Region,Hai District,NA,NA,NA,0,0,2018-07-15,NA,2018,July,1,1,HU_LS,1,2,3,deGlanville_etal_2022,https://doi.org/10.1093/trstmh/trac076,NA,Livestock cases reported in Machame Mashariki Ward in de Glanville et al. 2022; Associated human case reported in Hai Mjini Ward in Madut et al. 2024,37.21123829594251,-3.2949534408715135
NA,Tanzania,Manyara Region,Simanjiro District,NA,NA,NA,0,0,2018-07-01,NA,2018,July,1,0,HU,1,NA,1,Madut_etal_2024,https://doi.org/10.1093/infdis/jiae562 ,NA,"Assuming a July start date for this outbreak, but it's a little unclear",36.7275507246828,-3.9449645098542625
93,Tanzania,Kigoma Region,Buhigwe District,NA,NA,NA,0,1,2018-06-01,2018-11-30,2018,June,1,0,HU,2,NA,2,Rugarabamu_etal_2021,https://doi.org/10.1016/j.ijid.2021.07.006,NA,Includes both community-based and health facility-based sampling; Additional case data attested in Rugarabamu et al. 2022 (assuming these two studies have distinct sampling pools),29.873194835944847,-4.681352689328392
94,Tanzania,Dar es Salaam Region,Kinondoni District,NA,NA,NA,0,1,2018-06-01,2018-11-30,2018,June,1,0,HU,6,NA,6,Rugarabamu_etal_2021,https://doi.org/10.1016/j.ijid.2021.07.006,NA,Includes both community-based and health facility-based sampling; Additional case data attested in Rugarabamu et al. 2022 (assuming these two studies have distinct sampling pools),39.08003377987842,-6.607480063252292
95,Tanzania,Morogoro Region,Mvomero District,NA,NA,NA,0,1,2018-06-01,2018-11-30,2018,June,1,0,HU,2,NA,2,Rugarabamu_etal_2021,https://doi.org/10.1016/j.ijid.2021.07.006,NA,Includes both community-based and health facility-based sampling; Additional case data attested in Rugarabamu et al. 2022 (assuming these two studies have distinct sampling pools),37.5066095203086,-6.196352969750502
96,Tanzania,Mbeya Region,Kyela District,NA,NA,NA,0,1,2018-06-01,2018-11-30,2018,June,1,0,HU,1,NA,1,Rugarabamu_etal_2021,https://doi.org/10.1016/j.ijid.2021.07.006,NA,Includes both community-based and health facility-based sampling,34.0199135604645,-9.466990756612718
97,Tanzania,Dodoma Region,Kondoa District,NA,NA,NA,0,1,2018-06-01,2018-11-30,2018,June,1,0,HU,2,NA,2,Rugarabamu_etal_2021,https://doi.org/10.1016/j.ijid.2021.07.006,NA,Includes both community-based and health facility-based sampling; Additional case data attested in Rugarabamu et al. 2022 (assuming these two studies have distinct sampling pools),35.62964585268932,-4.990693603431257
98,Tanzania,Tanga Region,Kilindi District,NA,NA,NA,0,1,2018-06-01,2018-11-30,2018,June,1,0,HU,2,NA,2,Rugarabamu_etal_2021,https://doi.org/10.1016/j.ijid.2021.07.006,NA,Includes both community-based and health facility-based sampling; Additional case data attested in Rugarabamu et al. 2022 (assuming these two studies have distinct sampling pools),37.6998690799326,-5.4648927921945205
NA,Tanzania,Rukwa Region,Kalambo District,NA,NA,NA,0,1,2018-06-01,2018-11-30,2018,June,1,0,HU,1,NA,1,Rugarabamu_etal_2022,https://doi.org/10.1186/s40249-022-00959-z,NA,Health facility-based sampling,31.36995673663582,-8.188739581558975
NA,Tanzania,Mwanza Region,Ukerewe District,NA,NA,NA,0,1,2018-06-01,2018-11-30,2018,June,1,0,HU,1,NA,1,Rugarabamu_etal_2022,https://doi.org/10.1186/s40249-022-00959-z,NA,Health facility-based sampling,33.09106595587986,-2.0667812737167868
100,Tanzania,Kilimanjaro Region,Moshi District,NA,NA,NA,0,0,2020-03-01,2020-06-30,2020,March,1,1,HU_LS,7,11,18,Kumalija_etal_2021,https://doi.org/10.1080/16549716.2021.1957554,NA,Approximate location of outbreak determined by referencing Figure 1 in Kumalija et al. 2021; Counting cases according to PCR data given in Table 4,37.36785,-3.557538
1,Kenya,Kiambu County,Kikuyu Subcounty,NA,NA,Kikuyu,1,NA,2008-09-23,NA,2008,September,0,1,LS,NA,5,5,Unpublished DVS records,NA,NA,NA,36.66138498,-1.2543279
NA,Kenya,"Tana River, Garissa County","Bura, Balambala, Dadaab, Dujis, Fafi Subcounty",NA,NA,NA,0,1,2009-02-01,2009-04-30,2009,February,1,0,HU,4,NA,4,Njenga_and_Bett_2019,https://doi.org/10.1007/s40588-018-0110-1,NA,Assuming a sampling catchment of five subcounties for Garissa Provincial Hospital,40.92099079210498,0.3121090029439024
2,Kenya,Kilifi County,Kaloleni Subcounty,NA,NA,Mariakani,1,NA,2009-09-03,2009-11-14,2009,September,0,1,LS,NA,22,22,Unpublished DVS records,NA,NA,NA,39.48186,-3.85792
3,Kenya,Garissa County,Ijara Subcounty,NA,NA,Kotile,1,0,2009-10-29,NA,2009,October,0,1,LS,NA,1,1,Lichoti_etal_2014,https://doi.org/10.1155/2014/379010,NA,Referencing Table 5 for positive animals,40.2063,-1.9658
4,Kenya,Garissa County,Ijara Subcounty,NA,NA,Sangailu,1,0,2009-10-28,NA,2009,October,0,1,LS,NA,1,1,Lichoti_etal_2014,https://doi.org/10.1155/2014/379010,NA,Referencing Table 5 for positive animals,40.7327,-1.3148
6,Kenya,Baringo County,Baringo South Subcounty,NA,NA,Salabani,1,0,2009-11-05,NA,2009,November,0,1,LS,NA,1,1,Lichoti_etal_2014,https://doi.org/10.1155/2014/379010,NA,Referencing Table 5 for positive animals,36.0501,0.5507
NA,Kenya,"Tana River, Garissa County","Bura, Balambala, Dadaab, Dujis, Fafi Subcounty",NA,NA,NA,0,1,2009-12-01,2010-02-28,2009,December,1,0,HU,4,NA,4,Njenga_and_Bett_2019,https://doi.org/10.1007/s40588-018-0110-1,NA,Assuming a sampling catchment of five subcounties for Garissa Provincial Hospital,40.515188103657074,0.1769386716152675
7,Kenya,Machakos County,Machakos Town Subcounty,NA,NA,Machakos,1,NA,2010-10-06,NA,2010,October,0,1,LS,NA,5,5,Unpublished DVS records,NA,NA,NA,37.22608737,-1.58948027
8,Kenya,Kiambu County,Thika Town Subcounty,NA,NA,Thika,1,NA,2010-10-06,NA,2010,October,0,1,LS,NA,5,5,Unpublished DVS records,NA,NA,NA,37.1627001,-1.06595808
9,Kenya,Kiambu County,Ruiru Subcounty,NA,NA,Ruiru,1,NA,2010-10-06,NA,2010,October,0,1,LS,NA,1,1,Unpublished DVS records,NA,NA,NA,37.12083699,-1.20259546
10,Kenya,Nairobi County,Kasarani Subcounty,NA,NA,Kamulu,1,NA,2010-10-06,NA,2010,October,0,1,LS,NA,1,1,Unpublished DVS records,NA,NA,NA,37.06358,-1.28306
11,Kenya,Garissa County,Fafi Subcounty,NA,NA,Fafi,1,NA,2011-11-23,2012-01-07,2011,November,0,1,LS,NA,3,3,Unpublished DVS records,NA,NA,NA,40.25089758,-0.43266492
12,Kenya,Lamu County,Lamu West Subcounty,NA,NA,Witu,1,NA,2011-12-24,2012-01-07,2011,December,0,1,LS,NA,7,7,Unpublished DVS records,NA,NA,NA,40.43090174,-2.38248559
NA,Kenya,Garissa County,Fafi Subcounty,NA,NA,Fafi,1,0,2012-09-01,NA,2012,September,0,1,LS,NA,1,1,Owange_etal_2014,https://doi.org/10.1016/j.prevetmed.2014.08.008,NA,"Herd 1175, sampling #1; Information from Figure 1 and Table 1",40.026,-1.104
NA,Kenya,Garissa County,Ijara Subcounty,NA,NA,Masalani,1,0,2012-09-01,NA,2012,September,0,1,LS,NA,1,1,Owange_etal_2014,https://doi.org/10.1016/j.prevetmed.2014.08.008,NA,"Herd 1181, sampling #1; Information from Table 1",40.199,-1.6889
NA,Kenya,Garissa County,Ijara Subcounty,NA,NA,Gedulum,1,0,2012-12-01,NA,2012,December,0,1,LS,NA,1,1,Owange_etal_2014,https://doi.org/10.1016/j.prevetmed.2014.08.008,NA,"Herd 1178, sampling #2; Information from Figure 1 and Table 1",40.71971,-1.38431
NA,Kenya,Garissa County,Ijara Subcounty,NA,NA,Ijara,1,0,2012-12-01,NA,2012,December,0,1,LS,NA,4,4,Owange_etal_2014,https://doi.org/10.1016/j.prevetmed.2014.08.008,NA,"Herd 1179, sampling #2; Information from Figure 1 and Table 1",40.52,-1.5835
NA,Kenya,Garissa County,Ijara Subcounty,NA,NA,Gedulum,1,0,2013-02-01,NA,2013,February,0,1,LS,NA,2,2,Owange_etal_2014,https://doi.org/10.1016/j.prevetmed.2014.08.008,NA,"Herd 1178, sampling #3; Information from Figure 1 and Table 1",40.71971,-1.38431
NA,Kenya,Lamu County,Lamu West Subcounty,NA,NA,Witu,1,0,2013-05-01,NA,2013,May,0,1,LS,NA,2,2,Owange_etal_2014,https://doi.org/10.1016/j.prevetmed.2014.08.008,NA,"Herd 1172, sampling #4; Information from Figure 1 and Table 1",40.7558,-2.2104
NA,Kenya,Garissa County,Fafi Subcounty,NA,NA,Kamuthe,1,0,2013-05-01,NA,2013,May,0,1,LS,NA,2,2,Owange_etal_2014,https://doi.org/10.1016/j.prevetmed.2014.08.008,NA,"Herd 1174, sampling #4; Information from Figure 1 and Table 1",39.86329,-0.70585
NA,Kenya,Garissa County,Fafi Subcounty,NA,NA,Halei,1,0,2013-05-01,NA,2013,May,0,1,LS,NA,5,5,Owange_etal_2014,https://doi.org/10.1016/j.prevetmed.2014.08.008,NA,"Herd 1178, sampling #4 and herd 1179, sampling #4; Information from Figure 1 and Table 1",39.9916,-0.5974
NA,Kenya,Garissa County,Fafi Subcounty,NA,NA,Tana,0,0,2013-05-01,NA,2013,May,0,1,LS,NA,2,2,Owange_etal_2014,https://doi.org/10.1016/j.prevetmed.2014.08.008,NA,"Herd 1181, sampling #4; Not clear which Tana in Fafi Subcounty is being referred to, and herd 1181 is not shown on Figure 1",40.7413452918785,-0.9532780908319388
14,Kenya,Murang'a County,Kandara Subcounty,NA,NA,Ngararia,1,NA,2014-05-01,NA,2014,May,1,1,HU_LS,3,7,10,Unpublished KEMRI records,NA,NA,NA,37.02083493,-0.93262001
15,Kenya,Garissa County,Balambala Subcounty,NA,NA,Garissa,1,NA,2016-06-03,NA,2016,June,0,1,LS,NA,7,7,Unpublished KEMRI records,NA,NA,NA,39.59074632,-0.24856877
16,Kenya,Isiolo County,Isiolo North Subcounty,NA,NA,Saleti,1,0,2018-06-15,2018-07-30,2018,June,0,1,LS,NA,15,15,WAHIS,https://wahis.woah.org/#/in-event/2574/dashboard,1000101603,NA,38.611561,1.177155
17,Kenya,Isiolo County,Isiolo South Subcounty,NA,NA,Garbatulla,1,0,2018-06-19,2018-07-30,2018,June,0,1,LS,NA,12,12,WAHIS,https://wahis.woah.org/#/in-event/2574/dashboard,1000101604,NA,38.415522,0.549314
19,Kenya,Wajir County,Wajir North Subcounty,NA,NA,Basir,1,0,2018-05-01,2018-07-30,2018,May,0,1,LS,NA,25,25,WAHIS,https://wahis.woah.org/#/in-event/2574/dashboard,1000100918,"Based on information in Hassan et al. 2020 (10.4269/ajtmh.20-0387), setting the start date in Wajir County to May",39.027828,2.327758
20,Kenya,Wajir County,Eldas Subcounty,NA,NA,Eldas,1,0,2018-05-01,2018-07-30,2018,May,1,1,HU_LS,21,17,38,WAHIS,https://wahis.woah.org/#/in-event/2574/dashboard,1000101072,"Based on information in Hassan et al. 2020 (10.4269/ajtmh.20-0387), setting the start date in Wajir County to May; Arbitrarily assigning all Wajir County human cases reported in Hassan et al. 2020 to Eldas Subcounty",39.60631,2.492876
21,Kenya,Mandera County,Mandera South Subcounty,NA,NA,Elwak,1,0,2018-06-22,2018-07-30,2018,June,0,1,LS,NA,2,2,WAHIS,https://wahis.woah.org/#/in-event/2574/dashboard,1000102482,NA,40.913067,2.817387
22,Kenya,Marsabit County,Saku Subcounty,NA,NA,Marsabit,1,0,2018-06-01,2018-07-30,2018,June,1,1,HU_LS,8,18,26,WAHIS,https://wahis.woah.org/#/in-event/2574/dashboard,1000102478,Start date and human case data from Hassan et al. 2020 (10.4269/ajtmh.20-0387),37.869589,2.394153
23,Kenya,Tana River County,Garsen Subcounty,NA,NA,Dhidhe Ade,1,0,2018-06-20,2018-07-30,2018,June,1,1,HU_LS,NA,20,20,Daily Nation,https://reliefweb.int/report/kenya/quarantine-tana-delta-after-rift-valley-fever-outbreak,NA,Total human case count unclear,40.26515673,-2.5509187
24,Kenya,Tana River County,Bura Subcounty,NA,NA,Galole,1,0,2018-06-11,2018-07-30,2018,June,0,1,LS,NA,1,1,WAHIS,https://wahis.woah.org/#/in-event/2574/dashboard,1000101073,NA,39.952116,-1.284105
25,Kenya,Siaya County,Ugenya Subcounty,NA,NA,Siaya,1,0,2018-06-02,2018-07-30,2018,June,1,1,HU_LS,1,38,39,WAHIS,https://wahis.woah.org/#/in-event/2574/dashboard,1000101606,Start date and human case data from Hassan et al. 2020 (10.4269/ajtmh.20-0387),34.141077,0.198418
27,Kenya,Baringo County,Mogotio Subcounty,NA,NA,Mogotio,1,0,2018-06-29,2018-07-30,2018,June,0,1,LS,NA,1,1,WAHIS,https://wahis.woah.org/#/in-event/2574/dashboard,1000102477,NA,36.067303,0.24718300000000001
28,Kenya,Meru County,Igembe South Subcounty,NA,NA,Igembe Central,1,0,2018-07-02,2018-07-30,2018,July,0,1,LS,NA,1,1,WAHIS,https://wahis.woah.org/#/in-event/2574/dashboard,1000102483,NA,37.952045,0.237924
29,Kenya,Murang'a County,Kiharu Subcounty,NA,NA,Kihingo,1,0,2019-01-25,2019-03-21,2019,January,0,1,LS,NA,4,4,WAHIS,https://wahis.woah.org/#/in-event/2824/dashboard,1000111864,NA,37.087673,-0.721406
30,Kenya,Nyandarua County,Ndaragwa Subcounty,NA,NA,Rurii,1,NA,2019-01-24,2019-03-21,2019,January,1,1,HU_LS,15,1,16,Unpublished KEMRI records,NA,NA,NA,36.37819305,-0.21193184
31,Kenya,Nyandarua County,Ol Kalou Subcounty,NA,NA,Karau,1,NA,2019-01-24,2019-03-21,2019,January,1,1,HU_LS,NA,1,1,Unpublished KEMRI records,NA,NA,Total human case count unclear,36.33845537,-0.31679704
32,Kenya,Nyandarua County,Ndaragwa Subcounty,NA,NA,Shamata,1,0,2019-02-25,2019-03-21,2019,February,0,1,LS,NA,5,5,WAHIS,https://wahis.woah.org/#/in-event/2824/dashboard,1000111865,NA,36.498871,-0.195548
33,Kenya,Isiolo County,Isiolo South Subcounty,Sericho Ward,NA,Eresa Boru,1,0,2020-11-19,2021-03-18,2020,November,1,1,HU_LS,NA,24,24,WAHIS,https://wahis.woah.org/#/in-event/3491/dashboard,1000143195,Additional information derived from WHO report (https://www.who.int/emergencies/disease-outbreak-news/item/2021-DON311) where this outbreak is referred to as occurring in Garbatulla Subcounty; Total human case count in Isiolo South (Garbatulla) unclear,38.781515,1.038371
34,Kenya,Isiolo County,Isiolo North Subcounty,Cherab Ward,NA,Korbesa,1,0,2020-11-19,2021-03-18,2020,November,1,1,HU_LS,NA,20,20,WAHIS,https://wahis.woah.org/#/in-event/3491/dashboard,1000144227,Additional information derived from WHO report (https://www.who.int/emergencies/disease-outbreak-news/item/2021-DON311) where Korbesa is described as being within Merti Subcounty; Total human case count in Isiolo North (Merti) unclear,38.78781,1.210698
35,Kenya,Garissa County,Balambala Subcounty,Danyere Ward,NA,Danyere,1,0,2020-12-07,2021-03-18,2020,December,0,1,LS,NA,1,1,WAHIS,https://wahis.woah.org/#/in-event/3491/dashboard,1000143196,"Additional information derived from WHO report (https://www.who.int/emergencies/disease-outbreak-news/item/2021-DON311); Coordinates given by WAHIS fall within Danyere Ward, not Jara Jara Ward, as indicated in the WAHIS event",38.850756,0.307889
36,Kenya,Garissa County,Ijara Subcounty,Masalani Ward,NA,Qalaqal,1,0,2020-12-07,2021-03-18,2020,December,0,1,LS,NA,3,3,WAHIS,https://wahis.woah.org/#/in-event/3491/dashboard,1000143198,Additional information derived from WHO report (https://www.who.int/emergencies/disease-outbreak-news/item/2021-DON311),40.240787,-1.627194
37,Kenya,Mandera County,Mandera North Subcounty,Rhamu-Dimtu Ward,NA,Yabicho,1,0,2021-01-22,2021-03-18,2021,January,1,1,HU_LS,2,2,4,WAHIS,https://wahis.woah.org/#/in-event/3491/dashboard,1000146374,Additional information derived from WHO report (https://www.who.int/emergencies/disease-outbreak-news/item/2021-DON311) where the human portion of this outbreak is described from Kalmalab in Mandera North Subcounty,41.09124,3.821088
38,Kenya,Murang'a County,Gatanga Subcounty,Kihumbu-Ini Ward,NA,Kihumbu-Ini,1,0,2020-12-29,2021-03-18,2020,December,0,1,LS,NA,NA,NA,WHO,https://www.who.int/emergencies/disease-outbreak-news/item/2021-DON311,NA,Total livestock case count unclear,36.98083414,-0.93262002
39,Kenya,Murang'a County,Kandara Subcounty,Ng'Araria Ward,NA,Ngararia,1,0,2021-01-19,2021-03-18,2021,January,0,1,LS,NA,6,6,WAHIS,https://wahis.woah.org/#/in-event/3491/dashboard,1000145035,Additional information derived from WHO report (https://www.who.int/emergencies/disease-outbreak-news/item/2021-DON311),37.019834,-0.934632
40,Kenya,Kiambu County,Kikuyu Subcounty,NA,NA,Kikuyu,1,0,2021-06-14,2021-08-20,2021,June,0,1,LS,NA,5,5,WAHIS,https://wahis.woah.org/#/in-event/3841/dashboard,ob_87960,I believe this same outbreak event is captured in Juma et al. 2022 (https://doi.org/10.1186/s12864-022-08764-6) which describes 5 IgM-positive cattle sampled in Kiambu county in July 2021; So at least 5 positive animals were involved in the outbreak event in this area,36.6601,-1.2396
NA,Kenya,Wajir County,Eldas Subcounty,NA,NA,NA,0,0,2021-07-01,2021-08-31,2021,July,0,1,LS,NA,1,1,Omani_etal_2024,https://doi.org/10.1016/j.onehlt.2024.100921,NA,"Although the sampling started in June 2021, discussion of the single IgM-positive animal mentions July 2021 as the ""time of sampling"", hence the coding of the outbreak start date",39.781855346388056,2.343334170483508
NA,Kenya,Isiolo County,Isiolo South Subcounty,NA,NA,NA,0,0,2021-07-01,2021-08-31,2021,July,0,1,LS,NA,4,4,Muturi_etal_2023,https://doi.org/10.1038/s41598-023-42596-y,NA,NA,38.737578021770986,0.25336888170191035
41,Kenya,Nyandarua County,NA,NA,NA,NA,0,0,2020-10-01,NA,2020,October,0,1,LS,NA,3,3,Wanjama_etal_2022,https://www.researchgate.net/profile/James-Kabugu/publication/366836264_Sero-epidemiological_survey_of_Rift_Valley_Fever_virus_in_ruminants_in_Nyandarua_County_Kenya/links/63b435a8a03100368a4df2e1/Sero-epidemiological-survey-of-Rift-Valley-Fever-virus-in-ruminants-in-Nyandarua-County-Kenya.pdf,NA,Outbreak timing coded as occurring between the two sampling events; Not clear when the IgM-positive animals were sampled,36.45078276680353,-0.2660897193061363
NA,Uganda,Northern Region,Kitgum District,NA,NA,NA,0,0,2010-12-01,NA,2010,December,0,1,LS,NA,1,1,Ndumu_etal_2021,https://doi.org/10.1186/s12917-021-02867-0,NA,Some ambiguity in the manuscript about whether the samples were collected starting in November 2010 or December 2010,33.38361008003099,3.318466034869198
42,Uganda,Western Region,Kabale District,NA,Kamuganguzi Subcounty,Omururinda,1,0,2016-02-10,NA,2016,February,1,1,HU_LS,1,1,2,Shoemaker_etal_2019,https://doi.org/10.4269/ajtmh.18-0732,1000070693,"Captures acute case 2 (AC2) and the single confirmed livestock case; Livestock case is also attested to by a WAHIS event (https://wahis.woah.org/#/in-event/1922/dashboard) where the village is referred to as Kashenyi, immediately adjacent to Omururinda; Note that the coordinates for Kashenyi given in the WAHIS event appear to be inaccurate",29.9924701,-1.3299139
43,Uganda,Western Region,Kabale District,NA,Northern Division,Upper Bugongi,1,0,2016-03-02,NA,2016,March,1,0,HU,1,NA,1,Shoemaker_etal_2019,https://doi.org/10.4269/ajtmh.18-0732,NA,Captures acute case 1 (AC1),29.995927,-1.232273
NA,Uganda,Western Region,Kabale District,NA,Rubaya Subcounty,Mushenyi,1,0,2016-03-03,NA,2016,March,1,0,HU,1,NA,1,Shoemaker_etal_2019,https://doi.org/10.4269/ajtmh.18-0732,NA,Captures acute case 3 (AC3),29.9868397,-1.4472344
44,Uganda,Western Region,Kabale District,NA,Southern Division,Rushaki,1,0,2016-06-02,NA,2016,June,1,0,HU,1,NA,1,Shoemaker_etal_2019,https://doi.org/10.4269/ajtmh.18-0732,NA,Captures acute case 4 (AC4),30.0052505,-1.2592782
NA,Uganda,Western Region,Kabale District,NA,NA,NA,0,0,2016-04-01,2016-04-30,2016,April,1,0,HU,10,NA,10,Nyakarahuka_etal_2018,https://doi.org/10.1371/journal.pntd.0006412,NA,Assuming this data is distinct from that reported by Shoemaker et al. 2019,29.978732487491516,-1.2610926191935752
45,Uganda,Western Region,Isingiro District,NA,Mbaare Subcounty,Katojo Central,1,NA,2018-07-03,NA,2018,July,1,0,HU,3,NA,3,Nyakarahuka_etal_2023,https://doi.org/10.4269/ajtmh.22-0410,NA,NA,30.9719902,-0.8682045
46,Uganda,Central Region,Kiboga District,NA,Kibiga Subcounty,Busakya,1,0,2017-11-14,NA,2017,November,1,0,HU,1,NA,1,Birungi_etal_2021,https://doi.org/10.1155/2021/8881191,NA,Start date information from Table 1,31.7522425,0.8918558
47,Uganda,Central Region,Mityana District,NA,NA,NA,0,0,2017-11-16,NA,2017,November,1,0,HU,1,NA,1,Birungi_etal_2021,https://doi.org/10.1155/2021/8881191,NA,No information given in paper regarding specific village location,31.989590350959993,0.4972051160168771
48,Uganda,Western Region,Kiruhura District,NA,Kanyaryeru Subcounty,Rushororo,1,0,2017-11-18,NA,2017,November,1,0,HU,4,NA,4,Birungi_etal_2021,https://doi.org/10.1155/2021/8881191,NA,Additional information: https://uniph.go.ug/rift-valley-fever-outbreak-caused-by-handling-a-dead-calf-kiruhura-district-2017-2018/,30.9425875,-0.5073751
49,Uganda,Central Region,Kyankwanzi District,NA,Butemba Town Council,Bukwiri,1,NA,2017-12-14,2018-01-04,2017,December,1,0,HU,1,NA,1,Nyakarahuka_etal_2023,https://doi.org/10.4269/ajtmh.22-0410,NA,NA,31.596401,1.126574
50,Uganda,Central Region,Buikwe District,NA,Kawolo Subcounty,Vvumba,1,0,2018-01-07,NA,2018,January,1,0,HU,1,NA,1,Birungi_etal_2021,https://doi.org/10.1155/2021/8881191,NA,Village may also be known as Vumba,32.9,0.3
51,Uganda,Northern Region,Yumbe District,NA,Ariwa Subcounty,Ariwa II refugee camp zone 5,1,NA,2018-01-19,2018-02-07,2018,January,1,0,HU,1,NA,1,Nyakarahuka_etal_2023,https://doi.org/10.4269/ajtmh.22-0410,NA,NA,31.4071817,3.2428225
52,Uganda,Western Region,Rwampara District,NA,Bugamba Subcounty,Bugamba,1,NA,2018-06-08,2018-08-24,2018,June,1,0,HU,1,NA,1,Nyakarahuka_etal_2023,https://doi.org/10.4269/ajtmh.22-0410,NA,NA,30.48719,-0.709031
53,Uganda,Western Region,Ibanda District,NA,Bufunda Division,NA,1,NA,2018-06-18,2018-07-20,2018,June,1,0,HU,1,NA,1,Nyakarahuka_etal_2023,https://doi.org/10.4269/ajtmh.22-0410,NA,NA,30.53012239,-0.09016975
54,Uganda,Western Region,Kasese District,NA,Munkunyu Subcounty,NA,1,NA,2018-06-20,2018-07-07,2018,June,1,0,HU,1,NA,1,Nyakarahuka_etal_2023,https://doi.org/10.4269/ajtmh.22-0410,NA,NA,29.857045,0.01362694
55,Uganda,Western Region,Isingiro District,NA,Masha Subcounty,Kabare,1,NA,2018-06-22,2018-07-20,2018,June,1,0,HU,4,NA,4,Nyakarahuka_etal_2023,https://doi.org/10.4269/ajtmh.22-0410,NA,Village may also be known as Kabaare,30.718193,-0.664144
56,Uganda,Central Region,Ssembabule District,NA,Lwebitakuli Subcounty,NA,1,NA,2018-07-01,2018-08-01,2018,July,1,0,HU,1,NA,1,Nyakarahuka_etal_2023,https://doi.org/10.4269/ajtmh.22-0410,NA,NA,31.34864797,-0.25844587
57,Uganda,Western Region,Isingiro District,NA,Kashumba Subcounty,NA,1,NA,2018-07-03,2018-08-24,2018,July,1,0,HU,1,NA,1,Nyakarahuka_etal_2023,https://doi.org/10.4269/ajtmh.22-0410,NA,NA,30.9563515,-0.8892447
58,Uganda,Western Region,Isingiro District,NA,Rugaaga Subcounty,Nakivale,1,NA,2018-07-03,2018-07-20,2018,July,1,0,HU,1,NA,1,Nyakarahuka_etal_2023,https://doi.org/10.4269/ajtmh.22-0410,NA,NA,30.94943771,-0.771338167
59,Uganda,Western Region,Isingiro District,NA,Kashumba Subcounty,Kashumba,1,NA,2018-07-05,2018-08-24,2018,July,1,0,HU,3,NA,3,Nyakarahuka_etal_2023,https://doi.org/10.4269/ajtmh.22-0410,NA,NA,30.949304,-0.903845
60,Uganda,Central Region,Masaka District,NA,Kkingo Subcounty,Kasaana B,1,NA,2018-07-09,2018-08-03,2018,July,1,0,HU,1,NA,1,Nyakarahuka_etal_2023,https://doi.org/10.4269/ajtmh.22-0410,NA,NA,31.623002,-0.303224
61,Uganda,Central Region,Mubende District,NA,Kigando Subcounty,Bubanda,1,NA,2018-07-10,2018-08-10,2018,July,1,0,HU,1,NA,1,Nyakarahuka_etal_2023,https://doi.org/10.4269/ajtmh.22-0410,NA,NA,31.26666682,0.266838647
62,Uganda,Western Region,Rwampara District,NA,Bugamba Subcounty,Rurengye,1,NA,2018-07-10,2018-07-30,2018,July,1,0,HU,1,NA,1,Nyakarahuka_etal_2023,https://doi.org/10.4269/ajtmh.22-0410,NA,NA,30.503668,-0.729509
63,Uganda,Western Region,Isingiro District,NA,Kikagate Subcounty,Kizibale,1,NA,2018-07-14,2018-08-07,2018,July,1,0,HU,1,NA,1,Nyakarahuka_etal_2023,https://doi.org/10.4269/ajtmh.22-0410,NA,NA,30.661807,-1.034086
64,Uganda,Western Region,Sheema District,NA,Kagango Division,Kasozi,1,NA,2018-07-19,2018-08-11,2018,July,1,0,HU,1,NA,1,Nyakarahuka_etal_2023,https://doi.org/10.4269/ajtmh.22-0410,NA,NA,30.392695,-0.642397
65,Uganda,Western Region,Isingiro District,NA,Kashumba Subcounty,Kashumba,1,NA,2018-07-19,2018-08-14,2018,July,1,0,HU,1,NA,1,Nyakarahuka_etal_2023,https://doi.org/10.4269/ajtmh.22-0410,NA,NA,30.948346,-0.903202
66,Uganda,Western Region,Isingiro District,NA,Nyakitunda Subcounty,Rwamuhunga,1,NA,2018-07-29,2018-08-19,2018,July,1,0,HU,1,NA,1,Nyakarahuka_etal_2023,https://doi.org/10.4269/ajtmh.22-0410,NA,NA,30.738107,-0.924658
68,Uganda,Western Region,Kiruhura District,NA,Sanga Town Council,Nyankumba,1,NA,2018-08-07,2018-08-29,2018,August,1,0,HU,2,NA,2,Nyakarahuka_etal_2023,https://doi.org/10.4269/ajtmh.22-0410,NA,NA,30.908201,-0.501662
69,Uganda,Central Region,Rakai District,NA,Kacheera Subcounty,Kakyera,1,NA,2018-08-08,2018-08-24,2018,August,1,0,HU,1,NA,1,Nyakarahuka_etal_2023,https://doi.org/10.4269/ajtmh.22-0410,NA,NA,31.18753748,-0.594695726
70,Uganda,Eastern Region,Namutumba District,NA,Busembatia Town Council,Kasabuli,1,NA,2018-07-25,2018-08-20,2018,July,1,0,HU,1,NA,1,Nyakarahuka_etal_2023,https://doi.org/10.4269/ajtmh.22-0410,NA,NA,33.623679,0.77964
NA,Uganda,Western Region,Isingiro District,NA,Kashumba Subcounty,Nakivale,1,0,2018-08-08,NA,2018,August,0,1,LS,NA,24,24,WAHIS,https://wahis.woah.org/#/in-event/2666/dashboard,1000104694,NA,30.929099,-0.7898187
NA,Uganda,Western Region,Mbarara District,NA,Kashare Subcounty,Mutonto,1,0,2018-08-12,NA,2018,August,0,1,LS,NA,12,12,WAHIS,https://wahis.woah.org/#/in-event/2666/dashboard,1000104698,Not using coordinates provided by WAHIS as these map to the city of Mbarara; Instead using coordinates for Mutonto itself,30.65,-0.383333
NA,Uganda,Central Region,Lyantonde District,NA,Lyantonde Town Council,Lyantonde,1,0,2018-09-02,NA,2018,September,0,1,LS,NA,20,20,WAHIS,https://wahis.woah.org/#/in-event/2666/dashboard,1000104697,NA,31.1535628,-0.4064197
71,Uganda,Western Region,Kiryandongo District,NA,Kiryandongo Subcounty,Mirima,1,NA,2019-03-03,2019-03-29,2019,March,1,0,HU,1,NA,1,Nyakarahuka_etal_2023,https://doi.org/10.4269/ajtmh.22-0410,NA,NA,32.15906437,1.897241385
72,Uganda,Western Region,Kasese District,NA,Central Division,Salute B,1,NA,2019-05-30,2019-06-30,2019,May,1,0,HU,1,NA,1,Nyakarahuka_etal_2023,https://doi.org/10.4269/ajtmh.22-0410,NA,NA,30.0653,0.179042
74,Uganda,Northern Region,Obongi District,NA,Itula Subcounty,Pasu,1,NA,2019-11-20,2019-12-10,2019,November,1,0,HU,1,NA,1,Nyakarahuka_etal_2023,https://doi.org/10.4269/ajtmh.22-0410,NA,Village may also be known as Passu,31.546031,3.481613
75,Uganda,Western Region,Ntoroko District,NA,Nombe Subcounty,Kimara,1,NA,2019-12-04,2019-12-18,2019,December,1,0,HU,1,NA,1,Nyakarahuka_etal_2023,https://doi.org/10.4269/ajtmh.22-0410,NA,NA,30.413979,1.07504644
76,Uganda,Central Region,Kampala District,NA,Kira Division,Kasokozo,1,NA,2020-02-02,2020-03-20,2020,February,1,0,HU,2,NA,2,Nyakarahuka_etal_2023,https://doi.org/10.4269/ajtmh.22-0410,NA,NA,32.631177,0.42807
77,Uganda,Central Region,Kyankwanzi District,NA,Kyankwanzi Town Council,Kitegwa,1,NA,2020-02-12,2020-03-10,2020,February,1,0,HU,1,NA,1,Nyakarahuka_etal_2023,https://doi.org/10.4269/ajtmh.22-0410,NA,NA,31.882801,1.183394
78,Uganda,Central Region,Lake Victoria District,NA,Bussi Subcounty,Gulwe,1,NA,2020-03-04,2020-03-24,2020,March,1,0,HU,1,NA,1,Nyakarahuka_etal_2023,https://doi.org/10.4269/ajtmh.22-0410,NA,"Outbreak actually occurred on Kava Island, as indicated by the GPS coordinates",32.366674,-0.015864
79,Uganda,Western Region,Kabale District,NA,Central Division,Kigongi A,1,NA,2020-07-08,2020-08-14,2020,July,1,0,HU,1,NA,1,Nyakarahuka_etal_2023,https://doi.org/10.4269/ajtmh.22-0410,NA,NA,29.995834,-1.245965
80,Uganda,Western Region,Kiruhura District,NA,Kenshunga Subcounty,Rushere,1,NA,2020-07-20,2020-08-03,2020,July,1,0,HU,1,NA,1,Nyakarahuka_etal_2023,https://doi.org/10.4269/ajtmh.22-0410,NA,NA,30.862896,-0.176444
81,Uganda,Central Region,Ssembabule District,NA,Lugusulu Subcounty,Kyebando,1,0,2020-11-28,2020-12-31,2020,November,1,0,HU,2,NA,2,Aceng_etal_2023,https://doi.org/10.1186/s42522-023-00092-3,NA,NA,31.39609,-0.06351
82,Uganda,Western Region,Kiruhura District,NA,Kinoni Subcounty,Kasaana,1,0,2021-05-07,NA,2021,May,1,1,HU_LS,4,8,12,Cossaboom_etal_2022,https://doi.org/10.3201/eid2811.220364 ,NA,"Only counting recent, acute cases in Cossaboom et al. 2022; Additional data on livestock cases in: https://uniph.go.ug/rift-valley-fever-outbreak-kiruhura-district-uganda-june-2021/",31.0700292,-0.0603661
83,Uganda,Western Region,Kyegegwa District,NA,Kabweza Kyegegwa Subcounty,Bukere,1,NA,2021-08-01,2021-08-20,2021,August,1,0,HU,1,NA,1,UNIPH,https://uniph.go.ug/descriptive-analysis-of-rift-valley-fever-outbreaks-uganda-2016-2023/,NA,NA,31.09482,0.38333
84,Uganda,Western Region,Kagadi District,NA,Ruteete Subcounty,Kihura,1,NA,2022-01-02,2022-02-02,2022,January,1,1,HU_LS,2,1,3,UNIPH,https://uniph.go.ug/descriptive-analysis-of-rift-valley-fever-outbreaks-uganda-2016-2023/,NA,NA,30.800612,1.0121967
85,Uganda,Western Region,Mbarara District,NA,Rubindi Subcounty,Kama,1,NA,2022-05-10,2022-06-10,2022,May,1,0,HU,3,NA,3,UNIPH,https://uniph.go.ug/descriptive-analysis-of-rift-valley-fever-outbreaks-uganda-2016-2023/,NA,NA,30.550191,-0.373517
86,Tanzania,Morogoro Region,Kilombero District,NA,NA,NA,0,0,2011-05-01,2011-08-31,2011,May,0,1,LS,NA,9,9,Sumaye_etal_2013,https://doi.org/10.1371/journal.pntd.0002356,NA,Approximate location of outbreak determined by referencing Figure 1 in Sumaye et al. 2013,36.2336,-8.2828
NA,Tanzania,Kigoma Region,Kigoma District,NA,NA,NA,0,0,2011-05-01,2011-06-30,2011,May,0,1,LS,NA,1,1,Kifaro_etal_2014,http://dx.doi.org/10.4102/ojvr.v81i2.717 ,NA,"Some ambiguity about the date of sampling because September-October 2011 is also mentioned, but pretty confident these are the correct dates; Approximate location of outbreak determined by referencing Figure 1 in Kifaro et al. 2014",29.66,-4.8043
NA,Tanzania,Kigoma Region,Kibondo District,NA,NA,NA,0,0,2011-05-01,2011-06-30,2011,May,0,1,LS,NA,4,4,Kifaro_etal_2014,http://dx.doi.org/10.4102/ojvr.v81i2.717 ,NA,"Some ambiguity about the date of sampling because September-October 2011 is also mentioned, but pretty confident these are the correct dates; Approximate location of outbreak determined by referencing Figure 1 in Kifaro et al. 2014",30.4877,-3.5881
NA,Tanzania,Kigoma Region,Buhigwe District,NA,NA,NA,0,0,2011-05-01,2011-06-30,2011,May,0,1,LS,NA,3,3,Kifaro_etal_2014,http://dx.doi.org/10.4102/ojvr.v81i2.717 ,NA,"Some ambiguity about the date of sampling because September-October 2011 is also mentioned, but pretty confident these are the correct dates; Approximate location of outbreak determined by referencing Figure 1 in Kifaro et al. 2014",29.78823,-4.4284
87,Tanzania,Morogoro Region,Kilombero District,NA,NA,NA,0,0,2012-03-01,2012-08-31,2012,March,1,0,HU,16,NA,16,Sumaye_etal_2015,https://doi.org/10.1371/journal.pntd.0003536,NA,"Approximate location chosen to match that of the Sumaye et al. 2013 study, since Sumaye et al. 2015 mentions sampling in the same ""hotspots of RVF transmission in the livestock populations""",36.2336,-8.2828
88,Tanzania,Mara Region,Bunda District,NA,NA,NA,0,1,2014-08-01,2014-10-31,2014,August,1,0,HU,2,NA,2,Ahmed_etal_2018,https://doi.org/10.1186/s12879-018-3183-9,NA,A hospital-based study; Districts listed all had IgM-positive humans,34.00282362143272,-2.06837572625858
88,Tanzania,Mara Region,Serengeti District,NA,NA,NA,0,1,2014-08-01,2014-10-31,2014,August,1,0,HU,1,NA,1,Ahmed_etal_2018,https://doi.org/10.1186/s12879-018-3183-9,NA,A hospital-based study; Districts listed all had IgM-positive humans,34.42658942192144,-1.8780335874403358
88,Tanzania,Arusha Region,Ngorongoro District,NA,NA,NA,0,1,2014-08-01,2014-10-31,2014,August,1,0,HU,3,NA,3,Ahmed_etal_2018,https://doi.org/10.1186/s12879-018-3183-9,NA,A hospital-based study; Districts listed all had IgM-positive humans,35.209856697505074,-3.189421342793489
89,Tanzania,Morogoro Region,Morogoro District,NA,NA,NA,0,0,2014-06-01,2015-10-31,2014,June,0,1,LS,NA,27,27,Matiko_etal_2018,https://doi.org/10.1371/journal.pntd.0006931,NA,Approximate location of outbreak determined by referencing Figure 1 in Matiko et al. 2018 and placing location near IgM-positive villages,37.772134,-6.779623
90,Tanzania,Mbeya Region,Kyela District,NA,NA,NA,0,0,2014-06-01,2015-10-31,2014,June,0,1,LS,NA,3,3,Matiko_etal_2018,https://doi.org/10.1371/journal.pntd.0006931,NA,Approximate location of outbreak determined by referencing Figure 1 in Matiko et al. 2018 and placing location near IgM-positive villages,33.829551,-9.606575
NA,Tanzania,Mbeya Region,Kyela District,NA,NA,NA,0,0,2015-09-01,NA,2015,September,0,1,LS,NA,1,1,Salekwa_etal_2019,https://doi.org/10.4269/ajtmh.18-0798,NA,"Somewhat ambiguous, but the text seems to indicate that the Kyela District was the sole District sampled within the Mbeya Region",34.004358297100715,-9.500273651243585
92,Tanzania,Kilimanjaro Region,Moshi District,NA,NA,NA,0,0,2018-05-16,NA,2018,May,1,1,HU_LS,1,11,12,deGlanville_etal_2022,https://doi.org/10.1093/trstmh/trac076,NA,Livestock cases reported in Arusha Chini and Kindi Wards in de Glanville et al. 2022; Associated human case reported in Kilema Kusini Ward in Madut et al. 2024,37.35592209639443,-3.507197506210997
92,Tanzania,Kilimanjaro Region,Moshi Urban District,NA,NA,NA,0,0,2018-07-03,NA,2018,July,1,1,HU_LS,1,1,2,deGlanville_etal_2022,https://doi.org/10.1093/trstmh/trac076,NA,Livestock case reported in Rau Ward in de Glanville et al. 2022; Associated human case reported in Pasua Ward in Madut et al. 2024,37.32662506193898,-3.309332601600202
92,Tanzania,Kilimanjaro Region,Hai District,NA,NA,NA,0,0,2018-07-15,NA,2018,July,1,1,HU_LS,1,2,3,deGlanville_etal_2022,https://doi.org/10.1093/trstmh/trac076,NA,Livestock cases reported in Machame Mashariki Ward in de Glanville et al. 2022; Associated human case reported in Hai Mjini Ward in Madut et al. 2024,37.235973815209256,-3.210304237318166
NA,Tanzania,Manyara Region,Simanjiro District,NA,NA,NA,0,0,2018-07-01,NA,2018,July,1,0,HU,1,NA,1,Madut_etal_2024,https://doi.org/10.1093/infdis/jiae562 ,NA,"Assuming a July start date for this outbreak, but it's a little unclear",36.36293431700393,-4.130326653302449
93,Tanzania,Kigoma Region,Buhigwe District,NA,NA,NA,0,1,2018-06-01,2018-11-30,2018,June,1,0,HU,2,NA,2,Rugarabamu_etal_2021,https://doi.org/10.1016/j.ijid.2021.07.006,NA,Includes both community-based and health facility-based sampling; Additional case data attested in Rugarabamu et al. 2022 (assuming these two studies have distinct sampling pools),30.017772021940704,-4.366131484646702
94,Tanzania,Dar es Salaam Region,Kinondoni District,NA,NA,NA,0,1,2018-06-01,2018-11-30,2018,June,1,0,HU,6,NA,6,Rugarabamu_etal_2021,https://doi.org/10.1016/j.ijid.2021.07.006,NA,Includes both community-based and health facility-based sampling; Additional case data attested in Rugarabamu et al. 2022 (assuming these two studies have distinct sampling pools),39.22947536664084,-6.720245725587287
95,Tanzania,Morogoro Region,Mvomero District,NA,NA,NA,0,1,2018-06-01,2018-11-30,2018,June,1,0,HU,2,NA,2,Rugarabamu_etal_2021,https://doi.org/10.1016/j.ijid.2021.07.006,NA,Includes both community-based and health facility-based sampling; Additional case data attested in Rugarabamu et al. 2022 (assuming these two studies have distinct sampling pools),37.4022840009515,-6.746377574328503
96,Tanzania,Mbeya Region,Kyela District,NA,NA,NA,0,1,2018-06-01,2018-11-30,2018,June,1,0,HU,1,NA,1,Rugarabamu_etal_2021,https://doi.org/10.1016/j.ijid.2021.07.006,NA,Includes both community-based and health facility-based sampling,33.9057654319246,-9.618422596969166
97,Tanzania,Dodoma Region,Kondoa District,NA,NA,NA,0,1,2018-06-01,2018-11-30,2018,June,1,0,HU,2,NA,2,Rugarabamu_etal_2021,https://doi.org/10.1016/j.ijid.2021.07.006,NA,Includes both community-based and health facility-based sampling; Additional case data attested in Rugarabamu et al. 2022 (assuming these two studies have distinct sampling pools),35.96984868447317,-4.68482503205729
98,Tanzania,Tanga Region,Kilindi District,NA,NA,NA,0,1,2018-06-01,2018-11-30,2018,June,1,0,HU,2,NA,2,Rugarabamu_etal_2021,https://doi.org/10.1016/j.ijid.2021.07.006,NA,Includes both community-based and health facility-based sampling; Additional case data attested in Rugarabamu et al. 2022 (assuming these two studies have distinct sampling pools),37.37101484334503,-5.383405727304779
NA,Tanzania,Rukwa Region,Kalambo District,NA,NA,NA,0,1,2018-06-01,2018-11-30,2018,June,1,0,HU,1,NA,1,Rugarabamu_etal_2022,https://doi.org/10.1186/s40249-022-00959-z,NA,Health facility-based sampling,31.879227337345572,-8.533312839778638
NA,Tanzania,Mwanza Region,Ukerewe District,NA,NA,NA,0,1,2018-06-01,2018-11-30,2018,June,1,0,HU,1,NA,1,Rugarabamu_etal_2022,https://doi.org/10.1186/s40249-022-00959-z,NA,Health facility-based sampling,33.04079964167733,-2.094723077857287
100,Tanzania,Kilimanjaro Region,Moshi District,NA,NA,NA,0,0,2020-03-01,2020-06-30,2020,March,1,1,HU_LS,7,11,18,Kumalija_etal_2021,https://doi.org/10.1080/16549716.2021.1957554,NA,Approximate location of outbreak determined by referencing Figure 1 in Kumalija et al. 2021; Counting cases according to PCR data given in Table 4,37.36785,-3.557538
1,Kenya,Kiambu County,Kikuyu Subcounty,NA,NA,Kikuyu,1,NA,2008-09-23,NA,2008,September,0,1,LS,NA,5,5,Unpublished DVS records,NA,NA,NA,36.66138498,-1.2543279
NA,Kenya,"Tana River, Garissa County","Bura, Balambala, Dadaab, Dujis, Fafi Subcounty",NA,NA,NA,0,1,2009-02-01,2009-04-30,2009,February,1,0,HU,4,NA,4,Njenga_and_Bett_2019,https://doi.org/10.1007/s40588-018-0110-1,NA,Assuming a sampling catchment of five subcounties for Garissa Provincial Hospital,39.322017187282036,0.09531007337688373
2,Kenya,Kilifi County,Kaloleni Subcounty,NA,NA,Mariakani,1,NA,2009-09-03,2009-11-14,2009,September,0,1,LS,NA,22,22,Unpublished DVS records,NA,NA,NA,39.48186,-3.85792
3,Kenya,Garissa County,Ijara Subcounty,NA,NA,Kotile,1,0,2009-10-29,NA,2009,October,0,1,LS,NA,1,1,Lichoti_etal_2014,https://doi.org/10.1155/2014/379010,NA,Referencing Table 5 for positive animals,40.2063,-1.9658
4,Kenya,Garissa County,Ijara Subcounty,NA,NA,Sangailu,1,0,2009-10-28,NA,2009,October,0,1,LS,NA,1,1,Lichoti_etal_2014,https://doi.org/10.1155/2014/379010,NA,Referencing Table 5 for positive animals,40.7327,-1.3148
6,Kenya,Baringo County,Baringo South Subcounty,NA,NA,Salabani,1,0,2009-11-05,NA,2009,November,0,1,LS,NA,1,1,Lichoti_etal_2014,https://doi.org/10.1155/2014/379010,NA,Referencing Table 5 for positive animals,36.0501,0.5507
NA,Kenya,"Tana River, Garissa County","Bura, Balambala, Dadaab, Dujis, Fafi Subcounty",NA,NA,NA,0,1,2009-12-01,2010-02-28,2009,December,1,0,HU,4,NA,4,Njenga_and_Bett_2019,https://doi.org/10.1007/s40588-018-0110-1,NA,Assuming a sampling catchment of five subcounties for Garissa Provincial Hospital,39.329581493438596,-0.006468450410361608
7,Kenya,Machakos County,Machakos Town Subcounty,NA,NA,Machakos,1,NA,2010-10-06,NA,2010,October,0,1,LS,NA,5,5,Unpublished DVS records,NA,NA,NA,37.22608737,-1.58948027
8,Kenya,Kiambu County,Thika Town Subcounty,NA,NA,Thika,1,NA,2010-10-06,NA,2010,October,0,1,LS,NA,5,5,Unpublished DVS records,NA,NA,NA,37.1627001,-1.06595808
9,Kenya,Kiambu County,Ruiru Subcounty,NA,NA,Ruiru,1,NA,2010-10-06,NA,2010,October,0,1,LS,NA,1,1,Unpublished DVS records,NA,NA,NA,37.12083699,-1.20259546
10,Kenya,Nairobi County,Kasarani Subcounty,NA,NA,Kamulu,1,NA,2010-10-06,NA,2010,October,0,1,LS,NA,1,1,Unpublished DVS records,NA,NA,NA,37.06358,-1.28306
11,Kenya,Garissa County,Fafi Subcounty,NA,NA,Fafi,1,NA,2011-11-23,2012-01-07,2011,November,0,1,LS,NA,3,3,Unpublished DVS records,NA,NA,NA,40.25089758,-0.43266492
12,Kenya,Lamu County,Lamu West Subcounty,NA,NA,Witu,1,NA,2011-12-24,2012-01-07,2011,December,0,1,LS,NA,7,7,Unpublished DVS records,NA,NA,NA,40.43090174,-2.38248559
NA,Kenya,Garissa County,Fafi Subcounty,NA,NA,Fafi,1,0,2012-09-01,NA,2012,September,0,1,LS,NA,1,1,Owange_etal_2014,https://doi.org/10.1016/j.prevetmed.2014.08.008,NA,"Herd 1175, sampling #1; Information from Figure 1 and Table 1",40.026,-1.104
NA,Kenya,Garissa County,Ijara Subcounty,NA,NA,Masalani,1,0,2012-09-01,NA,2012,September,0,1,LS,NA,1,1,Owange_etal_2014,https://doi.org/10.1016/j.prevetmed.2014.08.008,NA,"Herd 1181, sampling #1; Information from Table 1",40.199,-1.6889
NA,Kenya,Garissa County,Ijara Subcounty,NA,NA,Gedulum,1,0,2012-12-01,NA,2012,December,0,1,LS,NA,1,1,Owange_etal_2014,https://doi.org/10.1016/j.prevetmed.2014.08.008,NA,"Herd 1178, sampling #2; Information from Figure 1 and Table 1",40.71971,-1.38431
NA,Kenya,Garissa County,Ijara Subcounty,NA,NA,Ijara,1,0,2012-12-01,NA,2012,December,0,1,LS,NA,4,4,Owange_etal_2014,https://doi.org/10.1016/j.prevetmed.2014.08.008,NA,"Herd 1179, sampling #2; Information from Figure 1 and Table 1",40.52,-1.5835
NA,Kenya,Garissa County,Ijara Subcounty,NA,NA,Gedulum,1,0,2013-02-01,NA,2013,February,0,1,LS,NA,2,2,Owange_etal_2014,https://doi.org/10.1016/j.prevetmed.2014.08.008,NA,"Herd 1178, sampling #3; Information from Figure 1 and Table 1",40.71971,-1.38431
NA,Kenya,Lamu County,Lamu West Subcounty,NA,NA,Witu,1,0,2013-05-01,NA,2013,May,0,1,LS,NA,2,2,Owange_etal_2014,https://doi.org/10.1016/j.prevetmed.2014.08.008,NA,"Herd 1172, sampling #4; Information from Figure 1 and Table 1",40.7558,-2.2104
NA,Kenya,Garissa County,Fafi Subcounty,NA,NA,Kamuthe,1,0,2013-05-01,NA,2013,May,0,1,LS,NA,2,2,Owange_etal_2014,https://doi.org/10.1016/j.prevetmed.2014.08.008,NA,"Herd 1174, sampling #4; Information from Figure 1 and Table 1",39.86329,-0.70585
NA,Kenya,Garissa County,Fafi Subcounty,NA,NA,Halei,1,0,2013-05-01,NA,2013,May,0,1,LS,NA,5,5,Owange_etal_2014,https://doi.org/10.1016/j.prevetmed.2014.08.008,NA,"Herd 1178, sampling #4 and herd 1179, sampling #4; Information from Figure 1 and Table 1",39.9916,-0.5974
NA,Kenya,Garissa County,Fafi Subcounty,NA,NA,Tana,0,0,2013-05-01,NA,2013,May,0,1,LS,NA,2,2,Owange_etal_2014,https://doi.org/10.1016/j.prevetmed.2014.08.008,NA,"Herd 1181, sampling #4; Not clear which Tana in Fafi Subcounty is being referred to, and herd 1181 is not shown on Figure 1",40.538483560125826,-1.1236994974490015
14,Kenya,Murang'a County,Kandara Subcounty,NA,NA,Ngararia,1,NA,2014-05-01,NA,2014,May,1,1,HU_LS,3,7,10,Unpublished KEMRI records,NA,NA,NA,37.02083493,-0.93262001
15,Kenya,Garissa County,Balambala Subcounty,NA,NA,Garissa,1,NA,2016-06-03,NA,2016,June,0,1,LS,NA,7,7,Unpublished KEMRI records,NA,NA,NA,39.59074632,-0.24856877
16,Kenya,Isiolo County,Isiolo North Subcounty,NA,NA,Saleti,1,0,2018-06-15,2018-07-30,2018,June,0,1,LS,NA,15,15,WAHIS,https://wahis.woah.org/#/in-event/2574/dashboard,1000101603,NA,38.611561,1.177155
17,Kenya,Isiolo County,Isiolo South Subcounty,NA,NA,Garbatulla,1,0,2018-06-19,2018-07-30,2018,June,0,1,LS,NA,12,12,WAHIS,https://wahis.woah.org/#/in-event/2574/dashboard,1000101604,NA,38.415522,0.549314
19,Kenya,Wajir County,Wajir North Subcounty,NA,NA,Basir,1,0,2018-05-01,2018-07-30,2018,May,0,1,LS,NA,25,25,WAHIS,https://wahis.woah.org/#/in-event/2574/dashboard,1000100918,"Based on information in Hassan et al. 2020 (10.4269/ajtmh.20-0387), setting the start date in Wajir County to May",39.027828,2.327758
20,Kenya,Wajir County,Eldas Subcounty,NA,NA,Eldas,1,0,2018-05-01,2018-07-30,2018,May,1,1,HU_LS,21,17,38,WAHIS,https://wahis.woah.org/#/in-event/2574/dashboard,1000101072,"Based on information in Hassan et al. 2020 (10.4269/ajtmh.20-0387), setting the start date in Wajir County to May; Arbitrarily assigning all Wajir County human cases reported in Hassan et al. 2020 to Eldas Subcounty",39.60631,2.492876
21,Kenya,Mandera County,Mandera South Subcounty,NA,NA,Elwak,1,0,2018-06-22,2018-07-30,2018,June,0,1,LS,NA,2,2,WAHIS,https://wahis.woah.org/#/in-event/2574/dashboard,1000102482,NA,40.913067,2.817387
22,Kenya,Marsabit County,Saku Subcounty,NA,NA,Marsabit,1,0,2018-06-01,2018-07-30,2018,June,1,1,HU_LS,8,18,26,WAHIS,https://wahis.woah.org/#/in-event/2574/dashboard,1000102478,Start date and human case data from Hassan et al. 2020 (10.4269/ajtmh.20-0387),37.869589,2.394153
23,Kenya,Tana River County,Garsen Subcounty,NA,NA,Dhidhe Ade,1,0,2018-06-20,2018-07-30,2018,June,1,1,HU_LS,NA,20,20,Daily Nation,https://reliefweb.int/report/kenya/quarantine-tana-delta-after-rift-valley-fever-outbreak,NA,Total human case count unclear,40.26515673,-2.5509187
24,Kenya,Tana River County,Bura Subcounty,NA,NA,Galole,1,0,2018-06-11,2018-07-30,2018,June,0,1,LS,NA,1,1,WAHIS,https://wahis.woah.org/#/in-event/2574/dashboard,1000101073,NA,39.952116,-1.284105
25,Kenya,Siaya County,Ugenya Subcounty,NA,NA,Siaya,1,0,2018-06-02,2018-07-30,2018,June,1,1,HU_LS,1,38,39,WAHIS,https://wahis.woah.org/#/in-event/2574/dashboard,1000101606,Start date and human case data from Hassan et al. 2020 (10.4269/ajtmh.20-0387),34.141077,0.198418
27,Kenya,Baringo County,Mogotio Subcounty,NA,NA,Mogotio,1,0,2018-06-29,2018-07-30,2018,June,0,1,LS,NA,1,1,WAHIS,https://wahis.woah.org/#/in-event/2574/dashboard,1000102477,NA,36.067303,0.24718300000000001
28,Kenya,Meru County,Igembe South Subcounty,NA,NA,Igembe Central,1,0,2018-07-02,2018-07-30,2018,July,0,1,LS,NA,1,1,WAHIS,https://wahis.woah.org/#/in-event/2574/dashboard,1000102483,NA,37.952045,0.237924
29,Kenya,Murang'a County,Kiharu Subcounty,NA,NA,Kihingo,1,0,2019-01-25,2019-03-21,2019,January,0,1,LS,NA,4,4,WAHIS,https://wahis.woah.org/#/in-event/2824/dashboard,1000111864,NA,37.087673,-0.721406
30,Kenya,Nyandarua County,Ndaragwa Subcounty,NA,NA,Rurii,1,NA,2019-01-24,2019-03-21,2019,January,1,1,HU_LS,15,1,16,Unpublished KEMRI records,NA,NA,NA,36.37819305,-0.21193184
31,Kenya,Nyandarua County,Ol Kalou Subcounty,NA,NA,Karau,1,NA,2019-01-24,2019-03-21,2019,January,1,1,HU_LS,NA,1,1,Unpublished KEMRI records,NA,NA,Total human case count unclear,36.33845537,-0.31679704
32,Kenya,Nyandarua County,Ndaragwa Subcounty,NA,NA,Shamata,1,0,2019-02-25,2019-03-21,2019,February,0,1,LS,NA,5,5,WAHIS,https://wahis.woah.org/#/in-event/2824/dashboard,1000111865,NA,36.498871,-0.195548
33,Kenya,Isiolo County,Isiolo South Subcounty,Sericho Ward,NA,Eresa Boru,1,0,2020-11-19,2021-03-18,2020,November,1,1,HU_LS,NA,24,24,WAHIS,https://wahis.woah.org/#/in-event/3491/dashboard,1000143195,Additional information derived from WHO report (https://www.who.int/emergencies/disease-outbreak-news/item/2021-DON311) where this outbreak is referred to as occurring in Garbatulla Subcounty; Total human case count in Isiolo South (Garbatulla) unclear,38.781515,1.038371
34,Kenya,Isiolo County,Isiolo North Subcounty,Cherab Ward,NA,Korbesa,1,0,2020-11-19,2021-03-18,2020,November,1,1,HU_LS,NA,20,20,WAHIS,https://wahis.woah.org/#/in-event/3491/dashboard,1000144227,Additional information derived from WHO report (https://www.who.int/emergencies/disease-outbreak-news/item/2021-DON311) where Korbesa is described as being within Merti Subcounty; Total human case count in Isiolo North (Merti) unclear,38.78781,1.210698
35,Kenya,Garissa County,Balambala Subcounty,Danyere Ward,NA,Danyere,1,0,2020-12-07,2021-03-18,2020,December,0,1,LS,NA,1,1,WAHIS,https://wahis.woah.org/#/in-event/3491/dashboard,1000143196,"Additional information derived from WHO report (https://www.who.int/emergencies/disease-outbreak-news/item/2021-DON311); Coordinates given by WAHIS fall within Danyere Ward, not Jara Jara Ward, as indicated in the WAHIS event",38.850756,0.307889
36,Kenya,Garissa County,Ijara Subcounty,Masalani Ward,NA,Qalaqal,1,0,2020-12-07,2021-03-18,2020,December,0,1,LS,NA,3,3,WAHIS,https://wahis.woah.org/#/in-event/3491/dashboard,1000143198,Additional information derived from WHO report (https://www.who.int/emergencies/disease-outbreak-news/item/2021-DON311),40.240787,-1.627194
37,Kenya,Mandera County,Mandera North Subcounty,Rhamu-Dimtu Ward,NA,Yabicho,1,0,2021-01-22,2021-03-18,2021,January,1,1,HU_LS,2,2,4,WAHIS,https://wahis.woah.org/#/in-event/3491/dashboard,1000146374,Additional information derived from WHO report (https://www.who.int/emergencies/disease-outbreak-news/item/2021-DON311) where the human portion of this outbreak is described from Kalmalab in Mandera North Subcounty,41.09124,3.821088
38,Kenya,Murang'a County,Gatanga Subcounty,Kihumbu-Ini Ward,NA,Kihumbu-Ini,1,0,2020-12-29,2021-03-18,2020,December,0,1,LS,NA,NA,NA,WHO,https://www.who.int/emergencies/disease-outbreak-news/item/2021-DON311,NA,Total livestock case count unclear,36.98083414,-0.93262002
39,Kenya,Murang'a County,Kandara Subcounty,Ng'Araria Ward,NA,Ngararia,1,0,2021-01-19,2021-03-18,2021,January,0,1,LS,NA,6,6,WAHIS,https://wahis.woah.org/#/in-event/3491/dashboard,1000145035,Additional information derived from WHO report (https://www.who.int/emergencies/disease-outbreak-news/item/2021-DON311),37.019834,-0.934632
40,Kenya,Kiambu County,Kikuyu Subcounty,NA,NA,Kikuyu,1,0,2021-06-14,2021-08-20,2021,June,0,1,LS,NA,5,5,WAHIS,https://wahis.woah.org/#/in-event/3841/dashboard,ob_87960,I believe this same outbreak event is captured in Juma et al. 2022 (https://doi.org/10.1186/s12864-022-08764-6) which describes 5 IgM-positive cattle sampled in Kiambu county in July 2021; So at least 5 positive animals were involved in the outbreak event in this area,36.6601,-1.2396
NA,Kenya,Wajir County,Eldas Subcounty,NA,NA,NA,0,0,2021-07-01,2021-08-31,2021,July,0,1,LS,NA,1,1,Omani_etal_2024,https://doi.org/10.1016/j.onehlt.2024.100921,NA,"Although the sampling started in June 2021, discussion of the single IgM-positive animal mentions July 2021 as the ""time of sampling"", hence the coding of the outbreak start date",39.84700210347881,1.9857939456774905
NA,Kenya,Isiolo County,Isiolo South Subcounty,NA,NA,NA,0,0,2021-07-01,2021-08-31,2021,July,0,1,LS,NA,4,4,Muturi_etal_2023,https://doi.org/10.1038/s41598-023-42596-y,NA,NA,39.02026182008027,0.9235661785710654
41,Kenya,Nyandarua County,NA,NA,NA,NA,0,0,2020-10-01,NA,2020,October,0,1,LS,NA,3,3,Wanjama_etal_2022,https://www.researchgate.net/profile/James-Kabugu/publication/366836264_Sero-epidemiological_survey_of_Rift_Valley_Fever_virus_in_ruminants_in_Nyandarua_County_Kenya/links/63b435a8a03100368a4df2e1/Sero-epidemiological-survey-of-Rift-Valley-Fever-virus-in-ruminants-in-Nyandarua-County-Kenya.pdf,NA,Outbreak timing coded as occurring between the two sampling events; Not clear when the IgM-positive animals were sampled,36.63981744277574,-0.7650533283162865
NA,Uganda,Northern Region,Kitgum District,NA,NA,NA,0,0,2010-12-01,NA,2010,December,0,1,LS,NA,1,1,Ndumu_etal_2021,https://doi.org/10.1186/s12917-021-02867-0,NA,Some ambiguity in the manuscript about whether the samples were collected starting in November 2010 or December 2010,32.98556288616048,3.376804251337709
42,Uganda,Western Region,Kabale District,NA,Kamuganguzi Subcounty,Omururinda,1,0,2016-02-10,NA,2016,February,1,1,HU_LS,1,1,2,Shoemaker_etal_2019,https://doi.org/10.4269/ajtmh.18-0732,1000070693,"Captures acute case 2 (AC2) and the single confirmed livestock case; Livestock case is also attested to by a WAHIS event (https://wahis.woah.org/#/in-event/1922/dashboard) where the village is referred to as Kashenyi, immediately adjacent to Omururinda; Note that the coordinates for Kashenyi given in the WAHIS event appear to be inaccurate",29.9924701,-1.3299139
43,Uganda,Western Region,Kabale District,NA,Northern Division,Upper Bugongi,1,0,2016-03-02,NA,2016,March,1,0,HU,1,NA,1,Shoemaker_etal_2019,https://doi.org/10.4269/ajtmh.18-0732,NA,Captures acute case 1 (AC1),29.995927,-1.232273
NA,Uganda,Western Region,Kabale District,NA,Rubaya Subcounty,Mushenyi,1,0,2016-03-03,NA,2016,March,1,0,HU,1,NA,1,Shoemaker_etal_2019,https://doi.org/10.4269/ajtmh.18-0732,NA,Captures acute case 3 (AC3),29.9868397,-1.4472344
44,Uganda,Western Region,Kabale District,NA,Southern Division,Rushaki,1,0,2016-06-02,NA,2016,June,1,0,HU,1,NA,1,Shoemaker_etal_2019,https://doi.org/10.4269/ajtmh.18-0732,NA,Captures acute case 4 (AC4),30.0052505,-1.2592782
NA,Uganda,Western Region,Kabale District,NA,NA,NA,0,0,2016-04-01,2016-04-30,2016,April,1,0,HU,10,NA,10,Nyakarahuka_etal_2018,https://doi.org/10.1371/journal.pntd.0006412,NA,Assuming this data is distinct from that reported by Shoemaker et al. 2019,29.990363144244924,-1.3034424150528408
45,Uganda,Western Region,Isingiro District,NA,Mbaare Subcounty,Katojo Central,1,NA,2018-07-03,NA,2018,July,1,0,HU,3,NA,3,Nyakarahuka_etal_2023,https://doi.org/10.4269/ajtmh.22-0410,NA,NA,30.9719902,-0.8682045
46,Uganda,Central Region,Kiboga District,NA,Kibiga Subcounty,Busakya,1,0,2017-11-14,NA,2017,November,1,0,HU,1,NA,1,Birungi_etal_2021,https://doi.org/10.1155/2021/8881191,NA,Start date information from Table 1,31.7522425,0.8918558
47,Uganda,Central Region,Mityana District,NA,NA,NA,0,0,2017-11-16,NA,2017,November,1,0,HU,1,NA,1,Birungi_etal_2021,https://doi.org/10.1155/2021/8881191,NA,No information given in paper regarding specific village location,32.091800674984505,0.34717277588982864
48,Uganda,Western Region,Kiruhura District,NA,Kanyaryeru Subcounty,Rushororo,1,0,2017-11-18,NA,2017,November,1,0,HU,4,NA,4,Birungi_etal_2021,https://doi.org/10.1155/2021/8881191,NA,Additional information: https://uniph.go.ug/rift-valley-fever-outbreak-caused-by-handling-a-dead-calf-kiruhura-district-2017-2018/,30.9425875,-0.5073751
49,Uganda,Central Region,Kyankwanzi District,NA,Butemba Town Council,Bukwiri,1,NA,2017-12-14,2018-01-04,2017,December,1,0,HU,1,NA,1,Nyakarahuka_etal_2023,https://doi.org/10.4269/ajtmh.22-0410,NA,NA,31.596401,1.126574
50,Uganda,Central Region,Buikwe District,NA,Kawolo Subcounty,Vvumba,1,0,2018-01-07,NA,2018,January,1,0,HU,1,NA,1,Birungi_etal_2021,https://doi.org/10.1155/2021/8881191,NA,Village may also be known as Vumba,32.9,0.3
51,Uganda,Northern Region,Yumbe District,NA,Ariwa Subcounty,Ariwa II refugee camp zone 5,1,NA,2018-01-19,2018-02-07,2018,January,1,0,HU,1,NA,1,Nyakarahuka_etal_2023,https://doi.org/10.4269/ajtmh.22-0410,NA,NA,31.4071817,3.2428225
52,Uganda,Western Region,Rwampara District,NA,Bugamba Subcounty,Bugamba,1,NA,2018-06-08,2018-08-24,2018,June,1,0,HU,1,NA,1,Nyakarahuka_etal_2023,https://doi.org/10.4269/ajtmh.22-0410,NA,NA,30.48719,-0.709031
53,Uganda,Western Region,Ibanda District,NA,Bufunda Division,NA,1,NA,2018-06-18,2018-07-20,2018,June,1,0,HU,1,NA,1,Nyakarahuka_etal_2023,https://doi.org/10.4269/ajtmh.22-0410,NA,NA,30.53012239,-0.09016975
54,Uganda,Western Region,Kasese District,NA,Munkunyu Subcounty,NA,1,NA,2018-06-20,2018-07-07,2018,June,1,0,HU,1,NA,1,Nyakarahuka_etal_2023,https://doi.org/10.4269/ajtmh.22-0410,NA,NA,29.857045,0.01362694
55,Uganda,Western Region,Isingiro District,NA,Masha Subcounty,Kabare,1,NA,2018-06-22,2018-07-20,2018,June,1,0,HU,4,NA,4,Nyakarahuka_etal_2023,https://doi.org/10.4269/ajtmh.22-0410,NA,Village may also be known as Kabaare,30.718193,-0.664144
56,Uganda,Central Region,Ssembabule District,NA,Lwebitakuli Subcounty,NA,1,NA,2018-07-01,2018-08-01,2018,July,1,0,HU,1,NA,1,Nyakarahuka_etal_2023,https://doi.org/10.4269/ajtmh.22-0410,NA,NA,31.34864797,-0.25844587
57,Uganda,Western Region,Isingiro District,NA,Kashumba Subcounty,NA,1,NA,2018-07-03,2018-08-24,2018,July,1,0,HU,1,NA,1,Nyakarahuka_etal_2023,https://doi.org/10.4269/ajtmh.22-0410,NA,NA,30.9563515,-0.8892447
58,Uganda,Western Region,Isingiro District,NA,Rugaaga Subcounty,Nakivale,1,NA,2018-07-03,2018-07-20,2018,July,1,0,HU,1,NA,1,Nyakarahuka_etal_2023,https://doi.org/10.4269/ajtmh.22-0410,NA,NA,30.94943771,-0.771338167
59,Uganda,Western Region,Isingiro District,NA,Kashumba Subcounty,Kashumba,1,NA,2018-07-05,2018-08-24,2018,July,1,0,HU,3,NA,3,Nyakarahuka_etal_2023,https://doi.org/10.4269/ajtmh.22-0410,NA,NA,30.949304,-0.903845
60,Uganda,Central Region,Masaka District,NA,Kkingo Subcounty,Kasaana B,1,NA,2018-07-09,2018-08-03,2018,July,1,0,HU,1,NA,1,Nyakarahuka_etal_2023,https://doi.org/10.4269/ajtmh.22-0410,NA,NA,31.623002,-0.303224
61,Uganda,Central Region,Mubende District,NA,Kigando Subcounty,Bubanda,1,NA,2018-07-10,2018-08-10,2018,July,1,0,HU,1,NA,1,Nyakarahuka_etal_2023,https://doi.org/10.4269/ajtmh.22-0410,NA,NA,31.26666682,0.266838647
62,Uganda,Western Region,Rwampara District,NA,Bugamba Subcounty,Rurengye,1,NA,2018-07-10,2018-07-30,2018,July,1,0,HU,1,NA,1,Nyakarahuka_etal_2023,https://doi.org/10.4269/ajtmh.22-0410,NA,NA,30.503668,-0.729509
63,Uganda,Western Region,Isingiro District,NA,Kikagate Subcounty,Kizibale,1,NA,2018-07-14,2018-08-07,2018,July,1,0,HU,1,NA,1,Nyakarahuka_etal_2023,https://doi.org/10.4269/ajtmh.22-0410,NA,NA,30.661807,-1.034086
64,Uganda,Western Region,Sheema District,NA,Kagango Division,Kasozi,1,NA,2018-07-19,2018-08-11,2018,July,1,0,HU,1,NA,1,Nyakarahuka_etal_2023,https://doi.org/10.4269/ajtmh.22-0410,NA,NA,30.392695,-0.642397
65,Uganda,Western Region,Isingiro District,NA,Kashumba Subcounty,Kashumba,1,NA,2018-07-19,2018-08-14,2018,July,1,0,HU,1,NA,1,Nyakarahuka_etal_2023,https://doi.org/10.4269/ajtmh.22-0410,NA,NA,30.948346,-0.903202
66,Uganda,Western Region,Isingiro District,NA,Nyakitunda Subcounty,Rwamuhunga,1,NA,2018-07-29,2018-08-19,2018,July,1,0,HU,1,NA,1,Nyakarahuka_etal_2023,https://doi.org/10.4269/ajtmh.22-0410,NA,NA,30.738107,-0.924658
68,Uganda,Western Region,Kiruhura District,NA,Sanga Town Council,Nyankumba,1,NA,2018-08-07,2018-08-29,2018,August,1,0,HU,2,NA,2,Nyakarahuka_etal_2023,https://doi.org/10.4269/ajtmh.22-0410,NA,NA,30.908201,-0.501662
69,Uganda,Central Region,Rakai District,NA,Kacheera Subcounty,Kakyera,1,NA,2018-08-08,2018-08-24,2018,August,1,0,HU,1,NA,1,Nyakarahuka_etal_2023,https://doi.org/10.4269/ajtmh.22-0410,NA,NA,31.18753748,-0.594695726
70,Uganda,Eastern Region,Namutumba District,NA,Busembatia Town Council,Kasabuli,1,NA,2018-07-25,2018-08-20,2018,July,1,0,HU,1,NA,1,Nyakarahuka_etal_2023,https://doi.org/10.4269/ajtmh.22-0410,NA,NA,33.623679,0.77964
NA,Uganda,Western Region,Isingiro District,NA,Kashumba Subcounty,Nakivale,1,0,2018-08-08,NA,2018,August,0,1,LS,NA,24,24,WAHIS,https://wahis.woah.org/#/in-event/2666/dashboard,1000104694,NA,30.929099,-0.7898187
NA,Uganda,Western Region,Mbarara District,NA,Kashare Subcounty,Mutonto,1,0,2018-08-12,NA,2018,August,0,1,LS,NA,12,12,WAHIS,https://wahis.woah.org/#/in-event/2666/dashboard,1000104698,Not using coordinates provided by WAHIS as these map to the city of Mbarara; Instead using coordinates for Mutonto itself,30.65,-0.383333
NA,Uganda,Central Region,Lyantonde District,NA,Lyantonde Town Council,Lyantonde,1,0,2018-09-02,NA,2018,September,0,1,LS,NA,20,20,WAHIS,https://wahis.woah.org/#/in-event/2666/dashboard,1000104697,NA,31.1535628,-0.4064197
71,Uganda,Western Region,Kiryandongo District,NA,Kiryandongo Subcounty,Mirima,1,NA,2019-03-03,2019-03-29,2019,March,1,0,HU,1,NA,1,Nyakarahuka_etal_2023,https://doi.org/10.4269/ajtmh.22-0410,NA,NA,32.15906437,1.897241385
72,Uganda,Western Region,Kasese District,NA,Central Division,Salute B,1,NA,2019-05-30,2019-06-30,2019,May,1,0,HU,1,NA,1,Nyakarahuka_etal_2023,https://doi.org/10.4269/ajtmh.22-0410,NA,NA,30.0653,0.179042
74,Uganda,Northern Region,Obongi District,NA,Itula Subcounty,Pasu,1,NA,2019-11-20,2019-12-10,2019,November,1,0,HU,1,NA,1,Nyakarahuka_etal_2023,https://doi.org/10.4269/ajtmh.22-0410,NA,Village may also be known as Passu,31.546031,3.481613
75,Uganda,Western Region,Ntoroko District,NA,Nombe Subcounty,Kimara,1,NA,2019-12-04,2019-12-18,2019,December,1,0,HU,1,NA,1,Nyakarahuka_etal_2023,https://doi.org/10.4269/ajtmh.22-0410,NA,NA,30.413979,1.07504644
76,Uganda,Central Region,Kampala District,NA,Kira Division,Kasokozo,1,NA,2020-02-02,2020-03-20,2020,February,1,0,HU,2,NA,2,Nyakarahuka_etal_2023,https://doi.org/10.4269/ajtmh.22-0410,NA,NA,32.631177,0.42807
77,Uganda,Central Region,Kyankwanzi District,NA,Kyankwanzi Town Council,Kitegwa,1,NA,2020-02-12,2020-03-10,2020,February,1,0,HU,1,NA,1,Nyakarahuka_etal_2023,https://doi.org/10.4269/ajtmh.22-0410,NA,NA,31.882801,1.183394
78,Uganda,Central Region,Lake Victoria District,NA,Bussi Subcounty,Gulwe,1,NA,2020-03-04,2020-03-24,2020,March,1,0,HU,1,NA,1,Nyakarahuka_etal_2023,https://doi.org/10.4269/ajtmh.22-0410,NA,"Outbreak actually occurred on Kava Island, as indicated by the GPS coordinates",32.366674,-0.015864
79,Uganda,Western Region,Kabale District,NA,Central Division,Kigongi A,1,NA,2020-07-08,2020-08-14,2020,July,1,0,HU,1,NA,1,Nyakarahuka_etal_2023,https://doi.org/10.4269/ajtmh.22-0410,NA,NA,29.995834,-1.245965
80,Uganda,Western Region,Kiruhura District,NA,Kenshunga Subcounty,Rushere,1,NA,2020-07-20,2020-08-03,2020,July,1,0,HU,1,NA,1,Nyakarahuka_etal_2023,https://doi.org/10.4269/ajtmh.22-0410,NA,NA,30.862896,-0.176444
81,Uganda,Central Region,Ssembabule District,NA,Lugusulu Subcounty,Kyebando,1,0,2020-11-28,2020-12-31,2020,November,1,0,HU,2,NA,2,Aceng_etal_2023,https://doi.org/10.1186/s42522-023-00092-3,NA,NA,31.39609,-0.06351
82,Uganda,Western Region,Kiruhura District,NA,Kinoni Subcounty,Kasaana,1,0,2021-05-07,NA,2021,May,1,1,HU_LS,4,8,12,Cossaboom_etal_2022,https://doi.org/10.3201/eid2811.220364 ,NA,"Only counting recent, acute cases in Cossaboom et al. 2022; Additional data on livestock cases in: https://uniph.go.ug/rift-valley-fever-outbreak-kiruhura-district-uganda-june-2021/",31.0700292,-0.0603661
83,Uganda,Western Region,Kyegegwa District,NA,Kabweza Kyegegwa Subcounty,Bukere,1,NA,2021-08-01,2021-08-20,2021,August,1,0,HU,1,NA,1,UNIPH,https://uniph.go.ug/descriptive-analysis-of-rift-valley-fever-outbreaks-uganda-2016-2023/,NA,NA,31.09482,0.38333
84,Uganda,Western Region,Kagadi District,NA,Ruteete Subcounty,Kihura,1,NA,2022-01-02,2022-02-02,2022,January,1,1,HU_LS,2,1,3,UNIPH,https://uniph.go.ug/descriptive-analysis-of-rift-valley-fever-outbreaks-uganda-2016-2023/,NA,NA,30.800612,1.0121967
85,Uganda,Western Region,Mbarara District,NA,Rubindi Subcounty,Kama,1,NA,2022-05-10,2022-06-10,2022,May,1,0,HU,3,NA,3,UNIPH,https://uniph.go.ug/descriptive-analysis-of-rift-valley-fever-outbreaks-uganda-2016-2023/,NA,NA,30.550191,-0.373517
86,Tanzania,Morogoro Region,Kilombero District,NA,NA,NA,0,0,2011-05-01,2011-08-31,2011,May,0,1,LS,NA,9,9,Sumaye_etal_2013,https://doi.org/10.1371/journal.pntd.0002356,NA,Approximate location of outbreak determined by referencing Figure 1 in Sumaye et al. 2013,36.2336,-8.2828
NA,Tanzania,Kigoma Region,Kigoma District,NA,NA,NA,0,0,2011-05-01,2011-06-30,2011,May,0,1,LS,NA,1,1,Kifaro_etal_2014,http://dx.doi.org/10.4102/ojvr.v81i2.717 ,NA,"Some ambiguity about the date of sampling because September-October 2011 is also mentioned, but pretty confident these are the correct dates; Approximate location of outbreak determined by referencing Figure 1 in Kifaro et al. 2014",29.66,-4.8043
NA,Tanzania,Kigoma Region,Kibondo District,NA,NA,NA,0,0,2011-05-01,2011-06-30,2011,May,0,1,LS,NA,4,4,Kifaro_etal_2014,http://dx.doi.org/10.4102/ojvr.v81i2.717 ,NA,"Some ambiguity about the date of sampling because September-October 2011 is also mentioned, but pretty confident these are the correct dates; Approximate location of outbreak determined by referencing Figure 1 in Kifaro et al. 2014",30.4877,-3.5881
NA,Tanzania,Kigoma Region,Buhigwe District,NA,NA,NA,0,0,2011-05-01,2011-06-30,2011,May,0,1,LS,NA,3,3,Kifaro_etal_2014,http://dx.doi.org/10.4102/ojvr.v81i2.717 ,NA,"Some ambiguity about the date of sampling because September-October 2011 is also mentioned, but pretty confident these are the correct dates; Approximate location of outbreak determined by referencing Figure 1 in Kifaro et al. 2014",29.78823,-4.4284
87,Tanzania,Morogoro Region,Kilombero District,NA,NA,NA,0,0,2012-03-01,2012-08-31,2012,March,1,0,HU,16,NA,16,Sumaye_etal_2015,https://doi.org/10.1371/journal.pntd.0003536,NA,"Approximate location chosen to match that of the Sumaye et al. 2013 study, since Sumaye et al. 2015 mentions sampling in the same ""hotspots of RVF transmission in the livestock populations""",36.2336,-8.2828
88,Tanzania,Mara Region,Bunda District,NA,NA,NA,0,1,2014-08-01,2014-10-31,2014,August,1,0,HU,2,NA,2,Ahmed_etal_2018,https://doi.org/10.1186/s12879-018-3183-9,NA,A hospital-based study; Districts listed all had IgM-positive humans,34.15395158683404,-2.0771504195727832
88,Tanzania,Mara Region,Serengeti District,NA,NA,NA,0,1,2014-08-01,2014-10-31,2014,August,1,0,HU,1,NA,1,Ahmed_etal_2018,https://doi.org/10.1186/s12879-018-3183-9,NA,A hospital-based study; Districts listed all had IgM-positive humans,34.684816924506116,-2.1724414699944123
88,Tanzania,Arusha Region,Ngorongoro District,NA,NA,NA,0,1,2014-08-01,2014-10-31,2014,August,1,0,HU,3,NA,3,Ahmed_etal_2018,https://doi.org/10.1186/s12879-018-3183-9,NA,A hospital-based study; Districts listed all had IgM-positive humans,35.230926298252996,-3.26697027003307
89,Tanzania,Morogoro Region,Morogoro District,NA,NA,NA,0,0,2014-06-01,2015-10-31,2014,June,0,1,LS,NA,27,27,Matiko_etal_2018,https://doi.org/10.1371/journal.pntd.0006931,NA,Approximate location of outbreak determined by referencing Figure 1 in Matiko et al. 2018 and placing location near IgM-positive villages,37.772134,-6.779623
90,Tanzania,Mbeya Region,Kyela District,NA,NA,NA,0,0,2014-06-01,2015-10-31,2014,June,0,1,LS,NA,3,3,Matiko_etal_2018,https://doi.org/10.1371/journal.pntd.0006931,NA,Approximate location of outbreak determined by referencing Figure 1 in Matiko et al. 2018 and placing location near IgM-positive villages,33.829551,-9.606575
NA,Tanzania,Mbeya Region,Kyela District,NA,NA,NA,0,0,2015-09-01,NA,2015,September,0,1,LS,NA,1,1,Salekwa_etal_2019,https://doi.org/10.4269/ajtmh.18-0798,NA,"Somewhat ambiguous, but the text seems to indicate that the Kyela District was the sole District sampled within the Mbeya Region",34.02678004597767,-9.46941086041297
92,Tanzania,Kilimanjaro Region,Moshi District,NA,NA,NA,0,0,2018-05-16,NA,2018,May,1,1,HU_LS,1,11,12,deGlanville_etal_2022,https://doi.org/10.1093/trstmh/trac076,NA,Livestock cases reported in Arusha Chini and Kindi Wards in de Glanville et al. 2022; Associated human case reported in Kilema Kusini Ward in Madut et al. 2024,37.45652979609774,-3.506256244380067
92,Tanzania,Kilimanjaro Region,Moshi Urban District,NA,NA,NA,0,0,2018-07-03,NA,2018,July,1,1,HU_LS,1,1,2,deGlanville_etal_2022,https://doi.org/10.1093/trstmh/trac076,NA,Livestock case reported in Rau Ward in de Glanville et al. 2022; Associated human case reported in Pasua Ward in Madut et al. 2024,37.34392521878251,-3.363742814233506
92,Tanzania,Kilimanjaro Region,Hai District,NA,NA,NA,0,0,2018-07-15,NA,2018,July,1,1,HU_LS,1,2,3,deGlanville_etal_2022,https://doi.org/10.1093/trstmh/trac076,NA,Livestock cases reported in Machame Mashariki Ward in de Glanville et al. 2022; Associated human case reported in Hai Mjini Ward in Madut et al. 2024,37.10188753862541,-3.4528659119770446
NA,Tanzania,Manyara Region,Simanjiro District,NA,NA,NA,0,0,2018-07-01,NA,2018,July,1,0,HU,1,NA,1,Madut_etal_2024,https://doi.org/10.1093/infdis/jiae562 ,NA,"Assuming a July start date for this outbreak, but it's a little unclear",37.33775865129196,-4.414332962386272
93,Tanzania,Kigoma Region,Buhigwe District,NA,NA,NA,0,1,2018-06-01,2018-11-30,2018,June,1,0,HU,2,NA,2,Rugarabamu_etal_2021,https://doi.org/10.1016/j.ijid.2021.07.006,NA,Includes both community-based and health facility-based sampling; Additional case data attested in Rugarabamu et al. 2022 (assuming these two studies have distinct sampling pools),30.07914300704376,-4.368880669124711
94,Tanzania,Dar es Salaam Region,Kinondoni District,NA,NA,NA,0,1,2018-06-01,2018-11-30,2018,June,1,0,HU,6,NA,6,Rugarabamu_etal_2021,https://doi.org/10.1016/j.ijid.2021.07.006,NA,Includes both community-based and health facility-based sampling; Additional case data attested in Rugarabamu et al. 2022 (assuming these two studies have distinct sampling pools),39.071714558703086,-6.63804259438393
95,Tanzania,Morogoro Region,Mvomero District,NA,NA,NA,0,1,2018-06-01,2018-11-30,2018,June,1,0,HU,2,NA,2,Rugarabamu_etal_2021,https://doi.org/10.1016/j.ijid.2021.07.006,NA,Includes both community-based and health facility-based sampling; Additional case data attested in Rugarabamu et al. 2022 (assuming these two studies have distinct sampling pools),37.52083506460492,-6.03268604836803
96,Tanzania,Mbeya Region,Kyela District,NA,NA,NA,0,1,2018-06-01,2018-11-30,2018,June,1,0,HU,1,NA,1,Rugarabamu_etal_2021,https://doi.org/10.1016/j.ijid.2021.07.006,NA,Includes both community-based and health facility-based sampling,33.81085859467404,-9.549204544606432
97,Tanzania,Dodoma Region,Kondoa District,NA,NA,NA,0,1,2018-06-01,2018-11-30,2018,June,1,0,HU,2,NA,2,Rugarabamu_etal_2021,https://doi.org/10.1016/j.ijid.2021.07.006,NA,Includes both community-based and health facility-based sampling; Additional case data attested in Rugarabamu et al. 2022 (assuming these two studies have distinct sampling pools),35.93971931964275,-4.743286436233393
98,Tanzania,Tanga Region,Kilindi District,NA,NA,NA,0,1,2018-06-01,2018-11-30,2018,June,1,0,HU,2,NA,2,Rugarabamu_etal_2021,https://doi.org/10.1016/j.ijid.2021.07.006,NA,Includes both community-based and health facility-based sampling; Additional case data attested in Rugarabamu et al. 2022 (assuming these two studies have distinct sampling pools),37.56083289611726,-5.074503152995358
NA,Tanzania,Rukwa Region,Kalambo District,NA,NA,NA,0,1,2018-06-01,2018-11-30,2018,June,1,0,HU,1,NA,1,Rugarabamu_etal_2022,https://doi.org/10.1186/s40249-022-00959-z,NA,Health facility-based sampling,31.08880277856749,-8.261046970600754
NA,Tanzania,Mwanza Region,Ukerewe District,NA,NA,NA,0,1,2018-06-01,2018-11-30,2018,June,1,0,HU,1,NA,1,Rugarabamu_etal_2022,https://doi.org/10.1186/s40249-022-00959-z,NA,Health facility-based sampling,32.93407747257195,-1.960415894127322
100,Tanzania,Kilimanjaro Region,Moshi District,NA,NA,NA,0,0,2020-03-01,2020-06-30,2020,March,1,1,HU_LS,7,11,18,Kumalija_etal_2021,https://doi.org/10.1080/16549716.2021.1957554,NA,Approximate location of outbreak determined by referencing Figure 1 in Kumalija et al. 2021; Counting cases according to PCR data given in Table 4,37.36785,-3.557538
1,Kenya,Kiambu County,Kikuyu Subcounty,NA,NA,Kikuyu,1,NA,2008-09-23,NA,2008,September,0,1,LS,NA,5,5,Unpublished DVS records,NA,NA,NA,36.66138498,-1.2543279
NA,Kenya,"Tana River, Garissa County","Bura, Balambala, Dadaab, Dujis, Fafi Subcounty",NA,NA,NA,0,1,2009-02-01,2009-04-30,2009,February,1,0,HU,4,NA,4,Njenga_and_Bett_2019,https://doi.org/10.1007/s40588-018-0110-1,NA,Assuming a sampling catchment of five subcounties for Garissa Provincial Hospital,38.80486355743974,-0.5450204609525268
2,Kenya,Kilifi County,Kaloleni Subcounty,NA,NA,Mariakani,1,NA,2009-09-03,2009-11-14,2009,September,0,1,LS,NA,22,22,Unpublished DVS records,NA,NA,NA,39.48186,-3.85792
3,Kenya,Garissa County,Ijara Subcounty,NA,NA,Kotile,1,0,2009-10-29,NA,2009,October,0,1,LS,NA,1,1,Lichoti_etal_2014,https://doi.org/10.1155/2014/379010,NA,Referencing Table 5 for positive animals,40.2063,-1.9658
4,Kenya,Garissa County,Ijara Subcounty,NA,NA,Sangailu,1,0,2009-10-28,NA,2009,October,0,1,LS,NA,1,1,Lichoti_etal_2014,https://doi.org/10.1155/2014/379010,NA,Referencing Table 5 for positive animals,40.7327,-1.3148
6,Kenya,Baringo County,Baringo South Subcounty,NA,NA,Salabani,1,0,2009-11-05,NA,2009,November,0,1,LS,NA,1,1,Lichoti_etal_2014,https://doi.org/10.1155/2014/379010,NA,Referencing Table 5 for positive animals,36.0501,0.5507
NA,Kenya,"Tana River, Garissa County","Bura, Balambala, Dadaab, Dujis, Fafi Subcounty",NA,NA,NA,0,1,2009-12-01,2010-02-28,2009,December,1,0,HU,4,NA,4,Njenga_and_Bett_2019,https://doi.org/10.1007/s40588-018-0110-1,NA,Assuming a sampling catchment of five subcounties for Garissa Provincial Hospital,40.50215346880092,-0.029136564853968327
7,Kenya,Machakos County,Machakos Town Subcounty,NA,NA,Machakos,1,NA,2010-10-06,NA,2010,October,0,1,LS,NA,5,5,Unpublished DVS records,NA,NA,NA,37.22608737,-1.58948027
8,Kenya,Kiambu County,Thika Town Subcounty,NA,NA,Thika,1,NA,2010-10-06,NA,2010,October,0,1,LS,NA,5,5,Unpublished DVS records,NA,NA,NA,37.1627001,-1.06595808
9,Kenya,Kiambu County,Ruiru Subcounty,NA,NA,Ruiru,1,NA,2010-10-06,NA,2010,October,0,1,LS,NA,1,1,Unpublished DVS records,NA,NA,NA,37.12083699,-1.20259546
10,Kenya,Nairobi County,Kasarani Subcounty,NA,NA,Kamulu,1,NA,2010-10-06,NA,2010,October,0,1,LS,NA,1,1,Unpublished DVS records,NA,NA,NA,37.06358,-1.28306
11,Kenya,Garissa County,Fafi Subcounty,NA,NA,Fafi,1,NA,2011-11-23,2012-01-07,2011,November,0,1,LS,NA,3,3,Unpublished DVS records,NA,NA,NA,40.25089758,-0.43266492
12,Kenya,Lamu County,Lamu West Subcounty,NA,NA,Witu,1,NA,2011-12-24,2012-01-07,2011,December,0,1,LS,NA,7,7,Unpublished DVS records,NA,NA,NA,40.43090174,-2.38248559
NA,Kenya,Garissa County,Fafi Subcounty,NA,NA,Fafi,1,0,2012-09-01,NA,2012,September,0,1,LS,NA,1,1,Owange_etal_2014,https://doi.org/10.1016/j.prevetmed.2014.08.008,NA,"Herd 1175, sampling #1; Information from Figure 1 and Table 1",40.026,-1.104
NA,Kenya,Garissa County,Ijara Subcounty,NA,NA,Masalani,1,0,2012-09-01,NA,2012,September,0,1,LS,NA,1,1,Owange_etal_2014,https://doi.org/10.1016/j.prevetmed.2014.08.008,NA,"Herd 1181, sampling #1; Information from Table 1",40.199,-1.6889
NA,Kenya,Garissa County,Ijara Subcounty,NA,NA,Gedulum,1,0,2012-12-01,NA,2012,December,0,1,LS,NA,1,1,Owange_etal_2014,https://doi.org/10.1016/j.prevetmed.2014.08.008,NA,"Herd 1178, sampling #2; Information from Figure 1 and Table 1",40.71971,-1.38431
NA,Kenya,Garissa County,Ijara Subcounty,NA,NA,Ijara,1,0,2012-12-01,NA,2012,December,0,1,LS,NA,4,4,Owange_etal_2014,https://doi.org/10.1016/j.prevetmed.2014.08.008,NA,"Herd 1179, sampling #2; Information from Figure 1 and Table 1",40.52,-1.5835
NA,Kenya,Garissa County,Ijara Subcounty,NA,NA,Gedulum,1,0,2013-02-01,NA,2013,February,0,1,LS,NA,2,2,Owange_etal_2014,https://doi.org/10.1016/j.prevetmed.2014.08.008,NA,"Herd 1178, sampling #3; Information from Figure 1 and Table 1",40.71971,-1.38431
NA,Kenya,Lamu County,Lamu West Subcounty,NA,NA,Witu,1,0,2013-05-01,NA,2013,May,0,1,LS,NA,2,2,Owange_etal_2014,https://doi.org/10.1016/j.prevetmed.2014.08.008,NA,"Herd 1172, sampling #4; Information from Figure 1 and Table 1",40.7558,-2.2104
NA,Kenya,Garissa County,Fafi Subcounty,NA,NA,Kamuthe,1,0,2013-05-01,NA,2013,May,0,1,LS,NA,2,2,Owange_etal_2014,https://doi.org/10.1016/j.prevetmed.2014.08.008,NA,"Herd 1174, sampling #4; Information from Figure 1 and Table 1",39.86329,-0.70585
NA,Kenya,Garissa County,Fafi Subcounty,NA,NA,Halei,1,0,2013-05-01,NA,2013,May,0,1,LS,NA,5,5,Owange_etal_2014,https://doi.org/10.1016/j.prevetmed.2014.08.008,NA,"Herd 1178, sampling #4 and herd 1179, sampling #4; Information from Figure 1 and Table 1",39.9916,-0.5974
NA,Kenya,Garissa County,Fafi Subcounty,NA,NA,Tana,0,0,2013-05-01,NA,2013,May,0,1,LS,NA,2,2,Owange_etal_2014,https://doi.org/10.1016/j.prevetmed.2014.08.008,NA,"Herd 1181, sampling #4; Not clear which Tana in Fafi Subcounty is being referred to, and herd 1181 is not shown on Figure 1",40.12553798254962,-1.4716995794821055
14,Kenya,Murang'a County,Kandara Subcounty,NA,NA,Ngararia,1,NA,2014-05-01,NA,2014,May,1,1,HU_LS,3,7,10,Unpublished KEMRI records,NA,NA,NA,37.02083493,-0.93262001
15,Kenya,Garissa County,Balambala Subcounty,NA,NA,Garissa,1,NA,2016-06-03,NA,2016,June,0,1,LS,NA,7,7,Unpublished KEMRI records,NA,NA,NA,39.59074632,-0.24856877
16,Kenya,Isiolo County,Isiolo North Subcounty,NA,NA,Saleti,1,0,2018-06-15,2018-07-30,2018,June,0,1,LS,NA,15,15,WAHIS,https://wahis.woah.org/#/in-event/2574/dashboard,1000101603,NA,38.611561,1.177155
17,Kenya,Isiolo County,Isiolo South Subcounty,NA,NA,Garbatulla,1,0,2018-06-19,2018-07-30,2018,June,0,1,LS,NA,12,12,WAHIS,https://wahis.woah.org/#/in-event/2574/dashboard,1000101604,NA,38.415522,0.549314
19,Kenya,Wajir County,Wajir North Subcounty,NA,NA,Basir,1,0,2018-05-01,2018-07-30,2018,May,0,1,LS,NA,25,25,WAHIS,https://wahis.woah.org/#/in-event/2574/dashboard,1000100918,"Based on information in Hassan et al. 2020 (10.4269/ajtmh.20-0387), setting the start date in Wajir County to May",39.027828,2.327758
20,Kenya,Wajir County,Eldas Subcounty,NA,NA,Eldas,1,0,2018-05-01,2018-07-30,2018,May,1,1,HU_LS,21,17,38,WAHIS,https://wahis.woah.org/#/in-event/2574/dashboard,1000101072,"Based on information in Hassan et al. 2020 (10.4269/ajtmh.20-0387), setting the start date in Wajir County to May; Arbitrarily assigning all Wajir County human cases reported in Hassan et al. 2020 to Eldas Subcounty",39.60631,2.492876
21,Kenya,Mandera County,Mandera South Subcounty,NA,NA,Elwak,1,0,2018-06-22,2018-07-30,2018,June,0,1,LS,NA,2,2,WAHIS,https://wahis.woah.org/#/in-event/2574/dashboard,1000102482,NA,40.913067,2.817387
22,Kenya,Marsabit County,Saku Subcounty,NA,NA,Marsabit,1,0,2018-06-01,2018-07-30,2018,June,1,1,HU_LS,8,18,26,WAHIS,https://wahis.woah.org/#/in-event/2574/dashboard,1000102478,Start date and human case data from Hassan et al. 2020 (10.4269/ajtmh.20-0387),37.869589,2.394153
23,Kenya,Tana River County,Garsen Subcounty,NA,NA,Dhidhe Ade,1,0,2018-06-20,2018-07-30,2018,June,1,1,HU_LS,NA,20,20,Daily Nation,https://reliefweb.int/report/kenya/quarantine-tana-delta-after-rift-valley-fever-outbreak,NA,Total human case count unclear,40.26515673,-2.5509187
24,Kenya,Tana River County,Bura Subcounty,NA,NA,Galole,1,0,2018-06-11,2018-07-30,2018,June,0,1,LS,NA,1,1,WAHIS,https://wahis.woah.org/#/in-event/2574/dashboard,1000101073,NA,39.952116,-1.284105
25,Kenya,Siaya County,Ugenya Subcounty,NA,NA,Siaya,1,0,2018-06-02,2018-07-30,2018,June,1,1,HU_LS,1,38,39,WAHIS,https://wahis.woah.org/#/in-event/2574/dashboard,1000101606,Start date and human case data from Hassan et al. 2020 (10.4269/ajtmh.20-0387),34.141077,0.198418
27,Kenya,Baringo County,Mogotio Subcounty,NA,NA,Mogotio,1,0,2018-06-29,2018-07-30,2018,June,0,1,LS,NA,1,1,WAHIS,https://wahis.woah.org/#/in-event/2574/dashboard,1000102477,NA,36.067303,0.24718300000000001
28,Kenya,Meru County,Igembe South Subcounty,NA,NA,Igembe Central,1,0,2018-07-02,2018-07-30,2018,July,0,1,LS,NA,1,1,WAHIS,https://wahis.woah.org/#/in-event/2574/dashboard,1000102483,NA,37.952045,0.237924
29,Kenya,Murang'a County,Kiharu Subcounty,NA,NA,Kihingo,1,0,2019-01-25,2019-03-21,2019,January,0,1,LS,NA,4,4,WAHIS,https://wahis.woah.org/#/in-event/2824/dashboard,1000111864,NA,37.087673,-0.721406
30,Kenya,Nyandarua County,Ndaragwa Subcounty,NA,NA,Rurii,1,NA,2019-01-24,2019-03-21,2019,January,1,1,HU_LS,15,1,16,Unpublished KEMRI records,NA,NA,NA,36.37819305,-0.21193184
31,Kenya,Nyandarua County,Ol Kalou Subcounty,NA,NA,Karau,1,NA,2019-01-24,2019-03-21,2019,January,1,1,HU_LS,NA,1,1,Unpublished KEMRI records,NA,NA,Total human case count unclear,36.33845537,-0.31679704
32,Kenya,Nyandarua County,Ndaragwa Subcounty,NA,NA,Shamata,1,0,2019-02-25,2019-03-21,2019,February,0,1,LS,NA,5,5,WAHIS,https://wahis.woah.org/#/in-event/2824/dashboard,1000111865,NA,36.498871,-0.195548
33,Kenya,Isiolo County,Isiolo South Subcounty,Sericho Ward,NA,Eresa Boru,1,0,2020-11-19,2021-03-18,2020,November,1,1,HU_LS,NA,24,24,WAHIS,https://wahis.woah.org/#/in-event/3491/dashboard,1000143195,Additional information derived from WHO report (https://www.who.int/emergencies/disease-outbreak-news/item/2021-DON311) where this outbreak is referred to as occurring in Garbatulla Subcounty; Total human case count in Isiolo South (Garbatulla) unclear,38.781515,1.038371
34,Kenya,Isiolo County,Isiolo North Subcounty,Cherab Ward,NA,Korbesa,1,0,2020-11-19,2021-03-18,2020,November,1,1,HU_LS,NA,20,20,WAHIS,https://wahis.woah.org/#/in-event/3491/dashboard,1000144227,Additional information derived from WHO report (https://www.who.int/emergencies/disease-outbreak-news/item/2021-DON311) where Korbesa is described as being within Merti Subcounty; Total human case count in Isiolo North (Merti) unclear,38.78781,1.210698
35,Kenya,Garissa County,Balambala Subcounty,Danyere Ward,NA,Danyere,1,0,2020-12-07,2021-03-18,2020,December,0,1,LS,NA,1,1,WAHIS,https://wahis.woah.org/#/in-event/3491/dashboard,1000143196,"Additional information derived from WHO report (https://www.who.int/emergencies/disease-outbreak-news/item/2021-DON311); Coordinates given by WAHIS fall within Danyere Ward, not Jara Jara Ward, as indicated in the WAHIS event",38.850756,0.307889
36,Kenya,Garissa County,Ijara Subcounty,Masalani Ward,NA,Qalaqal,1,0,2020-12-07,2021-03-18,2020,December,0,1,LS,NA,3,3,WAHIS,https://wahis.woah.org/#/in-event/3491/dashboard,1000143198,Additional information derived from WHO report (https://www.who.int/emergencies/disease-outbreak-news/item/2021-DON311),40.240787,-1.627194
37,Kenya,Mandera County,Mandera North Subcounty,Rhamu-Dimtu Ward,NA,Yabicho,1,0,2021-01-22,2021-03-18,2021,January,1,1,HU_LS,2,2,4,WAHIS,https://wahis.woah.org/#/in-event/3491/dashboard,1000146374,Additional information derived from WHO report (https://www.who.int/emergencies/disease-outbreak-news/item/2021-DON311) where the human portion of this outbreak is described from Kalmalab in Mandera North Subcounty,41.09124,3.821088
38,Kenya,Murang'a County,Gatanga Subcounty,Kihumbu-Ini Ward,NA,Kihumbu-Ini,1,0,2020-12-29,2021-03-18,2020,December,0,1,LS,NA,NA,NA,WHO,https://www.who.int/emergencies/disease-outbreak-news/item/2021-DON311,NA,Total livestock case count unclear,36.98083414,-0.93262002
39,Kenya,Murang'a County,Kandara Subcounty,Ng'Araria Ward,NA,Ngararia,1,0,2021-01-19,2021-03-18,2021,January,0,1,LS,NA,6,6,WAHIS,https://wahis.woah.org/#/in-event/3491/dashboard,1000145035,Additional information derived from WHO report (https://www.who.int/emergencies/disease-outbreak-news/item/2021-DON311),37.019834,-0.934632
40,Kenya,Kiambu County,Kikuyu Subcounty,NA,NA,Kikuyu,1,0,2021-06-14,2021-08-20,2021,June,0,1,LS,NA,5,5,WAHIS,https://wahis.woah.org/#/in-event/3841/dashboard,ob_87960,I believe this same outbreak event is captured in Juma et al. 2022 (https://doi.org/10.1186/s12864-022-08764-6) which describes 5 IgM-positive cattle sampled in Kiambu county in July 2021; So at least 5 positive animals were involved in the outbreak event in this area,36.6601,-1.2396
NA,Kenya,Wajir County,Eldas Subcounty,NA,NA,NA,0,0,2021-07-01,2021-08-31,2021,July,0,1,LS,NA,1,1,Omani_etal_2024,https://doi.org/10.1016/j.onehlt.2024.100921,NA,"Although the sampling started in June 2021, discussion of the single IgM-positive animal mentions July 2021 as the ""time of sampling"", hence the coding of the outbreak start date",39.82491536494198,2.046321783055075
NA,Kenya,Isiolo County,Isiolo South Subcounty,NA,NA,NA,0,0,2021-07-01,2021-08-31,2021,July,0,1,LS,NA,4,4,Muturi_etal_2023,https://doi.org/10.1038/s41598-023-42596-y,NA,NA,38.73785699299055,0.7028887643942054
41,Kenya,Nyandarua County,NA,NA,NA,NA,0,0,2020-10-01,NA,2020,October,0,1,LS,NA,3,3,Wanjama_etal_2022,https://www.researchgate.net/profile/James-Kabugu/publication/366836264_Sero-epidemiological_survey_of_Rift_Valley_Fever_virus_in_ruminants_in_Nyandarua_County_Kenya/links/63b435a8a03100368a4df2e1/Sero-epidemiological-survey-of-Rift-Valley-Fever-virus-in-ruminants-in-Nyandarua-County-Kenya.pdf,NA,Outbreak timing coded as occurring between the two sampling events; Not clear when the IgM-positive animals were sampled,36.65229792172664,-0.571655844392033
NA,Uganda,Northern Region,Kitgum District,NA,NA,NA,0,0,2010-12-01,NA,2010,December,0,1,LS,NA,1,1,Ndumu_etal_2021,https://doi.org/10.1186/s12917-021-02867-0,NA,Some ambiguity in the manuscript about whether the samples were collected starting in November 2010 or December 2010,32.804402562941796,3.363046751465086
42,Uganda,Western Region,Kabale District,NA,Kamuganguzi Subcounty,Omururinda,1,0,2016-02-10,NA,2016,February,1,1,HU_LS,1,1,2,Shoemaker_etal_2019,https://doi.org/10.4269/ajtmh.18-0732,1000070693,"Captures acute case 2 (AC2) and the single confirmed livestock case; Livestock case is also attested to by a WAHIS event (https://wahis.woah.org/#/in-event/1922/dashboard) where the village is referred to as Kashenyi, immediately adjacent to Omururinda; Note that the coordinates for Kashenyi given in the WAHIS event appear to be inaccurate",29.9924701,-1.3299139
43,Uganda,Western Region,Kabale District,NA,Northern Division,Upper Bugongi,1,0,2016-03-02,NA,2016,March,1,0,HU,1,NA,1,Shoemaker_etal_2019,https://doi.org/10.4269/ajtmh.18-0732,NA,Captures acute case 1 (AC1),29.995927,-1.232273
NA,Uganda,Western Region,Kabale District,NA,Rubaya Subcounty,Mushenyi,1,0,2016-03-03,NA,2016,March,1,0,HU,1,NA,1,Shoemaker_etal_2019,https://doi.org/10.4269/ajtmh.18-0732,NA,Captures acute case 3 (AC3),29.9868397,-1.4472344
44,Uganda,Western Region,Kabale District,NA,Southern Division,Rushaki,1,0,2016-06-02,NA,2016,June,1,0,HU,1,NA,1,Shoemaker_etal_2019,https://doi.org/10.4269/ajtmh.18-0732,NA,Captures acute case 4 (AC4),30.0052505,-1.2592782
NA,Uganda,Western Region,Kabale District,NA,NA,NA,0,0,2016-04-01,2016-04-30,2016,April,1,0,HU,10,NA,10,Nyakarahuka_etal_2018,https://doi.org/10.1371/journal.pntd.0006412,NA,Assuming this data is distinct from that reported by Shoemaker et al. 2019,30.004402252345898,-1.2558777696853023
45,Uganda,Western Region,Isingiro District,NA,Mbaare Subcounty,Katojo Central,1,NA,2018-07-03,NA,2018,July,1,0,HU,3,NA,3,Nyakarahuka_etal_2023,https://doi.org/10.4269/ajtmh.22-0410,NA,NA,30.9719902,-0.8682045
46,Uganda,Central Region,Kiboga District,NA,Kibiga Subcounty,Busakya,1,0,2017-11-14,NA,2017,November,1,0,HU,1,NA,1,Birungi_etal_2021,https://doi.org/10.1155/2021/8881191,NA,Start date information from Table 1,31.7522425,0.8918558
47,Uganda,Central Region,Mityana District,NA,NA,NA,0,0,2017-11-16,NA,2017,November,1,0,HU,1,NA,1,Birungi_etal_2021,https://doi.org/10.1155/2021/8881191,NA,No information given in paper regarding specific village location,32.15578330315694,0.32272903090524724
48,Uganda,Western Region,Kiruhura District,NA,Kanyaryeru Subcounty,Rushororo,1,0,2017-11-18,NA,2017,November,1,0,HU,4,NA,4,Birungi_etal_2021,https://doi.org/10.1155/2021/8881191,NA,Additional information: https://uniph.go.ug/rift-valley-fever-outbreak-caused-by-handling-a-dead-calf-kiruhura-district-2017-2018/,30.9425875,-0.5073751
49,Uganda,Central Region,Kyankwanzi District,NA,Butemba Town Council,Bukwiri,1,NA,2017-12-14,2018-01-04,2017,December,1,0,HU,1,NA,1,Nyakarahuka_etal_2023,https://doi.org/10.4269/ajtmh.22-0410,NA,NA,31.596401,1.126574
50,Uganda,Central Region,Buikwe District,NA,Kawolo Subcounty,Vvumba,1,0,2018-01-07,NA,2018,January,1,0,HU,1,NA,1,Birungi_etal_2021,https://doi.org/10.1155/2021/8881191,NA,Village may also be known as Vumba,32.9,0.3
51,Uganda,Northern Region,Yumbe District,NA,Ariwa Subcounty,Ariwa II refugee camp zone 5,1,NA,2018-01-19,2018-02-07,2018,January,1,0,HU,1,NA,1,Nyakarahuka_etal_2023,https://doi.org/10.4269/ajtmh.22-0410,NA,NA,31.4071817,3.2428225
52,Uganda,Western Region,Rwampara District,NA,Bugamba Subcounty,Bugamba,1,NA,2018-06-08,2018-08-24,2018,June,1,0,HU,1,NA,1,Nyakarahuka_etal_2023,https://doi.org/10.4269/ajtmh.22-0410,NA,NA,30.48719,-0.709031
53,Uganda,Western Region,Ibanda District,NA,Bufunda Division,NA,1,NA,2018-06-18,2018-07-20,2018,June,1,0,HU,1,NA,1,Nyakarahuka_etal_2023,https://doi.org/10.4269/ajtmh.22-0410,NA,NA,30.53012239,-0.09016975
54,Uganda,Western Region,Kasese District,NA,Munkunyu Subcounty,NA,1,NA,2018-06-20,2018-07-07,2018,June,1,0,HU,1,NA,1,Nyakarahuka_etal_2023,https://doi.org/10.4269/ajtmh.22-0410,NA,NA,29.857045,0.01362694
55,Uganda,Western Region,Isingiro District,NA,Masha Subcounty,Kabare,1,NA,2018-06-22,2018-07-20,2018,June,1,0,HU,4,NA,4,Nyakarahuka_etal_2023,https://doi.org/10.4269/ajtmh.22-0410,NA,Village may also be known as Kabaare,30.718193,-0.664144
56,Uganda,Central Region,Ssembabule District,NA,Lwebitakuli Subcounty,NA,1,NA,2018-07-01,2018-08-01,2018,July,1,0,HU,1,NA,1,Nyakarahuka_etal_2023,https://doi.org/10.4269/ajtmh.22-0410,NA,NA,31.34864797,-0.25844587
57,Uganda,Western Region,Isingiro District,NA,Kashumba Subcounty,NA,1,NA,2018-07-03,2018-08-24,2018,July,1,0,HU,1,NA,1,Nyakarahuka_etal_2023,https://doi.org/10.4269/ajtmh.22-0410,NA,NA,30.9563515,-0.8892447
58,Uganda,Western Region,Isingiro District,NA,Rugaaga Subcounty,Nakivale,1,NA,2018-07-03,2018-07-20,2018,July,1,0,HU,1,NA,1,Nyakarahuka_etal_2023,https://doi.org/10.4269/ajtmh.22-0410,NA,NA,30.94943771,-0.771338167
59,Uganda,Western Region,Isingiro District,NA,Kashumba Subcounty,Kashumba,1,NA,2018-07-05,2018-08-24,2018,July,1,0,HU,3,NA,3,Nyakarahuka_etal_2023,https://doi.org/10.4269/ajtmh.22-0410,NA,NA,30.949304,-0.903845
60,Uganda,Central Region,Masaka District,NA,Kkingo Subcounty,Kasaana B,1,NA,2018-07-09,2018-08-03,2018,July,1,0,HU,1,NA,1,Nyakarahuka_etal_2023,https://doi.org/10.4269/ajtmh.22-0410,NA,NA,31.623002,-0.303224
61,Uganda,Central Region,Mubende District,NA,Kigando Subcounty,Bubanda,1,NA,2018-07-10,2018-08-10,2018,July,1,0,HU,1,NA,1,Nyakarahuka_etal_2023,https://doi.org/10.4269/ajtmh.22-0410,NA,NA,31.26666682,0.266838647
62,Uganda,Western Region,Rwampara District,NA,Bugamba Subcounty,Rurengye,1,NA,2018-07-10,2018-07-30,2018,July,1,0,HU,1,NA,1,Nyakarahuka_etal_2023,https://doi.org/10.4269/ajtmh.22-0410,NA,NA,30.503668,-0.729509
63,Uganda,Western Region,Isingiro District,NA,Kikagate Subcounty,Kizibale,1,NA,2018-07-14,2018-08-07,2018,July,1,0,HU,1,NA,1,Nyakarahuka_etal_2023,https://doi.org/10.4269/ajtmh.22-0410,NA,NA,30.661807,-1.034086
64,Uganda,Western Region,Sheema District,NA,Kagango Division,Kasozi,1,NA,2018-07-19,2018-08-11,2018,July,1,0,HU,1,NA,1,Nyakarahuka_etal_2023,https://doi.org/10.4269/ajtmh.22-0410,NA,NA,30.392695,-0.642397
65,Uganda,Western Region,Isingiro District,NA,Kashumba Subcounty,Kashumba,1,NA,2018-07-19,2018-08-14,2018,July,1,0,HU,1,NA,1,Nyakarahuka_etal_2023,https://doi.org/10.4269/ajtmh.22-0410,NA,NA,30.948346,-0.903202
66,Uganda,Western Region,Isingiro District,NA,Nyakitunda Subcounty,Rwamuhunga,1,NA,2018-07-29,2018-08-19,2018,July,1,0,HU,1,NA,1,Nyakarahuka_etal_2023,https://doi.org/10.4269/ajtmh.22-0410,NA,NA,30.738107,-0.924658
68,Uganda,Western Region,Kiruhura District,NA,Sanga Town Council,Nyankumba,1,NA,2018-08-07,2018-08-29,2018,August,1,0,HU,2,NA,2,Nyakarahuka_etal_2023,https://doi.org/10.4269/ajtmh.22-0410,NA,NA,30.908201,-0.501662
69,Uganda,Central Region,Rakai District,NA,Kacheera Subcounty,Kakyera,1,NA,2018-08-08,2018-08-24,2018,August,1,0,HU,1,NA,1,Nyakarahuka_etal_2023,https://doi.org/10.4269/ajtmh.22-0410,NA,NA,31.18753748,-0.594695726
70,Uganda,Eastern Region,Namutumba District,NA,Busembatia Town Council,Kasabuli,1,NA,2018-07-25,2018-08-20,2018,July,1,0,HU,1,NA,1,Nyakarahuka_etal_2023,https://doi.org/10.4269/ajtmh.22-0410,NA,NA,33.623679,0.77964
NA,Uganda,Western Region,Isingiro District,NA,Kashumba Subcounty,Nakivale,1,0,2018-08-08,NA,2018,August,0,1,LS,NA,24,24,WAHIS,https://wahis.woah.org/#/in-event/2666/dashboard,1000104694,NA,30.929099,-0.7898187
NA,Uganda,Western Region,Mbarara District,NA,Kashare Subcounty,Mutonto,1,0,2018-08-12,NA,2018,August,0,1,LS,NA,12,12,WAHIS,https://wahis.woah.org/#/in-event/2666/dashboard,1000104698,Not using coordinates provided by WAHIS as these map to the city of Mbarara; Instead using coordinates for Mutonto itself,30.65,-0.383333
NA,Uganda,Central Region,Lyantonde District,NA,Lyantonde Town Council,Lyantonde,1,0,2018-09-02,NA,2018,September,0,1,LS,NA,20,20,WAHIS,https://wahis.woah.org/#/in-event/2666/dashboard,1000104697,NA,31.1535628,-0.4064197
71,Uganda,Western Region,Kiryandongo District,NA,Kiryandongo Subcounty,Mirima,1,NA,2019-03-03,2019-03-29,2019,March,1,0,HU,1,NA,1,Nyakarahuka_etal_2023,https://doi.org/10.4269/ajtmh.22-0410,NA,NA,32.15906437,1.897241385
72,Uganda,Western Region,Kasese District,NA,Central Division,Salute B,1,NA,2019-05-30,2019-06-30,2019,May,1,0,HU,1,NA,1,Nyakarahuka_etal_2023,https://doi.org/10.4269/ajtmh.22-0410,NA,NA,30.0653,0.179042
74,Uganda,Northern Region,Obongi District,NA,Itula Subcounty,Pasu,1,NA,2019-11-20,2019-12-10,2019,November,1,0,HU,1,NA,1,Nyakarahuka_etal_2023,https://doi.org/10.4269/ajtmh.22-0410,NA,Village may also be known as Passu,31.546031,3.481613
75,Uganda,Western Region,Ntoroko District,NA,Nombe Subcounty,Kimara,1,NA,2019-12-04,2019-12-18,2019,December,1,0,HU,1,NA,1,Nyakarahuka_etal_2023,https://doi.org/10.4269/ajtmh.22-0410,NA,NA,30.413979,1.07504644
76,Uganda,Central Region,Kampala District,NA,Kira Division,Kasokozo,1,NA,2020-02-02,2020-03-20,2020,February,1,0,HU,2,NA,2,Nyakarahuka_etal_2023,https://doi.org/10.4269/ajtmh.22-0410,NA,NA,32.631177,0.42807
77,Uganda,Central Region,Kyankwanzi District,NA,Kyankwanzi Town Council,Kitegwa,1,NA,2020-02-12,2020-03-10,2020,February,1,0,HU,1,NA,1,Nyakarahuka_etal_2023,https://doi.org/10.4269/ajtmh.22-0410,NA,NA,31.882801,1.183394
78,Uganda,Central Region,Lake Victoria District,NA,Bussi Subcounty,Gulwe,1,NA,2020-03-04,2020-03-24,2020,March,1,0,HU,1,NA,1,Nyakarahuka_etal_2023,https://doi.org/10.4269/ajtmh.22-0410,NA,"Outbreak actually occurred on Kava Island, as indicated by the GPS coordinates",32.366674,-0.015864
79,Uganda,Western Region,Kabale District,NA,Central Division,Kigongi A,1,NA,2020-07-08,2020-08-14,2020,July,1,0,HU,1,NA,1,Nyakarahuka_etal_2023,https://doi.org/10.4269/ajtmh.22-0410,NA,NA,29.995834,-1.245965
80,Uganda,Western Region,Kiruhura District,NA,Kenshunga Subcounty,Rushere,1,NA,2020-07-20,2020-08-03,2020,July,1,0,HU,1,NA,1,Nyakarahuka_etal_2023,https://doi.org/10.4269/ajtmh.22-0410,NA,NA,30.862896,-0.176444
81,Uganda,Central Region,Ssembabule District,NA,Lugusulu Subcounty,Kyebando,1,0,2020-11-28,2020-12-31,2020,November,1,0,HU,2,NA,2,Aceng_etal_2023,https://doi.org/10.1186/s42522-023-00092-3,NA,NA,31.39609,-0.06351
82,Uganda,Western Region,Kiruhura District,NA,Kinoni Subcounty,Kasaana,1,0,2021-05-07,NA,2021,May,1,1,HU_LS,4,8,12,Cossaboom_etal_2022,https://doi.org/10.3201/eid2811.220364 ,NA,"Only counting recent, acute cases in Cossaboom et al. 2022; Additional data on livestock cases in: https://uniph.go.ug/rift-valley-fever-outbreak-kiruhura-district-uganda-june-2021/",31.0700292,-0.0603661
83,Uganda,Western Region,Kyegegwa District,NA,Kabweza Kyegegwa Subcounty,Bukere,1,NA,2021-08-01,2021-08-20,2021,August,1,0,HU,1,NA,1,UNIPH,https://uniph.go.ug/descriptive-analysis-of-rift-valley-fever-outbreaks-uganda-2016-2023/,NA,NA,31.09482,0.38333
84,Uganda,Western Region,Kagadi District,NA,Ruteete Subcounty,Kihura,1,NA,2022-01-02,2022-02-02,2022,January,1,1,HU_LS,2,1,3,UNIPH,https://uniph.go.ug/descriptive-analysis-of-rift-valley-fever-outbreaks-uganda-2016-2023/,NA,NA,30.800612,1.0121967
85,Uganda,Western Region,Mbarara District,NA,Rubindi Subcounty,Kama,1,NA,2022-05-10,2022-06-10,2022,May,1,0,HU,3,NA,3,UNIPH,https://uniph.go.ug/descriptive-analysis-of-rift-valley-fever-outbreaks-uganda-2016-2023/,NA,NA,30.550191,-0.373517
86,Tanzania,Morogoro Region,Kilombero District,NA,NA,NA,0,0,2011-05-01,2011-08-31,2011,May,0,1,LS,NA,9,9,Sumaye_etal_2013,https://doi.org/10.1371/journal.pntd.0002356,NA,Approximate location of outbreak determined by referencing Figure 1 in Sumaye et al. 2013,36.2336,-8.2828
NA,Tanzania,Kigoma Region,Kigoma District,NA,NA,NA,0,0,2011-05-01,2011-06-30,2011,May,0,1,LS,NA,1,1,Kifaro_etal_2014,http://dx.doi.org/10.4102/ojvr.v81i2.717 ,NA,"Some ambiguity about the date of sampling because September-October 2011 is also mentioned, but pretty confident these are the correct dates; Approximate location of outbreak determined by referencing Figure 1 in Kifaro et al. 2014",29.66,-4.8043
NA,Tanzania,Kigoma Region,Kibondo District,NA,NA,NA,0,0,2011-05-01,2011-06-30,2011,May,0,1,LS,NA,4,4,Kifaro_etal_2014,http://dx.doi.org/10.4102/ojvr.v81i2.717 ,NA,"Some ambiguity about the date of sampling because September-October 2011 is also mentioned, but pretty confident these are the correct dates; Approximate location of outbreak determined by referencing Figure 1 in Kifaro et al. 2014",30.4877,-3.5881
NA,Tanzania,Kigoma Region,Buhigwe District,NA,NA,NA,0,0,2011-05-01,2011-06-30,2011,May,0,1,LS,NA,3,3,Kifaro_etal_2014,http://dx.doi.org/10.4102/ojvr.v81i2.717 ,NA,"Some ambiguity about the date of sampling because September-October 2011 is also mentioned, but pretty confident these are the correct dates; Approximate location of outbreak determined by referencing Figure 1 in Kifaro et al. 2014",29.78823,-4.4284
87,Tanzania,Morogoro Region,Kilombero District,NA,NA,NA,0,0,2012-03-01,2012-08-31,2012,March,1,0,HU,16,NA,16,Sumaye_etal_2015,https://doi.org/10.1371/journal.pntd.0003536,NA,"Approximate location chosen to match that of the Sumaye et al. 2013 study, since Sumaye et al. 2015 mentions sampling in the same ""hotspots of RVF transmission in the livestock populations""",36.2336,-8.2828
88,Tanzania,Mara Region,Bunda District,NA,NA,NA,0,1,2014-08-01,2014-10-31,2014,August,1,0,HU,2,NA,2,Ahmed_etal_2018,https://doi.org/10.1186/s12879-018-3183-9,NA,A hospital-based study; Districts listed all had IgM-positive humans,33.46524009372709,-2.064709906782899
88,Tanzania,Mara Region,Serengeti District,NA,NA,NA,0,1,2014-08-01,2014-10-31,2014,August,1,0,HU,1,NA,1,Ahmed_etal_2018,https://doi.org/10.1186/s12879-018-3183-9,NA,A hospital-based study; Districts listed all had IgM-positive humans,34.5986206452885,-2.1096137515856754
88,Tanzania,Arusha Region,Ngorongoro District,NA,NA,NA,0,1,2014-08-01,2014-10-31,2014,August,1,0,HU,3,NA,3,Ahmed_etal_2018,https://doi.org/10.1186/s12879-018-3183-9,NA,A hospital-based study; Districts listed all had IgM-positive humans,35.70318532988143,-3.053045102830743
89,Tanzania,Morogoro Region,Morogoro District,NA,NA,NA,0,0,2014-06-01,2015-10-31,2014,June,0,1,LS,NA,27,27,Matiko_etal_2018,https://doi.org/10.1371/journal.pntd.0006931,NA,Approximate location of outbreak determined by referencing Figure 1 in Matiko et al. 2018 and placing location near IgM-positive villages,37.772134,-6.779623
90,Tanzania,Mbeya Region,Kyela District,NA,NA,NA,0,0,2014-06-01,2015-10-31,2014,June,0,1,LS,NA,3,3,Matiko_etal_2018,https://doi.org/10.1371/journal.pntd.0006931,NA,Approximate location of outbreak determined by referencing Figure 1 in Matiko et al. 2018 and placing location near IgM-positive villages,33.829551,-9.606575
NA,Tanzania,Mbeya Region,Kyela District,NA,NA,NA,0,0,2015-09-01,NA,2015,September,0,1,LS,NA,1,1,Salekwa_etal_2019,https://doi.org/10.4269/ajtmh.18-0798,NA,"Somewhat ambiguous, but the text seems to indicate that the Kyela District was the sole District sampled within the Mbeya Region",33.94786099566399,-9.638508412964484
92,Tanzania,Kilimanjaro Region,Moshi District,NA,NA,NA,0,0,2018-05-16,NA,2018,May,1,1,HU_LS,1,11,12,deGlanville_etal_2022,https://doi.org/10.1093/trstmh/trac076,NA,Livestock cases reported in Arusha Chini and Kindi Wards in de Glanville et al. 2022; Associated human case reported in Kilema Kusini Ward in Madut et al. 2024,37.46792980860751,-3.4830364793350572
92,Tanzania,Kilimanjaro Region,Moshi Urban District,NA,NA,NA,0,0,2018-07-03,NA,2018,July,1,1,HU_LS,1,1,2,deGlanville_etal_2022,https://doi.org/10.1093/trstmh/trac076,NA,Livestock case reported in Rau Ward in de Glanville et al. 2022; Associated human case reported in Pasua Ward in Madut et al. 2024,37.3532099190263,-3.356233564024229
92,Tanzania,Kilimanjaro Region,Hai District,NA,NA,NA,0,0,2018-07-15,NA,2018,July,1,1,HU_LS,1,2,3,deGlanville_etal_2022,https://doi.org/10.1093/trstmh/trac076,NA,Livestock cases reported in Machame Mashariki Ward in de Glanville et al. 2022; Associated human case reported in Hai Mjini Ward in Madut et al. 2024,37.28243069204265,-3.0659613860215043
NA,Tanzania,Manyara Region,Simanjiro District,NA,NA,NA,0,0,2018-07-01,NA,2018,July,1,0,HU,1,NA,1,Madut_etal_2024,https://doi.org/10.1093/infdis/jiae562 ,NA,"Assuming a July start date for this outbreak, but it's a little unclear",36.725736695586335,-4.009166827402666
93,Tanzania,Kigoma Region,Buhigwe District,NA,NA,NA,0,1,2018-06-01,2018-11-30,2018,June,1,0,HU,2,NA,2,Rugarabamu_etal_2021,https://doi.org/10.1016/j.ijid.2021.07.006,NA,Includes both community-based and health facility-based sampling; Additional case data attested in Rugarabamu et al. 2022 (assuming these two studies have distinct sampling pools),29.849677135906894,-4.605571808885241
94,Tanzania,Dar es Salaam Region,Kinondoni District,NA,NA,NA,0,1,2018-06-01,2018-11-30,2018,June,1,0,HU,6,NA,6,Rugarabamu_etal_2021,https://doi.org/10.1016/j.ijid.2021.07.006,NA,Includes both community-based and health facility-based sampling; Additional case data attested in Rugarabamu et al. 2022 (assuming these two studies have distinct sampling pools),39.07160710208533,-6.683886988766237
95,Tanzania,Morogoro Region,Mvomero District,NA,NA,NA,0,1,2018-06-01,2018-11-30,2018,June,1,0,HU,2,NA,2,Rugarabamu_etal_2021,https://doi.org/10.1016/j.ijid.2021.07.006,NA,Includes both community-based and health facility-based sampling; Additional case data attested in Rugarabamu et al. 2022 (assuming these two studies have distinct sampling pools),37.54690859120328,-6.602973023154993
96,Tanzania,Mbeya Region,Kyela District,NA,NA,NA,0,1,2018-06-01,2018-11-30,2018,June,1,0,HU,1,NA,1,Rugarabamu_etal_2021,https://doi.org/10.1016/j.ijid.2021.07.006,NA,Includes both community-based and health facility-based sampling,33.770155739261746,-9.5511926174827515
97,Tanzania,Dodoma Region,Kondoa District,NA,NA,NA,0,1,2018-06-01,2018-11-30,2018,June,1,0,HU,2,NA,2,Rugarabamu_etal_2021,https://doi.org/10.1016/j.ijid.2021.07.006,NA,Includes both community-based and health facility-based sampling; Additional case data attested in Rugarabamu et al. 2022 (assuming these two studies have distinct sampling pools),35.889160935664655,-4.596262760942508
98,Tanzania,Tanga Region,Kilindi District,NA,NA,NA,0,1,2018-06-01,2018-11-30,2018,June,1,0,HU,2,NA,2,Rugarabamu_etal_2021,https://doi.org/10.1016/j.ijid.2021.07.006,NA,Includes both community-based and health facility-based sampling; Additional case data attested in Rugarabamu et al. 2022 (assuming these two studies have distinct sampling pools),37.40972822998151,-5.694495591012881
NA,Tanzania,Rukwa Region,Kalambo District,NA,NA,NA,0,1,2018-06-01,2018-11-30,2018,June,1,0,HU,1,NA,1,Rugarabamu_etal_2022,https://doi.org/10.1186/s40249-022-00959-z,NA,Health facility-based sampling,31.944868813626275,-8.824220772384686
NA,Tanzania,Mwanza Region,Ukerewe District,NA,NA,NA,0,1,2018-06-01,2018-11-30,2018,June,1,0,HU,1,NA,1,Rugarabamu_etal_2022,https://doi.org/10.1186/s40249-022-00959-z,NA,Health facility-based sampling,33.18321831543018,-2.140769880770613
100,Tanzania,Kilimanjaro Region,Moshi District,NA,NA,NA,0,0,2020-03-01,2020-06-30,2020,March,1,1,HU_LS,7,11,18,Kumalija_etal_2021,https://doi.org/10.1080/16549716.2021.1957554,NA,Approximate location of outbreak determined by referencing Figure 1 in Kumalija et al. 2021; Counting cases according to PCR data given in Table 4,37.36785,-3.557538
1,Kenya,Kiambu County,Kikuyu Subcounty,NA,NA,Kikuyu,1,NA,2008-09-23,NA,2008,September,0,1,LS,NA,5,5,Unpublished DVS records,NA,NA,NA,36.66138498,-1.2543279
NA,Kenya,"Tana River, Garissa County","Bura, Balambala, Dadaab, Dujis, Fafi Subcounty",NA,NA,NA,0,1,2009-02-01,2009-04-30,2009,February,1,0,HU,4,NA,4,Njenga_and_Bett_2019,https://doi.org/10.1007/s40588-018-0110-1,NA,Assuming a sampling catchment of five subcounties for Garissa Provincial Hospital,38.935137495616,-0.7123814211942754
2,Kenya,Kilifi County,Kaloleni Subcounty,NA,NA,Mariakani,1,NA,2009-09-03,2009-11-14,2009,September,0,1,LS,NA,22,22,Unpublished DVS records,NA,NA,NA,39.48186,-3.85792
3,Kenya,Garissa County,Ijara Subcounty,NA,NA,Kotile,1,0,2009-10-29,NA,2009,October,0,1,LS,NA,1,1,Lichoti_etal_2014,https://doi.org/10.1155/2014/379010,NA,Referencing Table 5 for positive animals,40.2063,-1.9658
4,Kenya,Garissa County,Ijara Subcounty,NA,NA,Sangailu,1,0,2009-10-28,NA,2009,October,0,1,LS,NA,1,1,Lichoti_etal_2014,https://doi.org/10.1155/2014/379010,NA,Referencing Table 5 for positive animals,40.7327,-1.3148
6,Kenya,Baringo County,Baringo South Subcounty,NA,NA,Salabani,1,0,2009-11-05,NA,2009,November,0,1,LS,NA,1,1,Lichoti_etal_2014,https://doi.org/10.1155/2014/379010,NA,Referencing Table 5 for positive animals,36.0501,0.5507
NA,Kenya,"Tana River, Garissa County","Bura, Balambala, Dadaab, Dujis, Fafi Subcounty",NA,NA,NA,0,1,2009-12-01,2010-02-28,2009,December,1,0,HU,4,NA,4,Njenga_and_Bett_2019,https://doi.org/10.1007/s40588-018-0110-1,NA,Assuming a sampling catchment of five subcounties for Garissa Provincial Hospital,38.601279158003784,-0.32516321434098555
7,Kenya,Machakos County,Machakos Town Subcounty,NA,NA,Machakos,1,NA,2010-10-06,NA,2010,October,0,1,LS,NA,5,5,Unpublished DVS records,NA,NA,NA,37.22608737,-1.58948027
8,Kenya,Kiambu County,Thika Town Subcounty,NA,NA,Thika,1,NA,2010-10-06,NA,2010,October,0,1,LS,NA,5,5,Unpublished DVS records,NA,NA,NA,37.1627001,-1.06595808
9,Kenya,Kiambu County,Ruiru Subcounty,NA,NA,Ruiru,1,NA,2010-10-06,NA,2010,October,0,1,LS,NA,1,1,Unpublished DVS records,NA,NA,NA,37.12083699,-1.20259546
10,Kenya,Nairobi County,Kasarani Subcounty,NA,NA,Kamulu,1,NA,2010-10-06,NA,2010,October,0,1,LS,NA,1,1,Unpublished DVS records,NA,NA,NA,37.06358,-1.28306
11,Kenya,Garissa County,Fafi Subcounty,NA,NA,Fafi,1,NA,2011-11-23,2012-01-07,2011,November,0,1,LS,NA,3,3,Unpublished DVS records,NA,NA,NA,40.25089758,-0.43266492
12,Kenya,Lamu County,Lamu West Subcounty,NA,NA,Witu,1,NA,2011-12-24,2012-01-07,2011,December,0,1,LS,NA,7,7,Unpublished DVS records,NA,NA,NA,40.43090174,-2.38248559
NA,Kenya,Garissa County,Fafi Subcounty,NA,NA,Fafi,1,0,2012-09-01,NA,2012,September,0,1,LS,NA,1,1,Owange_etal_2014,https://doi.org/10.1016/j.prevetmed.2014.08.008,NA,"Herd 1175, sampling #1; Information from Figure 1 and Table 1",40.026,-1.104
NA,Kenya,Garissa County,Ijara Subcounty,NA,NA,Masalani,1,0,2012-09-01,NA,2012,September,0,1,LS,NA,1,1,Owange_etal_2014,https://doi.org/10.1016/j.prevetmed.2014.08.008,NA,"Herd 1181, sampling #1; Information from Table 1",40.199,-1.6889
NA,Kenya,Garissa County,Ijara Subcounty,NA,NA,Gedulum,1,0,2012-12-01,NA,2012,December,0,1,LS,NA,1,1,Owange_etal_2014,https://doi.org/10.1016/j.prevetmed.2014.08.008,NA,"Herd 1178, sampling #2; Information from Figure 1 and Table 1",40.71971,-1.38431
NA,Kenya,Garissa County,Ijara Subcounty,NA,NA,Ijara,1,0,2012-12-01,NA,2012,December,0,1,LS,NA,4,4,Owange_etal_2014,https://doi.org/10.1016/j.prevetmed.2014.08.008,NA,"Herd 1179, sampling #2; Information from Figure 1 and Table 1",40.52,-1.5835
NA,Kenya,Garissa County,Ijara Subcounty,NA,NA,Gedulum,1,0,2013-02-01,NA,2013,February,0,1,LS,NA,2,2,Owange_etal_2014,https://doi.org/10.1016/j.prevetmed.2014.08.008,NA,"Herd 1178, sampling #3; Information from Figure 1 and Table 1",40.71971,-1.38431
NA,Kenya,Lamu County,Lamu West Subcounty,NA,NA,Witu,1,0,2013-05-01,NA,2013,May,0,1,LS,NA,2,2,Owange_etal_2014,https://doi.org/10.1016/j.prevetmed.2014.08.008,NA,"Herd 1172, sampling #4; Information from Figure 1 and Table 1",40.7558,-2.2104
NA,Kenya,Garissa County,Fafi Subcounty,NA,NA,Kamuthe,1,0,2013-05-01,NA,2013,May,0,1,LS,NA,2,2,Owange_etal_2014,https://doi.org/10.1016/j.prevetmed.2014.08.008,NA,"Herd 1174, sampling #4; Information from Figure 1 and Table 1",39.86329,-0.70585
NA,Kenya,Garissa County,Fafi Subcounty,NA,NA,Halei,1,0,2013-05-01,NA,2013,May,0,1,LS,NA,5,5,Owange_etal_2014,https://doi.org/10.1016/j.prevetmed.2014.08.008,NA,"Herd 1178, sampling #4 and herd 1179, sampling #4; Information from Figure 1 and Table 1",39.9916,-0.5974
NA,Kenya,Garissa County,Fafi Subcounty,NA,NA,Tana,0,0,2013-05-01,NA,2013,May,0,1,LS,NA,2,2,Owange_etal_2014,https://doi.org/10.1016/j.prevetmed.2014.08.008,NA,"Herd 1181, sampling #4; Not clear which Tana in Fafi Subcounty is being referred to, and herd 1181 is not shown on Figure 1",40.544151188990234,-1.5303644843937152
14,Kenya,Murang'a County,Kandara Subcounty,NA,NA,Ngararia,1,NA,2014-05-01,NA,2014,May,1,1,HU_LS,3,7,10,Unpublished KEMRI records,NA,NA,NA,37.02083493,-0.93262001
15,Kenya,Garissa County,Balambala Subcounty,NA,NA,Garissa,1,NA,2016-06-03,NA,2016,June,0,1,LS,NA,7,7,Unpublished KEMRI records,NA,NA,NA,39.59074632,-0.24856877
16,Kenya,Isiolo County,Isiolo North Subcounty,NA,NA,Saleti,1,0,2018-06-15,2018-07-30,2018,June,0,1,LS,NA,15,15,WAHIS,https://wahis.woah.org/#/in-event/2574/dashboard,1000101603,NA,38.611561,1.177155
17,Kenya,Isiolo County,Isiolo South Subcounty,NA,NA,Garbatulla,1,0,2018-06-19,2018-07-30,2018,June,0,1,LS,NA,12,12,WAHIS,https://wahis.woah.org/#/in-event/2574/dashboard,1000101604,NA,38.415522,0.549314
19,Kenya,Wajir County,Wajir North Subcounty,NA,NA,Basir,1,0,2018-05-01,2018-07-30,2018,May,0,1,LS,NA,25,25,WAHIS,https://wahis.woah.org/#/in-event/2574/dashboard,1000100918,"Based on information in Hassan et al. 2020 (10.4269/ajtmh.20-0387), setting the start date in Wajir County to May",39.027828,2.327758
20,Kenya,Wajir County,Eldas Subcounty,NA,NA,Eldas,1,0,2018-05-01,2018-07-30,2018,May,1,1,HU_LS,21,17,38,WAHIS,https://wahis.woah.org/#/in-event/2574/dashboard,1000101072,"Based on information in Hassan et al. 2020 (10.4269/ajtmh.20-0387), setting the start date in Wajir County to May; Arbitrarily assigning all Wajir County human cases reported in Hassan et al. 2020 to Eldas Subcounty",39.60631,2.492876
21,Kenya,Mandera County,Mandera South Subcounty,NA,NA,Elwak,1,0,2018-06-22,2018-07-30,2018,June,0,1,LS,NA,2,2,WAHIS,https://wahis.woah.org/#/in-event/2574/dashboard,1000102482,NA,40.913067,2.817387
22,Kenya,Marsabit County,Saku Subcounty,NA,NA,Marsabit,1,0,2018-06-01,2018-07-30,2018,June,1,1,HU_LS,8,18,26,WAHIS,https://wahis.woah.org/#/in-event/2574/dashboard,1000102478,Start date and human case data from Hassan et al. 2020 (10.4269/ajtmh.20-0387),37.869589,2.394153
23,Kenya,Tana River County,Garsen Subcounty,NA,NA,Dhidhe Ade,1,0,2018-06-20,2018-07-30,2018,June,1,1,HU_LS,NA,20,20,Daily Nation,https://reliefweb.int/report/kenya/quarantine-tana-delta-after-rift-valley-fever-outbreak,NA,Total human case count unclear,40.26515673,-2.5509187
24,Kenya,Tana River County,Bura Subcounty,NA,NA,Galole,1,0,2018-06-11,2018-07-30,2018,June,0,1,LS,NA,1,1,WAHIS,https://wahis.woah.org/#/in-event/2574/dashboard,1000101073,NA,39.952116,-1.284105
25,Kenya,Siaya County,Ugenya Subcounty,NA,NA,Siaya,1,0,2018-06-02,2018-07-30,2018,June,1,1,HU_LS,1,38,39,WAHIS,https://wahis.woah.org/#/in-event/2574/dashboard,1000101606,Start date and human case data from Hassan et al. 2020 (10.4269/ajtmh.20-0387),34.141077,0.198418
27,Kenya,Baringo County,Mogotio Subcounty,NA,NA,Mogotio,1,0,2018-06-29,2018-07-30,2018,June,0,1,LS,NA,1,1,WAHIS,https://wahis.woah.org/#/in-event/2574/dashboard,1000102477,NA,36.067303,0.24718300000000001
28,Kenya,Meru County,Igembe South Subcounty,NA,NA,Igembe Central,1,0,2018-07-02,2018-07-30,2018,July,0,1,LS,NA,1,1,WAHIS,https://wahis.woah.org/#/in-event/2574/dashboard,1000102483,NA,37.952045,0.237924
29,Kenya,Murang'a County,Kiharu Subcounty,NA,NA,Kihingo,1,0,2019-01-25,2019-03-21,2019,January,0,1,LS,NA,4,4,WAHIS,https://wahis.woah.org/#/in-event/2824/dashboard,1000111864,NA,37.087673,-0.721406
30,Kenya,Nyandarua County,Ndaragwa Subcounty,NA,NA,Rurii,1,NA,2019-01-24,2019-03-21,2019,January,1,1,HU_LS,15,1,16,Unpublished KEMRI records,NA,NA,NA,36.37819305,-0.21193184
31,Kenya,Nyandarua County,Ol Kalou Subcounty,NA,NA,Karau,1,NA,2019-01-24,2019-03-21,2019,January,1,1,HU_LS,NA,1,1,Unpublished KEMRI records,NA,NA,Total human case count unclear,36.33845537,-0.31679704
32,Kenya,Nyandarua County,Ndaragwa Subcounty,NA,NA,Shamata,1,0,2019-02-25,2019-03-21,2019,February,0,1,LS,NA,5,5,WAHIS,https://wahis.woah.org/#/in-event/2824/dashboard,1000111865,NA,36.498871,-0.195548
33,Kenya,Isiolo County,Isiolo South Subcounty,Sericho Ward,NA,Eresa Boru,1,0,2020-11-19,2021-03-18,2020,November,1,1,HU_LS,NA,24,24,WAHIS,https://wahis.woah.org/#/in-event/3491/dashboard,1000143195,Additional information derived from WHO report (https://www.who.int/emergencies/disease-outbreak-news/item/2021-DON311) where this outbreak is referred to as occurring in Garbatulla Subcounty; Total human case count in Isiolo South (Garbatulla) unclear,38.781515,1.038371
34,Kenya,Isiolo County,Isiolo North Subcounty,Cherab Ward,NA,Korbesa,1,0,2020-11-19,2021-03-18,2020,November,1,1,HU_LS,NA,20,20,WAHIS,https://wahis.woah.org/#/in-event/3491/dashboard,1000144227,Additional information derived from WHO report (https://www.who.int/emergencies/disease-outbreak-news/item/2021-DON311) where Korbesa is described as being within Merti Subcounty; Total human case count in Isiolo North (Merti) unclear,38.78781,1.210698
35,Kenya,Garissa County,Balambala Subcounty,Danyere Ward,NA,Danyere,1,0,2020-12-07,2021-03-18,2020,December,0,1,LS,NA,1,1,WAHIS,https://wahis.woah.org/#/in-event/3491/dashboard,1000143196,"Additional information derived from WHO report (https://www.who.int/emergencies/disease-outbreak-news/item/2021-DON311); Coordinates given by WAHIS fall within Danyere Ward, not Jara Jara Ward, as indicated in the WAHIS event",38.850756,0.307889
36,Kenya,Garissa County,Ijara Subcounty,Masalani Ward,NA,Qalaqal,1,0,2020-12-07,2021-03-18,2020,December,0,1,LS,NA,3,3,WAHIS,https://wahis.woah.org/#/in-event/3491/dashboard,1000143198,Additional information derived from WHO report (https://www.who.int/emergencies/disease-outbreak-news/item/2021-DON311),40.240787,-1.627194
37,Kenya,Mandera County,Mandera North Subcounty,Rhamu-Dimtu Ward,NA,Yabicho,1,0,2021-01-22,2021-03-18,2021,January,1,1,HU_LS,2,2,4,WAHIS,https://wahis.woah.org/#/in-event/3491/dashboard,1000146374,Additional information derived from WHO report (https://www.who.int/emergencies/disease-outbreak-news/item/2021-DON311) where the human portion of this outbreak is described from Kalmalab in Mandera North Subcounty,41.09124,3.821088
38,Kenya,Murang'a County,Gatanga Subcounty,Kihumbu-Ini Ward,NA,Kihumbu-Ini,1,0,2020-12-29,2021-03-18,2020,December,0,1,LS,NA,NA,NA,WHO,https://www.who.int/emergencies/disease-outbreak-news/item/2021-DON311,NA,Total livestock case count unclear,36.98083414,-0.93262002
39,Kenya,Murang'a County,Kandara Subcounty,Ng'Araria Ward,NA,Ngararia,1,0,2021-01-19,2021-03-18,2021,January,0,1,LS,NA,6,6,WAHIS,https://wahis.woah.org/#/in-event/3491/dashboard,1000145035,Additional information derived from WHO report (https://www.who.int/emergencies/disease-outbreak-news/item/2021-DON311),37.019834,-0.934632
40,Kenya,Kiambu County,Kikuyu Subcounty,NA,NA,Kikuyu,1,0,2021-06-14,2021-08-20,2021,June,0,1,LS,NA,5,5,WAHIS,https://wahis.woah.org/#/in-event/3841/dashboard,ob_87960,I believe this same outbreak event is captured in Juma et al. 2022 (https://doi.org/10.1186/s12864-022-08764-6) which describes 5 IgM-positive cattle sampled in Kiambu county in July 2021; So at least 5 positive animals were involved in the outbreak event in this area,36.6601,-1.2396
NA,Kenya,Wajir County,Eldas Subcounty,NA,NA,NA,0,0,2021-07-01,2021-08-31,2021,July,0,1,LS,NA,1,1,Omani_etal_2024,https://doi.org/10.1016/j.onehlt.2024.100921,NA,"Although the sampling started in June 2021, discussion of the single IgM-positive animal mentions July 2021 as the ""time of sampling"", hence the coding of the outbreak start date",38.95862255296409,2.1700173504483717
NA,Kenya,Isiolo County,Isiolo South Subcounty,NA,NA,NA,0,0,2021-07-01,2021-08-31,2021,July,0,1,LS,NA,4,4,Muturi_etal_2023,https://doi.org/10.1038/s41598-023-42596-y,NA,NA,39.07445917591728,0.728298782321655
41,Kenya,Nyandarua County,NA,NA,NA,NA,0,0,2020-10-01,NA,2020,October,0,1,LS,NA,3,3,Wanjama_etal_2022,https://www.researchgate.net/profile/James-Kabugu/publication/366836264_Sero-epidemiological_survey_of_Rift_Valley_Fever_virus_in_ruminants_in_Nyandarua_County_Kenya/links/63b435a8a03100368a4df2e1/Sero-epidemiological-survey-of-Rift-Valley-Fever-virus-in-ruminants-in-Nyandarua-County-Kenya.pdf,NA,Outbreak timing coded as occurring between the two sampling events; Not clear when the IgM-positive animals were sampled,36.62610929731617,-0.5581853335049458
NA,Uganda,Northern Region,Kitgum District,NA,NA,NA,0,0,2010-12-01,NA,2010,December,0,1,LS,NA,1,1,Ndumu_etal_2021,https://doi.org/10.1186/s12917-021-02867-0,NA,Some ambiguity in the manuscript about whether the samples were collected starting in November 2010 or December 2010,32.838839100906455,3.1807982221055227
42,Uganda,Western Region,Kabale District,NA,Kamuganguzi Subcounty,Omururinda,1,0,2016-02-10,NA,2016,February,1,1,HU_LS,1,1,2,Shoemaker_etal_2019,https://doi.org/10.4269/ajtmh.18-0732,1000070693,"Captures acute case 2 (AC2) and the single confirmed livestock case; Livestock case is also attested to by a WAHIS event (https://wahis.woah.org/#/in-event/1922/dashboard) where the village is referred to as Kashenyi, immediately adjacent to Omururinda; Note that the coordinates for Kashenyi given in the WAHIS event appear to be inaccurate",29.9924701,-1.3299139
43,Uganda,Western Region,Kabale District,NA,Northern Division,Upper Bugongi,1,0,2016-03-02,NA,2016,March,1,0,HU,1,NA,1,Shoemaker_etal_2019,https://doi.org/10.4269/ajtmh.18-0732,NA,Captures acute case 1 (AC1),29.995927,-1.232273
NA,Uganda,Western Region,Kabale District,NA,Rubaya Subcounty,Mushenyi,1,0,2016-03-03,NA,2016,March,1,0,HU,1,NA,1,Shoemaker_etal_2019,https://doi.org/10.4269/ajtmh.18-0732,NA,Captures acute case 3 (AC3),29.9868397,-1.4472344
44,Uganda,Western Region,Kabale District,NA,Southern Division,Rushaki,1,0,2016-06-02,NA,2016,June,1,0,HU,1,NA,1,Shoemaker_etal_2019,https://doi.org/10.4269/ajtmh.18-0732,NA,Captures acute case 4 (AC4),30.0052505,-1.2592782
NA,Uganda,Western Region,Kabale District,NA,NA,NA,0,0,2016-04-01,2016-04-30,2016,April,1,0,HU,10,NA,10,Nyakarahuka_etal_2018,https://doi.org/10.1371/journal.pntd.0006412,NA,Assuming this data is distinct from that reported by Shoemaker et al. 2019,29.964611141126078,-1.3425784309062483
45,Uganda,Western Region,Isingiro District,NA,Mbaare Subcounty,Katojo Central,1,NA,2018-07-03,NA,2018,July,1,0,HU,3,NA,3,Nyakarahuka_etal_2023,https://doi.org/10.4269/ajtmh.22-0410,NA,NA,30.9719902,-0.8682045
46,Uganda,Central Region,Kiboga District,NA,Kibiga Subcounty,Busakya,1,0,2017-11-14,NA,2017,November,1,0,HU,1,NA,1,Birungi_etal_2021,https://doi.org/10.1155/2021/8881191,NA,Start date information from Table 1,31.7522425,0.8918558
47,Uganda,Central Region,Mityana District,NA,NA,NA,0,0,2017-11-16,NA,2017,November,1,0,HU,1,NA,1,Birungi_etal_2021,https://doi.org/10.1155/2021/8881191,NA,No information given in paper regarding specific village location,32.10194450765305,0.6051363936356503
48,Uganda,Western Region,Kiruhura District,NA,Kanyaryeru Subcounty,Rushororo,1,0,2017-11-18,NA,2017,November,1,0,HU,4,NA,4,Birungi_etal_2021,https://doi.org/10.1155/2021/8881191,NA,Additional information: https://uniph.go.ug/rift-valley-fever-outbreak-caused-by-handling-a-dead-calf-kiruhura-district-2017-2018/,30.9425875,-0.5073751
49,Uganda,Central Region,Kyankwanzi District,NA,Butemba Town Council,Bukwiri,1,NA,2017-12-14,2018-01-04,2017,December,1,0,HU,1,NA,1,Nyakarahuka_etal_2023,https://doi.org/10.4269/ajtmh.22-0410,NA,NA,31.596401,1.126574
50,Uganda,Central Region,Buikwe District,NA,Kawolo Subcounty,Vvumba,1,0,2018-01-07,NA,2018,January,1,0,HU,1,NA,1,Birungi_etal_2021,https://doi.org/10.1155/2021/8881191,NA,Village may also be known as Vumba,32.9,0.3
51,Uganda,Northern Region,Yumbe District,NA,Ariwa Subcounty,Ariwa II refugee camp zone 5,1,NA,2018-01-19,2018-02-07,2018,January,1,0,HU,1,NA,1,Nyakarahuka_etal_2023,https://doi.org/10.4269/ajtmh.22-0410,NA,NA,31.4071817,3.2428225
52,Uganda,Western Region,Rwampara District,NA,Bugamba Subcounty,Bugamba,1,NA,2018-06-08,2018-08-24,2018,June,1,0,HU,1,NA,1,Nyakarahuka_etal_2023,https://doi.org/10.4269/ajtmh.22-0410,NA,NA,30.48719,-0.709031
53,Uganda,Western Region,Ibanda District,NA,Bufunda Division,NA,1,NA,2018-06-18,2018-07-20,2018,June,1,0,HU,1,NA,1,Nyakarahuka_etal_2023,https://doi.org/10.4269/ajtmh.22-0410,NA,NA,30.53012239,-0.09016975
54,Uganda,Western Region,Kasese District,NA,Munkunyu Subcounty,NA,1,NA,2018-06-20,2018-07-07,2018,June,1,0,HU,1,NA,1,Nyakarahuka_etal_2023,https://doi.org/10.4269/ajtmh.22-0410,NA,NA,29.857045,0.01362694
55,Uganda,Western Region,Isingiro District,NA,Masha Subcounty,Kabare,1,NA,2018-06-22,2018-07-20,2018,June,1,0,HU,4,NA,4,Nyakarahuka_etal_2023,https://doi.org/10.4269/ajtmh.22-0410,NA,Village may also be known as Kabaare,30.718193,-0.664144
56,Uganda,Central Region,Ssembabule District,NA,Lwebitakuli Subcounty,NA,1,NA,2018-07-01,2018-08-01,2018,July,1,0,HU,1,NA,1,Nyakarahuka_etal_2023,https://doi.org/10.4269/ajtmh.22-0410,NA,NA,31.34864797,-0.25844587
57,Uganda,Western Region,Isingiro District,NA,Kashumba Subcounty,NA,1,NA,2018-07-03,2018-08-24,2018,July,1,0,HU,1,NA,1,Nyakarahuka_etal_2023,https://doi.org/10.4269/ajtmh.22-0410,NA,NA,30.9563515,-0.8892447
58,Uganda,Western Region,Isingiro District,NA,Rugaaga Subcounty,Nakivale,1,NA,2018-07-03,2018-07-20,2018,July,1,0,HU,1,NA,1,Nyakarahuka_etal_2023,https://doi.org/10.4269/ajtmh.22-0410,NA,NA,30.94943771,-0.771338167
59,Uganda,Western Region,Isingiro District,NA,Kashumba Subcounty,Kashumba,1,NA,2018-07-05,2018-08-24,2018,July,1,0,HU,3,NA,3,Nyakarahuka_etal_2023,https://doi.org/10.4269/ajtmh.22-0410,NA,NA,30.949304,-0.903845
60,Uganda,Central Region,Masaka District,NA,Kkingo Subcounty,Kasaana B,1,NA,2018-07-09,2018-08-03,2018,July,1,0,HU,1,NA,1,Nyakarahuka_etal_2023,https://doi.org/10.4269/ajtmh.22-0410,NA,NA,31.623002,-0.303224
61,Uganda,Central Region,Mubende District,NA,Kigando Subcounty,Bubanda,1,NA,2018-07-10,2018-08-10,2018,July,1,0,HU,1,NA,1,Nyakarahuka_etal_2023,https://doi.org/10.4269/ajtmh.22-0410,NA,NA,31.26666682,0.266838647
62,Uganda,Western Region,Rwampara District,NA,Bugamba Subcounty,Rurengye,1,NA,2018-07-10,2018-07-30,2018,July,1,0,HU,1,NA,1,Nyakarahuka_etal_2023,https://doi.org/10.4269/ajtmh.22-0410,NA,NA,30.503668,-0.729509
63,Uganda,Western Region,Isingiro District,NA,Kikagate Subcounty,Kizibale,1,NA,2018-07-14,2018-08-07,2018,July,1,0,HU,1,NA,1,Nyakarahuka_etal_2023,https://doi.org/10.4269/ajtmh.22-0410,NA,NA,30.661807,-1.034086
64,Uganda,Western Region,Sheema District,NA,Kagango Division,Kasozi,1,NA,2018-07-19,2018-08-11,2018,July,1,0,HU,1,NA,1,Nyakarahuka_etal_2023,https://doi.org/10.4269/ajtmh.22-0410,NA,NA,30.392695,-0.642397
65,Uganda,Western Region,Isingiro District,NA,Kashumba Subcounty,Kashumba,1,NA,2018-07-19,2018-08-14,2018,July,1,0,HU,1,NA,1,Nyakarahuka_etal_2023,https://doi.org/10.4269/ajtmh.22-0410,NA,NA,30.948346,-0.903202
66,Uganda,Western Region,Isingiro District,NA,Nyakitunda Subcounty,Rwamuhunga,1,NA,2018-07-29,2018-08-19,2018,July,1,0,HU,1,NA,1,Nyakarahuka_etal_2023,https://doi.org/10.4269/ajtmh.22-0410,NA,NA,30.738107,-0.924658
68,Uganda,Western Region,Kiruhura District,NA,Sanga Town Council,Nyankumba,1,NA,2018-08-07,2018-08-29,2018,August,1,0,HU,2,NA,2,Nyakarahuka_etal_2023,https://doi.org/10.4269/ajtmh.22-0410,NA,NA,30.908201,-0.501662
69,Uganda,Central Region,Rakai District,NA,Kacheera Subcounty,Kakyera,1,NA,2018-08-08,2018-08-24,2018,August,1,0,HU,1,NA,1,Nyakarahuka_etal_2023,https://doi.org/10.4269/ajtmh.22-0410,NA,NA,31.18753748,-0.594695726
70,Uganda,Eastern Region,Namutumba District,NA,Busembatia Town Council,Kasabuli,1,NA,2018-07-25,2018-08-20,2018,July,1,0,HU,1,NA,1,Nyakarahuka_etal_2023,https://doi.org/10.4269/ajtmh.22-0410,NA,NA,33.623679,0.77964
NA,Uganda,Western Region,Isingiro District,NA,Kashumba Subcounty,Nakivale,1,0,2018-08-08,NA,2018,August,0,1,LS,NA,24,24,WAHIS,https://wahis.woah.org/#/in-event/2666/dashboard,1000104694,NA,30.929099,-0.7898187
NA,Uganda,Western Region,Mbarara District,NA,Kashare Subcounty,Mutonto,1,0,2018-08-12,NA,2018,August,0,1,LS,NA,12,12,WAHIS,https://wahis.woah.org/#/in-event/2666/dashboard,1000104698,Not using coordinates provided by WAHIS as these map to the city of Mbarara; Instead using coordinates for Mutonto itself,30.65,-0.383333
NA,Uganda,Central Region,Lyantonde District,NA,Lyantonde Town Council,Lyantonde,1,0,2018-09-02,NA,2018,September,0,1,LS,NA,20,20,WAHIS,https://wahis.woah.org/#/in-event/2666/dashboard,1000104697,NA,31.1535628,-0.4064197
71,Uganda,Western Region,Kiryandongo District,NA,Kiryandongo Subcounty,Mirima,1,NA,2019-03-03,2019-03-29,2019,March,1,0,HU,1,NA,1,Nyakarahuka_etal_2023,https://doi.org/10.4269/ajtmh.22-0410,NA,NA,32.15906437,1.897241385
72,Uganda,Western Region,Kasese District,NA,Central Division,Salute B,1,NA,2019-05-30,2019-06-30,2019,May,1,0,HU,1,NA,1,Nyakarahuka_etal_2023,https://doi.org/10.4269/ajtmh.22-0410,NA,NA,30.0653,0.179042
74,Uganda,Northern Region,Obongi District,NA,Itula Subcounty,Pasu,1,NA,2019-11-20,2019-12-10,2019,November,1,0,HU,1,NA,1,Nyakarahuka_etal_2023,https://doi.org/10.4269/ajtmh.22-0410,NA,Village may also be known as Passu,31.546031,3.481613
75,Uganda,Western Region,Ntoroko District,NA,Nombe Subcounty,Kimara,1,NA,2019-12-04,2019-12-18,2019,December,1,0,HU,1,NA,1,Nyakarahuka_etal_2023,https://doi.org/10.4269/ajtmh.22-0410,NA,NA,30.413979,1.07504644
76,Uganda,Central Region,Kampala District,NA,Kira Division,Kasokozo,1,NA,2020-02-02,2020-03-20,2020,February,1,0,HU,2,NA,2,Nyakarahuka_etal_2023,https://doi.org/10.4269/ajtmh.22-0410,NA,NA,32.631177,0.42807
77,Uganda,Central Region,Kyankwanzi District,NA,Kyankwanzi Town Council,Kitegwa,1,NA,2020-02-12,2020-03-10,2020,February,1,0,HU,1,NA,1,Nyakarahuka_etal_2023,https://doi.org/10.4269/ajtmh.22-0410,NA,NA,31.882801,1.183394
78,Uganda,Central Region,Lake Victoria District,NA,Bussi Subcounty,Gulwe,1,NA,2020-03-04,2020-03-24,2020,March,1,0,HU,1,NA,1,Nyakarahuka_etal_2023,https://doi.org/10.4269/ajtmh.22-0410,NA,"Outbreak actually occurred on Kava Island, as indicated by the GPS coordinates",32.366674,-0.015864
79,Uganda,Western Region,Kabale District,NA,Central Division,Kigongi A,1,NA,2020-07-08,2020-08-14,2020,July,1,0,HU,1,NA,1,Nyakarahuka_etal_2023,https://doi.org/10.4269/ajtmh.22-0410,NA,NA,29.995834,-1.245965
80,Uganda,Western Region,Kiruhura District,NA,Kenshunga Subcounty,Rushere,1,NA,2020-07-20,2020-08-03,2020,July,1,0,HU,1,NA,1,Nyakarahuka_etal_2023,https://doi.org/10.4269/ajtmh.22-0410,NA,NA,30.862896,-0.176444
81,Uganda,Central Region,Ssembabule District,NA,Lugusulu Subcounty,Kyebando,1,0,2020-11-28,2020-12-31,2020,November,1,0,HU,2,NA,2,Aceng_etal_2023,https://doi.org/10.1186/s42522-023-00092-3,NA,NA,31.39609,-0.06351
82,Uganda,Western Region,Kiruhura District,NA,Kinoni Subcounty,Kasaana,1,0,2021-05-07,NA,2021,May,1,1,HU_LS,4,8,12,Cossaboom_etal_2022,https://doi.org/10.3201/eid2811.220364 ,NA,"Only counting recent, acute cases in Cossaboom et al. 2022; Additional data on livestock cases in: https://uniph.go.ug/rift-valley-fever-outbreak-kiruhura-district-uganda-june-2021/",31.0700292,-0.0603661
83,Uganda,Western Region,Kyegegwa District,NA,Kabweza Kyegegwa Subcounty,Bukere,1,NA,2021-08-01,2021-08-20,2021,August,1,0,HU,1,NA,1,UNIPH,https://uniph.go.ug/descriptive-analysis-of-rift-valley-fever-outbreaks-uganda-2016-2023/,NA,NA,31.09482,0.38333
84,Uganda,Western Region,Kagadi District,NA,Ruteete Subcounty,Kihura,1,NA,2022-01-02,2022-02-02,2022,January,1,1,HU_LS,2,1,3,UNIPH,https://uniph.go.ug/descriptive-analysis-of-rift-valley-fever-outbreaks-uganda-2016-2023/,NA,NA,30.800612,1.0121967
85,Uganda,Western Region,Mbarara District,NA,Rubindi Subcounty,Kama,1,NA,2022-05-10,2022-06-10,2022,May,1,0,HU,3,NA,3,UNIPH,https://uniph.go.ug/descriptive-analysis-of-rift-valley-fever-outbreaks-uganda-2016-2023/,NA,NA,30.550191,-0.373517
86,Tanzania,Morogoro Region,Kilombero District,NA,NA,NA,0,0,2011-05-01,2011-08-31,2011,May,0,1,LS,NA,9,9,Sumaye_etal_2013,https://doi.org/10.1371/journal.pntd.0002356,NA,Approximate location of outbreak determined by referencing Figure 1 in Sumaye et al. 2013,36.2336,-8.2828
NA,Tanzania,Kigoma Region,Kigoma District,NA,NA,NA,0,0,2011-05-01,2011-06-30,2011,May,0,1,LS,NA,1,1,Kifaro_etal_2014,http://dx.doi.org/10.4102/ojvr.v81i2.717 ,NA,"Some ambiguity about the date of sampling because September-October 2011 is also mentioned, but pretty confident these are the correct dates; Approximate location of outbreak determined by referencing Figure 1 in Kifaro et al. 2014",29.66,-4.8043
NA,Tanzania,Kigoma Region,Kibondo District,NA,NA,NA,0,0,2011-05-01,2011-06-30,2011,May,0,1,LS,NA,4,4,Kifaro_etal_2014,http://dx.doi.org/10.4102/ojvr.v81i2.717 ,NA,"Some ambiguity about the date of sampling because September-October 2011 is also mentioned, but pretty confident these are the correct dates; Approximate location of outbreak determined by referencing Figure 1 in Kifaro et al. 2014",30.4877,-3.5881
NA,Tanzania,Kigoma Region,Buhigwe District,NA,NA,NA,0,0,2011-05-01,2011-06-30,2011,May,0,1,LS,NA,3,3,Kifaro_etal_2014,http://dx.doi.org/10.4102/ojvr.v81i2.717 ,NA,"Some ambiguity about the date of sampling because September-October 2011 is also mentioned, but pretty confident these are the correct dates; Approximate location of outbreak determined by referencing Figure 1 in Kifaro et al. 2014",29.78823,-4.4284
87,Tanzania,Morogoro Region,Kilombero District,NA,NA,NA,0,0,2012-03-01,2012-08-31,2012,March,1,0,HU,16,NA,16,Sumaye_etal_2015,https://doi.org/10.1371/journal.pntd.0003536,NA,"Approximate location chosen to match that of the Sumaye et al. 2013 study, since Sumaye et al. 2015 mentions sampling in the same ""hotspots of RVF transmission in the livestock populations""",36.2336,-8.2828
88,Tanzania,Mara Region,Bunda District,NA,NA,NA,0,1,2014-08-01,2014-10-31,2014,August,1,0,HU,2,NA,2,Ahmed_etal_2018,https://doi.org/10.1186/s12879-018-3183-9,NA,A hospital-based study; Districts listed all had IgM-positive humans,33.70352025356076,-2.0607329770983918
88,Tanzania,Mara Region,Serengeti District,NA,NA,NA,0,1,2014-08-01,2014-10-31,2014,August,1,0,HU,1,NA,1,Ahmed_etal_2018,https://doi.org/10.1186/s12879-018-3183-9,NA,A hospital-based study; Districts listed all had IgM-positive humans,34.79059922150413,-1.4933983357360643
88,Tanzania,Arusha Region,Ngorongoro District,NA,NA,NA,0,1,2014-08-01,2014-10-31,2014,August,1,0,HU,3,NA,3,Ahmed_etal_2018,https://doi.org/10.1186/s12879-018-3183-9,NA,A hospital-based study; Districts listed all had IgM-positive humans,35.38768018189193,-1.892202841140764
89,Tanzania,Morogoro Region,Morogoro District,NA,NA,NA,0,0,2014-06-01,2015-10-31,2014,June,0,1,LS,NA,27,27,Matiko_etal_2018,https://doi.org/10.1371/journal.pntd.0006931,NA,Approximate location of outbreak determined by referencing Figure 1 in Matiko et al. 2018 and placing location near IgM-positive villages,37.772134,-6.779623
90,Tanzania,Mbeya Region,Kyela District,NA,NA,NA,0,0,2014-06-01,2015-10-31,2014,June,0,1,LS,NA,3,3,Matiko_etal_2018,https://doi.org/10.1371/journal.pntd.0006931,NA,Approximate location of outbreak determined by referencing Figure 1 in Matiko et al. 2018 and placing location near IgM-positive villages,33.829551,-9.606575
NA,Tanzania,Mbeya Region,Kyela District,NA,NA,NA,0,0,2015-09-01,NA,2015,September,0,1,LS,NA,1,1,Salekwa_etal_2019,https://doi.org/10.4269/ajtmh.18-0798,NA,"Somewhat ambiguous, but the text seems to indicate that the Kyela District was the sole District sampled within the Mbeya Region",33.85442611213785,-9.661336751763226
92,Tanzania,Kilimanjaro Region,Moshi District,NA,NA,NA,0,0,2018-05-16,NA,2018,May,1,1,HU_LS,1,11,12,deGlanville_etal_2022,https://doi.org/10.1093/trstmh/trac076,NA,Livestock cases reported in Arusha Chini and Kindi Wards in de Glanville et al. 2022; Associated human case reported in Kilema Kusini Ward in Madut et al. 2024,37.36171050823977,-3.4857438709515534
92,Tanzania,Kilimanjaro Region,Moshi Urban District,NA,NA,NA,0,0,2018-07-03,NA,2018,July,1,1,HU_LS,1,1,2,deGlanville_etal_2022,https://doi.org/10.1093/trstmh/trac076,NA,Livestock case reported in Rau Ward in de Glanville et al. 2022; Associated human case reported in Pasua Ward in Madut et al. 2024,37.337863869066794,-3.3338873158523006
92,Tanzania,Kilimanjaro Region,Hai District,NA,NA,NA,0,0,2018-07-15,NA,2018,July,1,1,HU_LS,1,2,3,deGlanville_etal_2022,https://doi.org/10.1093/trstmh/trac076,NA,Livestock cases reported in Machame Mashariki Ward in de Glanville et al. 2022; Associated human case reported in Hai Mjini Ward in Madut et al. 2024,37.08194134531733,-3.4133144025790756
NA,Tanzania,Manyara Region,Simanjiro District,NA,NA,NA,0,0,2018-07-01,NA,2018,July,1,0,HU,1,NA,1,Madut_etal_2024,https://doi.org/10.1093/infdis/jiae562 ,NA,"Assuming a July start date for this outbreak, but it's a little unclear",37.28917178183493,-4.934135224229313
93,Tanzania,Kigoma Region,Buhigwe District,NA,NA,NA,0,1,2018-06-01,2018-11-30,2018,June,1,0,HU,2,NA,2,Rugarabamu_etal_2021,https://doi.org/10.1016/j.ijid.2021.07.006,NA,Includes both community-based and health facility-based sampling; Additional case data attested in Rugarabamu et al. 2022 (assuming these two studies have distinct sampling pools),29.821243298045594,-4.460671780390874
94,Tanzania,Dar es Salaam Region,Kinondoni District,NA,NA,NA,0,1,2018-06-01,2018-11-30,2018,June,1,0,HU,6,NA,6,Rugarabamu_etal_2021,https://doi.org/10.1016/j.ijid.2021.07.006,NA,Includes both community-based and health facility-based sampling; Additional case data attested in Rugarabamu et al. 2022 (assuming these two studies have distinct sampling pools),39.12760478914086,-6.775547534691669
95,Tanzania,Morogoro Region,Mvomero District,NA,NA,NA,0,1,2018-06-01,2018-11-30,2018,June,1,0,HU,2,NA,2,Rugarabamu_etal_2021,https://doi.org/10.1016/j.ijid.2021.07.006,NA,Includes both community-based and health facility-based sampling; Additional case data attested in Rugarabamu et al. 2022 (assuming these two studies have distinct sampling pools),37.54285463823112,-6.0081691368489745
96,Tanzania,Mbeya Region,Kyela District,NA,NA,NA,0,1,2018-06-01,2018-11-30,2018,June,1,0,HU,1,NA,1,Rugarabamu_etal_2021,https://doi.org/10.1016/j.ijid.2021.07.006,NA,Includes both community-based and health facility-based sampling,33.7984225063717,-9.542934110091927
97,Tanzania,Dodoma Region,Kondoa District,NA,NA,NA,0,1,2018-06-01,2018-11-30,2018,June,1,0,HU,2,NA,2,Rugarabamu_etal_2021,https://doi.org/10.1016/j.ijid.2021.07.006,NA,Includes both community-based and health facility-based sampling; Additional case data attested in Rugarabamu et al. 2022 (assuming these two studies have distinct sampling pools),36.129944373177445,-4.854190927739984
98,Tanzania,Tanga Region,Kilindi District,NA,NA,NA,0,1,2018-06-01,2018-11-30,2018,June,1,0,HU,2,NA,2,Rugarabamu_etal_2021,https://doi.org/10.1016/j.ijid.2021.07.006,NA,Includes both community-based and health facility-based sampling; Additional case data attested in Rugarabamu et al. 2022 (assuming these two studies have distinct sampling pools),37.495462431905544,-5.2972348200832124
NA,Tanzania,Rukwa Region,Kalambo District,NA,NA,NA,0,1,2018-06-01,2018-11-30,2018,June,1,0,HU,1,NA,1,Rugarabamu_etal_2022,https://doi.org/10.1186/s40249-022-00959-z,NA,Health facility-based sampling,31.49032972775801,-8.254541149909736
NA,Tanzania,Mwanza Region,Ukerewe District,NA,NA,NA,0,1,2018-06-01,2018-11-30,2018,June,1,0,HU,1,NA,1,Rugarabamu_etal_2022,https://doi.org/10.1186/s40249-022-00959-z,NA,Health facility-based sampling,33.11963543498874,-2.079384953717949
100,Tanzania,Kilimanjaro Region,Moshi District,NA,NA,NA,0,0,2020-03-01,2020-06-30,2020,March,1,1,HU_LS,7,11,18,Kumalija_etal_2021,https://doi.org/10.1080/16549716.2021.1957554,NA,Approximate location of outbreak determined by referencing Figure 1 in Kumalija et al. 2021; Counting cases according to PCR data given in Table 4,37.36785,-3.557538
1,Kenya,Kiambu County,Kikuyu Subcounty,NA,NA,Kikuyu,1,NA,2008-09-23,NA,2008,September,0,1,LS,NA,5,5,Unpublished DVS records,NA,NA,NA,36.66138498,-1.2543279
NA,Kenya,"Tana River, Garissa County","Bura, Balambala, Dadaab, Dujis, Fafi Subcounty",NA,NA,NA,0,1,2009-02-01,2009-04-30,2009,February,1,0,HU,4,NA,4,Njenga_and_Bett_2019,https://doi.org/10.1007/s40588-018-0110-1,NA,Assuming a sampling catchment of five subcounties for Garissa Provincial Hospital,38.885373652605395,-0.49895408894697957
2,Kenya,Kilifi County,Kaloleni Subcounty,NA,NA,Mariakani,1,NA,2009-09-03,2009-11-14,2009,September,0,1,LS,NA,22,22,Unpublished DVS records,NA,NA,NA,39.48186,-3.85792
3,Kenya,Garissa County,Ijara Subcounty,NA,NA,Kotile,1,0,2009-10-29,NA,2009,October,0,1,LS,NA,1,1,Lichoti_etal_2014,https://doi.org/10.1155/2014/379010,NA,Referencing Table 5 for positive animals,40.2063,-1.9658
4,Kenya,Garissa County,Ijara Subcounty,NA,NA,Sangailu,1,0,2009-10-28,NA,2009,October,0,1,LS,NA,1,1,Lichoti_etal_2014,https://doi.org/10.1155/2014/379010,NA,Referencing Table 5 for positive animals,40.7327,-1.3148
6,Kenya,Baringo County,Baringo South Subcounty,NA,NA,Salabani,1,0,2009-11-05,NA,2009,November,0,1,LS,NA,1,1,Lichoti_etal_2014,https://doi.org/10.1155/2014/379010,NA,Referencing Table 5 for positive animals,36.0501,0.5507
NA,Kenya,"Tana River, Garissa County","Bura, Balambala, Dadaab, Dujis, Fafi Subcounty",NA,NA,NA,0,1,2009-12-01,2010-02-28,2009,December,1,0,HU,4,NA,4,Njenga_and_Bett_2019,https://doi.org/10.1007/s40588-018-0110-1,NA,Assuming a sampling catchment of five subcounties for Garissa Provincial Hospital,39.62658010558276,-0.889862492464465
7,Kenya,Machakos County,Machakos Town Subcounty,NA,NA,Machakos,1,NA,2010-10-06,NA,2010,October,0,1,LS,NA,5,5,Unpublished DVS records,NA,NA,NA,37.22608737,-1.58948027
8,Kenya,Kiambu County,Thika Town Subcounty,NA,NA,Thika,1,NA,2010-10-06,NA,2010,October,0,1,LS,NA,5,5,Unpublished DVS records,NA,NA,NA,37.1627001,-1.06595808
9,Kenya,Kiambu County,Ruiru Subcounty,NA,NA,Ruiru,1,NA,2010-10-06,NA,2010,October,0,1,LS,NA,1,1,Unpublished DVS records,NA,NA,NA,37.12083699,-1.20259546
10,Kenya,Nairobi County,Kasarani Subcounty,NA,NA,Kamulu,1,NA,2010-10-06,NA,2010,October,0,1,LS,NA,1,1,Unpublished DVS records,NA,NA,NA,37.06358,-1.28306
11,Kenya,Garissa County,Fafi Subcounty,NA,NA,Fafi,1,NA,2011-11-23,2012-01-07,2011,November,0,1,LS,NA,3,3,Unpublished DVS records,NA,NA,NA,40.25089758,-0.43266492
12,Kenya,Lamu County,Lamu West Subcounty,NA,NA,Witu,1,NA,2011-12-24,2012-01-07,2011,December,0,1,LS,NA,7,7,Unpublished DVS records,NA,NA,NA,40.43090174,-2.38248559
NA,Kenya,Garissa County,Fafi Subcounty,NA,NA,Fafi,1,0,2012-09-01,NA,2012,September,0,1,LS,NA,1,1,Owange_etal_2014,https://doi.org/10.1016/j.prevetmed.2014.08.008,NA,"Herd 1175, sampling #1; Information from Figure 1 and Table 1",40.026,-1.104
NA,Kenya,Garissa County,Ijara Subcounty,NA,NA,Masalani,1,0,2012-09-01,NA,2012,September,0,1,LS,NA,1,1,Owange_etal_2014,https://doi.org/10.1016/j.prevetmed.2014.08.008,NA,"Herd 1181, sampling #1; Information from Table 1",40.199,-1.6889
NA,Kenya,Garissa County,Ijara Subcounty,NA,NA,Gedulum,1,0,2012-12-01,NA,2012,December,0,1,LS,NA,1,1,Owange_etal_2014,https://doi.org/10.1016/j.prevetmed.2014.08.008,NA,"Herd 1178, sampling #2; Information from Figure 1 and Table 1",40.71971,-1.38431
NA,Kenya,Garissa County,Ijara Subcounty,NA,NA,Ijara,1,0,2012-12-01,NA,2012,December,0,1,LS,NA,4,4,Owange_etal_2014,https://doi.org/10.1016/j.prevetmed.2014.08.008,NA,"Herd 1179, sampling #2; Information from Figure 1 and Table 1",40.52,-1.5835
NA,Kenya,Garissa County,Ijara Subcounty,NA,NA,Gedulum,1,0,2013-02-01,NA,2013,February,0,1,LS,NA,2,2,Owange_etal_2014,https://doi.org/10.1016/j.prevetmed.2014.08.008,NA,"Herd 1178, sampling #3; Information from Figure 1 and Table 1",40.71971,-1.38431
NA,Kenya,Lamu County,Lamu West Subcounty,NA,NA,Witu,1,0,2013-05-01,NA,2013,May,0,1,LS,NA,2,2,Owange_etal_2014,https://doi.org/10.1016/j.prevetmed.2014.08.008,NA,"Herd 1172, sampling #4; Information from Figure 1 and Table 1",40.7558,-2.2104
NA,Kenya,Garissa County,Fafi Subcounty,NA,NA,Kamuthe,1,0,2013-05-01,NA,2013,May,0,1,LS,NA,2,2,Owange_etal_2014,https://doi.org/10.1016/j.prevetmed.2014.08.008,NA,"Herd 1174, sampling #4; Information from Figure 1 and Table 1",39.86329,-0.70585
NA,Kenya,Garissa County,Fafi Subcounty,NA,NA,Halei,1,0,2013-05-01,NA,2013,May,0,1,LS,NA,5,5,Owange_etal_2014,https://doi.org/10.1016/j.prevetmed.2014.08.008,NA,"Herd 1178, sampling #4 and herd 1179, sampling #4; Information from Figure 1 and Table 1",39.9916,-0.5974
NA,Kenya,Garissa County,Fafi Subcounty,NA,NA,Tana,0,0,2013-05-01,NA,2013,May,0,1,LS,NA,2,2,Owange_etal_2014,https://doi.org/10.1016/j.prevetmed.2014.08.008,NA,"Herd 1181, sampling #4; Not clear which Tana in Fafi Subcounty is being referred to, and herd 1181 is not shown on Figure 1",40.71577060405903,-1.0908389788865416
14,Kenya,Murang'a County,Kandara Subcounty,NA,NA,Ngararia,1,NA,2014-05-01,NA,2014,May,1,1,HU_LS,3,7,10,Unpublished KEMRI records,NA,NA,NA,37.02083493,-0.93262001
15,Kenya,Garissa County,Balambala Subcounty,NA,NA,Garissa,1,NA,2016-06-03,NA,2016,June,0,1,LS,NA,7,7,Unpublished KEMRI records,NA,NA,NA,39.59074632,-0.24856877
16,Kenya,Isiolo County,Isiolo North Subcounty,NA,NA,Saleti,1,0,2018-06-15,2018-07-30,2018,June,0,1,LS,NA,15,15,WAHIS,https://wahis.woah.org/#/in-event/2574/dashboard,1000101603,NA,38.611561,1.177155
17,Kenya,Isiolo County,Isiolo South Subcounty,NA,NA,Garbatulla,1,0,2018-06-19,2018-07-30,2018,June,0,1,LS,NA,12,12,WAHIS,https://wahis.woah.org/#/in-event/2574/dashboard,1000101604,NA,38.415522,0.549314
19,Kenya,Wajir County,Wajir North Subcounty,NA,NA,Basir,1,0,2018-05-01,2018-07-30,2018,May,0,1,LS,NA,25,25,WAHIS,https://wahis.woah.org/#/in-event/2574/dashboard,1000100918,"Based on information in Hassan et al. 2020 (10.4269/ajtmh.20-0387), setting the start date in Wajir County to May",39.027828,2.327758
20,Kenya,Wajir County,Eldas Subcounty,NA,NA,Eldas,1,0,2018-05-01,2018-07-30,2018,May,1,1,HU_LS,21,17,38,WAHIS,https://wahis.woah.org/#/in-event/2574/dashboard,1000101072,"Based on information in Hassan et al. 2020 (10.4269/ajtmh.20-0387), setting the start date in Wajir County to May; Arbitrarily assigning all Wajir County human cases reported in Hassan et al. 2020 to Eldas Subcounty",39.60631,2.492876
21,Kenya,Mandera County,Mandera South Subcounty,NA,NA,Elwak,1,0,2018-06-22,2018-07-30,2018,June,0,1,LS,NA,2,2,WAHIS,https://wahis.woah.org/#/in-event/2574/dashboard,1000102482,NA,40.913067,2.817387
22,Kenya,Marsabit County,Saku Subcounty,NA,NA,Marsabit,1,0,2018-06-01,2018-07-30,2018,June,1,1,HU_LS,8,18,26,WAHIS,https://wahis.woah.org/#/in-event/2574/dashboard,1000102478,Start date and human case data from Hassan et al. 2020 (10.4269/ajtmh.20-0387),37.869589,2.394153
23,Kenya,Tana River County,Garsen Subcounty,NA,NA,Dhidhe Ade,1,0,2018-06-20,2018-07-30,2018,June,1,1,HU_LS,NA,20,20,Daily Nation,https://reliefweb.int/report/kenya/quarantine-tana-delta-after-rift-valley-fever-outbreak,NA,Total human case count unclear,40.26515673,-2.5509187
24,Kenya,Tana River County,Bura Subcounty,NA,NA,Galole,1,0,2018-06-11,2018-07-30,2018,June,0,1,LS,NA,1,1,WAHIS,https://wahis.woah.org/#/in-event/2574/dashboard,1000101073,NA,39.952116,-1.284105
25,Kenya,Siaya County,Ugenya Subcounty,NA,NA,Siaya,1,0,2018-06-02,2018-07-30,2018,June,1,1,HU_LS,1,38,39,WAHIS,https://wahis.woah.org/#/in-event/2574/dashboard,1000101606,Start date and human case data from Hassan et al. 2020 (10.4269/ajtmh.20-0387),34.141077,0.198418
27,Kenya,Baringo County,Mogotio Subcounty,NA,NA,Mogotio,1,0,2018-06-29,2018-07-30,2018,June,0,1,LS,NA,1,1,WAHIS,https://wahis.woah.org/#/in-event/2574/dashboard,1000102477,NA,36.067303,0.24718300000000001
28,Kenya,Meru County,Igembe South Subcounty,NA,NA,Igembe Central,1,0,2018-07-02,2018-07-30,2018,July,0,1,LS,NA,1,1,WAHIS,https://wahis.woah.org/#/in-event/2574/dashboard,1000102483,NA,37.952045,0.237924
29,Kenya,Murang'a County,Kiharu Subcounty,NA,NA,Kihingo,1,0,2019-01-25,2019-03-21,2019,January,0,1,LS,NA,4,4,WAHIS,https://wahis.woah.org/#/in-event/2824/dashboard,1000111864,NA,37.087673,-0.721406
30,Kenya,Nyandarua County,Ndaragwa Subcounty,NA,NA,Rurii,1,NA,2019-01-24,2019-03-21,2019,January,1,1,HU_LS,15,1,16,Unpublished KEMRI records,NA,NA,NA,36.37819305,-0.21193184
31,Kenya,Nyandarua County,Ol Kalou Subcounty,NA,NA,Karau,1,NA,2019-01-24,2019-03-21,2019,January,1,1,HU_LS,NA,1,1,Unpublished KEMRI records,NA,NA,Total human case count unclear,36.33845537,-0.31679704
32,Kenya,Nyandarua County,Ndaragwa Subcounty,NA,NA,Shamata,1,0,2019-02-25,2019-03-21,2019,February,0,1,LS,NA,5,5,WAHIS,https://wahis.woah.org/#/in-event/2824/dashboard,1000111865,NA,36.498871,-0.195548
33,Kenya,Isiolo County,Isiolo South Subcounty,Sericho Ward,NA,Eresa Boru,1,0,2020-11-19,2021-03-18,2020,November,1,1,HU_LS,NA,24,24,WAHIS,https://wahis.woah.org/#/in-event/3491/dashboard,1000143195,Additional information derived from WHO report (https://www.who.int/emergencies/disease-outbreak-news/item/2021-DON311) where this outbreak is referred to as occurring in Garbatulla Subcounty; Total human case count in Isiolo South (Garbatulla) unclear,38.781515,1.038371
34,Kenya,Isiolo County,Isiolo North Subcounty,Cherab Ward,NA,Korbesa,1,0,2020-11-19,2021-03-18,2020,November,1,1,HU_LS,NA,20,20,WAHIS,https://wahis.woah.org/#/in-event/3491/dashboard,1000144227,Additional information derived from WHO report (https://www.who.int/emergencies/disease-outbreak-news/item/2021-DON311) where Korbesa is described as being within Merti Subcounty; Total human case count in Isiolo North (Merti) unclear,38.78781,1.210698
35,Kenya,Garissa County,Balambala Subcounty,Danyere Ward,NA,Danyere,1,0,2020-12-07,2021-03-18,2020,December,0,1,LS,NA,1,1,WAHIS,https://wahis.woah.org/#/in-event/3491/dashboard,1000143196,"Additional information derived from WHO report (https://www.who.int/emergencies/disease-outbreak-news/item/2021-DON311); Coordinates given by WAHIS fall within Danyere Ward, not Jara Jara Ward, as indicated in the WAHIS event",38.850756,0.307889
36,Kenya,Garissa County,Ijara Subcounty,Masalani Ward,NA,Qalaqal,1,0,2020-12-07,2021-03-18,2020,December,0,1,LS,NA,3,3,WAHIS,https://wahis.woah.org/#/in-event/3491/dashboard,1000143198,Additional information derived from WHO report (https://www.who.int/emergencies/disease-outbreak-news/item/2021-DON311),40.240787,-1.627194
37,Kenya,Mandera County,Mandera North Subcounty,Rhamu-Dimtu Ward,NA,Yabicho,1,0,2021-01-22,2021-03-18,2021,January,1,1,HU_LS,2,2,4,WAHIS,https://wahis.woah.org/#/in-event/3491/dashboard,1000146374,Additional information derived from WHO report (https://www.who.int/emergencies/disease-outbreak-news/item/2021-DON311) where the human portion of this outbreak is described from Kalmalab in Mandera North Subcounty,41.09124,3.821088
38,Kenya,Murang'a County,Gatanga Subcounty,Kihumbu-Ini Ward,NA,Kihumbu-Ini,1,0,2020-12-29,2021-03-18,2020,December,0,1,LS,NA,NA,NA,WHO,https://www.who.int/emergencies/disease-outbreak-news/item/2021-DON311,NA,Total livestock case count unclear,36.98083414,-0.93262002
39,Kenya,Murang'a County,Kandara Subcounty,Ng'Araria Ward,NA,Ngararia,1,0,2021-01-19,2021-03-18,2021,January,0,1,LS,NA,6,6,WAHIS,https://wahis.woah.org/#/in-event/3491/dashboard,1000145035,Additional information derived from WHO report (https://www.who.int/emergencies/disease-outbreak-news/item/2021-DON311),37.019834,-0.934632
40,Kenya,Kiambu County,Kikuyu Subcounty,NA,NA,Kikuyu,1,0,2021-06-14,2021-08-20,2021,June,0,1,LS,NA,5,5,WAHIS,https://wahis.woah.org/#/in-event/3841/dashboard,ob_87960,I believe this same outbreak event is captured in Juma et al. 2022 (https://doi.org/10.1186/s12864-022-08764-6) which describes 5 IgM-positive cattle sampled in Kiambu county in July 2021; So at least 5 positive animals were involved in the outbreak event in this area,36.6601,-1.2396
NA,Kenya,Wajir County,Eldas Subcounty,NA,NA,NA,0,0,2021-07-01,2021-08-31,2021,July,0,1,LS,NA,1,1,Omani_etal_2024,https://doi.org/10.1016/j.onehlt.2024.100921,NA,"Although the sampling started in June 2021, discussion of the single IgM-positive animal mentions July 2021 as the ""time of sampling"", hence the coding of the outbreak start date",39.46237742192852,2.2689538407578684
NA,Kenya,Isiolo County,Isiolo South Subcounty,NA,NA,NA,0,0,2021-07-01,2021-08-31,2021,July,0,1,LS,NA,4,4,Muturi_etal_2023,https://doi.org/10.1038/s41598-023-42596-y,NA,NA,39.09394237161952,1.0504375651860212
41,Kenya,Nyandarua County,NA,NA,NA,NA,0,0,2020-10-01,NA,2020,October,0,1,LS,NA,3,3,Wanjama_etal_2022,https://www.researchgate.net/profile/James-Kabugu/publication/366836264_Sero-epidemiological_survey_of_Rift_Valley_Fever_virus_in_ruminants_in_Nyandarua_County_Kenya/links/63b435a8a03100368a4df2e1/Sero-epidemiological-survey-of-Rift-Valley-Fever-virus-in-ruminants-in-Nyandarua-County-Kenya.pdf,NA,Outbreak timing coded as occurring between the two sampling events; Not clear when the IgM-positive animals were sampled,36.40015145800125,-0.2557887307297416
NA,Uganda,Northern Region,Kitgum District,NA,NA,NA,0,0,2010-12-01,NA,2010,December,0,1,LS,NA,1,1,Ndumu_etal_2021,https://doi.org/10.1186/s12917-021-02867-0,NA,Some ambiguity in the manuscript about whether the samples were collected starting in November 2010 or December 2010,33.07424808436999,3.2498845745892124
42,Uganda,Western Region,Kabale District,NA,Kamuganguzi Subcounty,Omururinda,1,0,2016-02-10,NA,2016,February,1,1,HU_LS,1,1,2,Shoemaker_etal_2019,https://doi.org/10.4269/ajtmh.18-0732,1000070693,"Captures acute case 2 (AC2) and the single confirmed livestock case; Livestock case is also attested to by a WAHIS event (https://wahis.woah.org/#/in-event/1922/dashboard) where the village is referred to as Kashenyi, immediately adjacent to Omururinda; Note that the coordinates for Kashenyi given in the WAHIS event appear to be inaccurate",29.9924701,-1.3299139
43,Uganda,Western Region,Kabale District,NA,Northern Division,Upper Bugongi,1,0,2016-03-02,NA,2016,March,1,0,HU,1,NA,1,Shoemaker_etal_2019,https://doi.org/10.4269/ajtmh.18-0732,NA,Captures acute case 1 (AC1),29.995927,-1.232273
NA,Uganda,Western Region,Kabale District,NA,Rubaya Subcounty,Mushenyi,1,0,2016-03-03,NA,2016,March,1,0,HU,1,NA,1,Shoemaker_etal_2019,https://doi.org/10.4269/ajtmh.18-0732,NA,Captures acute case 3 (AC3),29.9868397,-1.4472344
44,Uganda,Western Region,Kabale District,NA,Southern Division,Rushaki,1,0,2016-06-02,NA,2016,June,1,0,HU,1,NA,1,Shoemaker_etal_2019,https://doi.org/10.4269/ajtmh.18-0732,NA,Captures acute case 4 (AC4),30.0052505,-1.2592782
NA,Uganda,Western Region,Kabale District,NA,NA,NA,0,0,2016-04-01,2016-04-30,2016,April,1,0,HU,10,NA,10,Nyakarahuka_etal_2018,https://doi.org/10.1371/journal.pntd.0006412,NA,Assuming this data is distinct from that reported by Shoemaker et al. 2019,30.16135004060251,-1.3102620446128697
45,Uganda,Western Region,Isingiro District,NA,Mbaare Subcounty,Katojo Central,1,NA,2018-07-03,NA,2018,July,1,0,HU,3,NA,3,Nyakarahuka_etal_2023,https://doi.org/10.4269/ajtmh.22-0410,NA,NA,30.9719902,-0.8682045
46,Uganda,Central Region,Kiboga District,NA,Kibiga Subcounty,Busakya,1,0,2017-11-14,NA,2017,November,1,0,HU,1,NA,1,Birungi_etal_2021,https://doi.org/10.1155/2021/8881191,NA,Start date information from Table 1,31.7522425,0.8918558
47,Uganda,Central Region,Mityana District,NA,NA,NA,0,0,2017-11-16,NA,2017,November,1,0,HU,1,NA,1,Birungi_etal_2021,https://doi.org/10.1155/2021/8881191,NA,No information given in paper regarding specific village location,32.08739190620547,0.3086907573853474
48,Uganda,Western Region,Kiruhura District,NA,Kanyaryeru Subcounty,Rushororo,1,0,2017-11-18,NA,2017,November,1,0,HU,4,NA,4,Birungi_etal_2021,https://doi.org/10.1155/2021/8881191,NA,Additional information: https://uniph.go.ug/rift-valley-fever-outbreak-caused-by-handling-a-dead-calf-kiruhura-district-2017-2018/,30.9425875,-0.5073751
49,Uganda,Central Region,Kyankwanzi District,NA,Butemba Town Council,Bukwiri,1,NA,2017-12-14,2018-01-04,2017,December,1,0,HU,1,NA,1,Nyakarahuka_etal_2023,https://doi.org/10.4269/ajtmh.22-0410,NA,NA,31.596401,1.126574
50,Uganda,Central Region,Buikwe District,NA,Kawolo Subcounty,Vvumba,1,0,2018-01-07,NA,2018,January,1,0,HU,1,NA,1,Birungi_etal_2021,https://doi.org/10.1155/2021/8881191,NA,Village may also be known as Vumba,32.9,0.3
51,Uganda,Northern Region,Yumbe District,NA,Ariwa Subcounty,Ariwa II refugee camp zone 5,1,NA,2018-01-19,2018-02-07,2018,January,1,0,HU,1,NA,1,Nyakarahuka_etal_2023,https://doi.org/10.4269/ajtmh.22-0410,NA,NA,31.4071817,3.2428225
52,Uganda,Western Region,Rwampara District,NA,Bugamba Subcounty,Bugamba,1,NA,2018-06-08,2018-08-24,2018,June,1,0,HU,1,NA,1,Nyakarahuka_etal_2023,https://doi.org/10.4269/ajtmh.22-0410,NA,NA,30.48719,-0.709031
53,Uganda,Western Region,Ibanda District,NA,Bufunda Division,NA,1,NA,2018-06-18,2018-07-20,2018,June,1,0,HU,1,NA,1,Nyakarahuka_etal_2023,https://doi.org/10.4269/ajtmh.22-0410,NA,NA,30.53012239,-0.09016975
54,Uganda,Western Region,Kasese District,NA,Munkunyu Subcounty,NA,1,NA,2018-06-20,2018-07-07,2018,June,1,0,HU,1,NA,1,Nyakarahuka_etal_2023,https://doi.org/10.4269/ajtmh.22-0410,NA,NA,29.857045,0.01362694
55,Uganda,Western Region,Isingiro District,NA,Masha Subcounty,Kabare,1,NA,2018-06-22,2018-07-20,2018,June,1,0,HU,4,NA,4,Nyakarahuka_etal_2023,https://doi.org/10.4269/ajtmh.22-0410,NA,Village may also be known as Kabaare,30.718193,-0.664144
56,Uganda,Central Region,Ssembabule District,NA,Lwebitakuli Subcounty,NA,1,NA,2018-07-01,2018-08-01,2018,July,1,0,HU,1,NA,1,Nyakarahuka_etal_2023,https://doi.org/10.4269/ajtmh.22-0410,NA,NA,31.34864797,-0.25844587
57,Uganda,Western Region,Isingiro District,NA,Kashumba Subcounty,NA,1,NA,2018-07-03,2018-08-24,2018,July,1,0,HU,1,NA,1,Nyakarahuka_etal_2023,https://doi.org/10.4269/ajtmh.22-0410,NA,NA,30.9563515,-0.8892447
58,Uganda,Western Region,Isingiro District,NA,Rugaaga Subcounty,Nakivale,1,NA,2018-07-03,2018-07-20,2018,July,1,0,HU,1,NA,1,Nyakarahuka_etal_2023,https://doi.org/10.4269/ajtmh.22-0410,NA,NA,30.94943771,-0.771338167
59,Uganda,Western Region,Isingiro District,NA,Kashumba Subcounty,Kashumba,1,NA,2018-07-05,2018-08-24,2018,July,1,0,HU,3,NA,3,Nyakarahuka_etal_2023,https://doi.org/10.4269/ajtmh.22-0410,NA,NA,30.949304,-0.903845
60,Uganda,Central Region,Masaka District,NA,Kkingo Subcounty,Kasaana B,1,NA,2018-07-09,2018-08-03,2018,July,1,0,HU,1,NA,1,Nyakarahuka_etal_2023,https://doi.org/10.4269/ajtmh.22-0410,NA,NA,31.623002,-0.303224
61,Uganda,Central Region,Mubende District,NA,Kigando Subcounty,Bubanda,1,NA,2018-07-10,2018-08-10,2018,July,1,0,HU,1,NA,1,Nyakarahuka_etal_2023,https://doi.org/10.4269/ajtmh.22-0410,NA,NA,31.26666682,0.266838647
62,Uganda,Western Region,Rwampara District,NA,Bugamba Subcounty,Rurengye,1,NA,2018-07-10,2018-07-30,2018,July,1,0,HU,1,NA,1,Nyakarahuka_etal_2023,https://doi.org/10.4269/ajtmh.22-0410,NA,NA,30.503668,-0.729509
63,Uganda,Western Region,Isingiro District,NA,Kikagate Subcounty,Kizibale,1,NA,2018-07-14,2018-08-07,2018,July,1,0,HU,1,NA,1,Nyakarahuka_etal_2023,https://doi.org/10.4269/ajtmh.22-0410,NA,NA,30.661807,-1.034086
64,Uganda,Western Region,Sheema District,NA,Kagango Division,Kasozi,1,NA,2018-07-19,2018-08-11,2018,July,1,0,HU,1,NA,1,Nyakarahuka_etal_2023,https://doi.org/10.4269/ajtmh.22-0410,NA,NA,30.392695,-0.642397
65,Uganda,Western Region,Isingiro District,NA,Kashumba Subcounty,Kashumba,1,NA,2018-07-19,2018-08-14,2018,July,1,0,HU,1,NA,1,Nyakarahuka_etal_2023,https://doi.org/10.4269/ajtmh.22-0410,NA,NA,30.948346,-0.903202
66,Uganda,Western Region,Isingiro District,NA,Nyakitunda Subcounty,Rwamuhunga,1,NA,2018-07-29,2018-08-19,2018,July,1,0,HU,1,NA,1,Nyakarahuka_etal_2023,https://doi.org/10.4269/ajtmh.22-0410,NA,NA,30.738107,-0.924658
68,Uganda,Western Region,Kiruhura District,NA,Sanga Town Council,Nyankumba,1,NA,2018-08-07,2018-08-29,2018,August,1,0,HU,2,NA,2,Nyakarahuka_etal_2023,https://doi.org/10.4269/ajtmh.22-0410,NA,NA,30.908201,-0.501662
69,Uganda,Central Region,Rakai District,NA,Kacheera Subcounty,Kakyera,1,NA,2018-08-08,2018-08-24,2018,August,1,0,HU,1,NA,1,Nyakarahuka_etal_2023,https://doi.org/10.4269/ajtmh.22-0410,NA,NA,31.18753748,-0.594695726
70,Uganda,Eastern Region,Namutumba District,NA,Busembatia Town Council,Kasabuli,1,NA,2018-07-25,2018-08-20,2018,July,1,0,HU,1,NA,1,Nyakarahuka_etal_2023,https://doi.org/10.4269/ajtmh.22-0410,NA,NA,33.623679,0.77964
NA,Uganda,Western Region,Isingiro District,NA,Kashumba Subcounty,Nakivale,1,0,2018-08-08,NA,2018,August,0,1,LS,NA,24,24,WAHIS,https://wahis.woah.org/#/in-event/2666/dashboard,1000104694,NA,30.929099,-0.7898187
NA,Uganda,Western Region,Mbarara District,NA,Kashare Subcounty,Mutonto,1,0,2018-08-12,NA,2018,August,0,1,LS,NA,12,12,WAHIS,https://wahis.woah.org/#/in-event/2666/dashboard,1000104698,Not using coordinates provided by WAHIS as these map to the city of Mbarara; Instead using coordinates for Mutonto itself,30.65,-0.383333
NA,Uganda,Central Region,Lyantonde District,NA,Lyantonde Town Council,Lyantonde,1,0,2018-09-02,NA,2018,September,0,1,LS,NA,20,20,WAHIS,https://wahis.woah.org/#/in-event/2666/dashboard,1000104697,NA,31.1535628,-0.4064197
71,Uganda,Western Region,Kiryandongo District,NA,Kiryandongo Subcounty,Mirima,1,NA,2019-03-03,2019-03-29,2019,March,1,0,HU,1,NA,1,Nyakarahuka_etal_2023,https://doi.org/10.4269/ajtmh.22-0410,NA,NA,32.15906437,1.897241385
72,Uganda,Western Region,Kasese District,NA,Central Division,Salute B,1,NA,2019-05-30,2019-06-30,2019,May,1,0,HU,1,NA,1,Nyakarahuka_etal_2023,https://doi.org/10.4269/ajtmh.22-0410,NA,NA,30.0653,0.179042
74,Uganda,Northern Region,Obongi District,NA,Itula Subcounty,Pasu,1,NA,2019-11-20,2019-12-10,2019,November,1,0,HU,1,NA,1,Nyakarahuka_etal_2023,https://doi.org/10.4269/ajtmh.22-0410,NA,Village may also be known as Passu,31.546031,3.481613
75,Uganda,Western Region,Ntoroko District,NA,Nombe Subcounty,Kimara,1,NA,2019-12-04,2019-12-18,2019,December,1,0,HU,1,NA,1,Nyakarahuka_etal_2023,https://doi.org/10.4269/ajtmh.22-0410,NA,NA,30.413979,1.07504644
76,Uganda,Central Region,Kampala District,NA,Kira Division,Kasokozo,1,NA,2020-02-02,2020-03-20,2020,February,1,0,HU,2,NA,2,Nyakarahuka_etal_2023,https://doi.org/10.4269/ajtmh.22-0410,NA,NA,32.631177,0.42807
77,Uganda,Central Region,Kyankwanzi District,NA,Kyankwanzi Town Council,Kitegwa,1,NA,2020-02-12,2020-03-10,2020,February,1,0,HU,1,NA,1,Nyakarahuka_etal_2023,https://doi.org/10.4269/ajtmh.22-0410,NA,NA,31.882801,1.183394
78,Uganda,Central Region,Lake Victoria District,NA,Bussi Subcounty,Gulwe,1,NA,2020-03-04,2020-03-24,2020,March,1,0,HU,1,NA,1,Nyakarahuka_etal_2023,https://doi.org/10.4269/ajtmh.22-0410,NA,"Outbreak actually occurred on Kava Island, as indicated by the GPS coordinates",32.366674,-0.015864
79,Uganda,Western Region,Kabale District,NA,Central Division,Kigongi A,1,NA,2020-07-08,2020-08-14,2020,July,1,0,HU,1,NA,1,Nyakarahuka_etal_2023,https://doi.org/10.4269/ajtmh.22-0410,NA,NA,29.995834,-1.245965
80,Uganda,Western Region,Kiruhura District,NA,Kenshunga Subcounty,Rushere,1,NA,2020-07-20,2020-08-03,2020,July,1,0,HU,1,NA,1,Nyakarahuka_etal_2023,https://doi.org/10.4269/ajtmh.22-0410,NA,NA,30.862896,-0.176444
81,Uganda,Central Region,Ssembabule District,NA,Lugusulu Subcounty,Kyebando,1,0,2020-11-28,2020-12-31,2020,November,1,0,HU,2,NA,2,Aceng_etal_2023,https://doi.org/10.1186/s42522-023-00092-3,NA,NA,31.39609,-0.06351
82,Uganda,Western Region,Kiruhura District,NA,Kinoni Subcounty,Kasaana,1,0,2021-05-07,NA,2021,May,1,1,HU_LS,4,8,12,Cossaboom_etal_2022,https://doi.org/10.3201/eid2811.220364 ,NA,"Only counting recent, acute cases in Cossaboom et al. 2022; Additional data on livestock cases in: https://uniph.go.ug/rift-valley-fever-outbreak-kiruhura-district-uganda-june-2021/",31.0700292,-0.0603661
83,Uganda,Western Region,Kyegegwa District,NA,Kabweza Kyegegwa Subcounty,Bukere,1,NA,2021-08-01,2021-08-20,2021,August,1,0,HU,1,NA,1,UNIPH,https://uniph.go.ug/descriptive-analysis-of-rift-valley-fever-outbreaks-uganda-2016-2023/,NA,NA,31.09482,0.38333
84,Uganda,Western Region,Kagadi District,NA,Ruteete Subcounty,Kihura,1,NA,2022-01-02,2022-02-02,2022,January,1,1,HU_LS,2,1,3,UNIPH,https://uniph.go.ug/descriptive-analysis-of-rift-valley-fever-outbreaks-uganda-2016-2023/,NA,NA,30.800612,1.0121967
85,Uganda,Western Region,Mbarara District,NA,Rubindi Subcounty,Kama,1,NA,2022-05-10,2022-06-10,2022,May,1,0,HU,3,NA,3,UNIPH,https://uniph.go.ug/descriptive-analysis-of-rift-valley-fever-outbreaks-uganda-2016-2023/,NA,NA,30.550191,-0.373517
86,Tanzania,Morogoro Region,Kilombero District,NA,NA,NA,0,0,2011-05-01,2011-08-31,2011,May,0,1,LS,NA,9,9,Sumaye_etal_2013,https://doi.org/10.1371/journal.pntd.0002356,NA,Approximate location of outbreak determined by referencing Figure 1 in Sumaye et al. 2013,36.2336,-8.2828
NA,Tanzania,Kigoma Region,Kigoma District,NA,NA,NA,0,0,2011-05-01,2011-06-30,2011,May,0,1,LS,NA,1,1,Kifaro_etal_2014,http://dx.doi.org/10.4102/ojvr.v81i2.717 ,NA,"Some ambiguity about the date of sampling because September-October 2011 is also mentioned, but pretty confident these are the correct dates; Approximate location of outbreak determined by referencing Figure 1 in Kifaro et al. 2014",29.66,-4.8043
NA,Tanzania,Kigoma Region,Kibondo District,NA,NA,NA,0,0,2011-05-01,2011-06-30,2011,May,0,1,LS,NA,4,4,Kifaro_etal_2014,http://dx.doi.org/10.4102/ojvr.v81i2.717 ,NA,"Some ambiguity about the date of sampling because September-October 2011 is also mentioned, but pretty confident these are the correct dates; Approximate location of outbreak determined by referencing Figure 1 in Kifaro et al. 2014",30.4877,-3.5881
NA,Tanzania,Kigoma Region,Buhigwe District,NA,NA,NA,0,0,2011-05-01,2011-06-30,2011,May,0,1,LS,NA,3,3,Kifaro_etal_2014,http://dx.doi.org/10.4102/ojvr.v81i2.717 ,NA,"Some ambiguity about the date of sampling because September-October 2011 is also mentioned, but pretty confident these are the correct dates; Approximate location of outbreak determined by referencing Figure 1 in Kifaro et al. 2014",29.78823,-4.4284
87,Tanzania,Morogoro Region,Kilombero District,NA,NA,NA,0,0,2012-03-01,2012-08-31,2012,March,1,0,HU,16,NA,16,Sumaye_etal_2015,https://doi.org/10.1371/journal.pntd.0003536,NA,"Approximate location chosen to match that of the Sumaye et al. 2013 study, since Sumaye et al. 2015 mentions sampling in the same ""hotspots of RVF transmission in the livestock populations""",36.2336,-8.2828
88,Tanzania,Mara Region,Bunda District,NA,NA,NA,0,1,2014-08-01,2014-10-31,2014,August,1,0,HU,2,NA,2,Ahmed_etal_2018,https://doi.org/10.1186/s12879-018-3183-9,NA,A hospital-based study; Districts listed all had IgM-positive humans,33.987422599694746,-2.0635827436603016
88,Tanzania,Mara Region,Serengeti District,NA,NA,NA,0,1,2014-08-01,2014-10-31,2014,August,1,0,HU,1,NA,1,Ahmed_etal_2018,https://doi.org/10.1186/s12879-018-3183-9,NA,A hospital-based study; Districts listed all had IgM-positive humans,34.59169403385842,-1.9594894747220937
88,Tanzania,Arusha Region,Ngorongoro District,NA,NA,NA,0,1,2014-08-01,2014-10-31,2014,August,1,0,HU,3,NA,3,Ahmed_etal_2018,https://doi.org/10.1186/s12879-018-3183-9,NA,A hospital-based study; Districts listed all had IgM-positive humans,35.113941537634936,-3.0542317077139307
89,Tanzania,Morogoro Region,Morogoro District,NA,NA,NA,0,0,2014-06-01,2015-10-31,2014,June,0,1,LS,NA,27,27,Matiko_etal_2018,https://doi.org/10.1371/journal.pntd.0006931,NA,Approximate location of outbreak determined by referencing Figure 1 in Matiko et al. 2018 and placing location near IgM-positive villages,37.772134,-6.779623
90,Tanzania,Mbeya Region,Kyela District,NA,NA,NA,0,0,2014-06-01,2015-10-31,2014,June,0,1,LS,NA,3,3,Matiko_etal_2018,https://doi.org/10.1371/journal.pntd.0006931,NA,Approximate location of outbreak determined by referencing Figure 1 in Matiko et al. 2018 and placing location near IgM-positive villages,33.829551,-9.606575
NA,Tanzania,Mbeya Region,Kyela District,NA,NA,NA,0,0,2015-09-01,NA,2015,September,0,1,LS,NA,1,1,Salekwa_etal_2019,https://doi.org/10.4269/ajtmh.18-0798,NA,"Somewhat ambiguous, but the text seems to indicate that the Kyela District was the sole District sampled within the Mbeya Region",33.80414980643949,-9.571033241688088
92,Tanzania,Kilimanjaro Region,Moshi District,NA,NA,NA,0,0,2018-05-16,NA,2018,May,1,1,HU_LS,1,11,12,deGlanville_etal_2022,https://doi.org/10.1093/trstmh/trac076,NA,Livestock cases reported in Arusha Chini and Kindi Wards in de Glanville et al. 2022; Associated human case reported in Kilema Kusini Ward in Madut et al. 2024,37.424344342325874,-3.3548335945060717
92,Tanzania,Kilimanjaro Region,Moshi Urban District,NA,NA,NA,0,0,2018-07-03,NA,2018,July,1,1,HU_LS,1,1,2,deGlanville_etal_2022,https://doi.org/10.1093/trstmh/trac076,NA,Livestock case reported in Rau Ward in de Glanville et al. 2022; Associated human case reported in Pasua Ward in Madut et al. 2024,37.35279903506849,-3.352459289441901
92,Tanzania,Kilimanjaro Region,Hai District,NA,NA,NA,0,0,2018-07-15,NA,2018,July,1,1,HU_LS,1,2,3,deGlanville_etal_2022,https://doi.org/10.1093/trstmh/trac076,NA,Livestock cases reported in Machame Mashariki Ward in de Glanville et al. 2022; Associated human case reported in Hai Mjini Ward in Madut et al. 2024,37.081131636927935,-3.422457911972048
NA,Tanzania,Manyara Region,Simanjiro District,NA,NA,NA,0,0,2018-07-01,NA,2018,July,1,0,HU,1,NA,1,Madut_etal_2024,https://doi.org/10.1093/infdis/jiae562 ,NA,"Assuming a July start date for this outbreak, but it's a little unclear",37.040211750247906,-5.016225982912826
93,Tanzania,Kigoma Region,Buhigwe District,NA,NA,NA,0,1,2018-06-01,2018-11-30,2018,June,1,0,HU,2,NA,2,Rugarabamu_etal_2021,https://doi.org/10.1016/j.ijid.2021.07.006,NA,Includes both community-based and health facility-based sampling; Additional case data attested in Rugarabamu et al. 2022 (assuming these two studies have distinct sampling pools),30.083707075746506,-4.39047931361855
94,Tanzania,Dar es Salaam Region,Kinondoni District,NA,NA,NA,0,1,2018-06-01,2018-11-30,2018,June,1,0,HU,6,NA,6,Rugarabamu_etal_2021,https://doi.org/10.1016/j.ijid.2021.07.006,NA,Includes both community-based and health facility-based sampling; Additional case data attested in Rugarabamu et al. 2022 (assuming these two studies have distinct sampling pools),39.19613205601189,-6.727200987346032
95,Tanzania,Morogoro Region,Mvomero District,NA,NA,NA,0,1,2018-06-01,2018-11-30,2018,June,1,0,HU,2,NA,2,Rugarabamu_etal_2021,https://doi.org/10.1016/j.ijid.2021.07.006,NA,Includes both community-based and health facility-based sampling; Additional case data attested in Rugarabamu et al. 2022 (assuming these two studies have distinct sampling pools),37.87539272835318,-6.074631559582745
96,Tanzania,Mbeya Region,Kyela District,NA,NA,NA,0,1,2018-06-01,2018-11-30,2018,June,1,0,HU,1,NA,1,Rugarabamu_etal_2021,https://doi.org/10.1016/j.ijid.2021.07.006,NA,Includes both community-based and health facility-based sampling,33.93558050747668,-9.42132062668223
97,Tanzania,Dodoma Region,Kondoa District,NA,NA,NA,0,1,2018-06-01,2018-11-30,2018,June,1,0,HU,2,NA,2,Rugarabamu_etal_2021,https://doi.org/10.1016/j.ijid.2021.07.006,NA,Includes both community-based and health facility-based sampling; Additional case data attested in Rugarabamu et al. 2022 (assuming these two studies have distinct sampling pools),35.98568204013835,-4.61267249951151
98,Tanzania,Tanga Region,Kilindi District,NA,NA,NA,0,1,2018-06-01,2018-11-30,2018,June,1,0,HU,2,NA,2,Rugarabamu_etal_2021,https://doi.org/10.1016/j.ijid.2021.07.006,NA,Includes both community-based and health facility-based sampling; Additional case data attested in Rugarabamu et al. 2022 (assuming these two studies have distinct sampling pools),37.727443888059504,-5.793814437527475
NA,Tanzania,Rukwa Region,Kalambo District,NA,NA,NA,0,1,2018-06-01,2018-11-30,2018,June,1,0,HU,1,NA,1,Rugarabamu_etal_2022,https://doi.org/10.1186/s40249-022-00959-z,NA,Health facility-based sampling,32.031429569348624,-8.997083668758593
NA,Tanzania,Mwanza Region,Ukerewe District,NA,NA,NA,0,1,2018-06-01,2018-11-30,2018,June,1,0,HU,1,NA,1,Rugarabamu_etal_2022,https://doi.org/10.1186/s40249-022-00959-z,NA,Health facility-based sampling,33.16652372803587,-1.9241420397487554
100,Tanzania,Kilimanjaro Region,Moshi District,NA,NA,NA,0,0,2020-03-01,2020-06-30,2020,March,1,1,HU_LS,7,11,18,Kumalija_etal_2021,https://doi.org/10.1080/16549716.2021.1957554,NA,Approximate location of outbreak determined by referencing Figure 1 in Kumalija et al. 2021; Counting cases according to PCR data given in Table 4,37.36785,-3.557538
1,Kenya,Kiambu County,Kikuyu Subcounty,NA,NA,Kikuyu,1,NA,2008-09-23,NA,2008,September,0,1,LS,NA,5,5,Unpublished DVS records,NA,NA,NA,36.66138498,-1.2543279
NA,Kenya,"Tana River, Garissa County","Bura, Balambala, Dadaab, Dujis, Fafi Subcounty",NA,NA,NA,0,1,2009-02-01,2009-04-30,2009,February,1,0,HU,4,NA,4,Njenga_and_Bett_2019,https://doi.org/10.1007/s40588-018-0110-1,NA,Assuming a sampling catchment of five subcounties for Garissa Provincial Hospital,40.87481282157616,-0.6822375716016468
2,Kenya,Kilifi County,Kaloleni Subcounty,NA,NA,Mariakani,1,NA,2009-09-03,2009-11-14,2009,September,0,1,LS,NA,22,22,Unpublished DVS records,NA,NA,NA,39.48186,-3.85792
3,Kenya,Garissa County,Ijara Subcounty,NA,NA,Kotile,1,0,2009-10-29,NA,2009,October,0,1,LS,NA,1,1,Lichoti_etal_2014,https://doi.org/10.1155/2014/379010,NA,Referencing Table 5 for positive animals,40.2063,-1.9658
4,Kenya,Garissa County,Ijara Subcounty,NA,NA,Sangailu,1,0,2009-10-28,NA,2009,October,0,1,LS,NA,1,1,Lichoti_etal_2014,https://doi.org/10.1155/2014/379010,NA,Referencing Table 5 for positive animals,40.7327,-1.3148
6,Kenya,Baringo County,Baringo South Subcounty,NA,NA,Salabani,1,0,2009-11-05,NA,2009,November,0,1,LS,NA,1,1,Lichoti_etal_2014,https://doi.org/10.1155/2014/379010,NA,Referencing Table 5 for positive animals,36.0501,0.5507
NA,Kenya,"Tana River, Garissa County","Bura, Balambala, Dadaab, Dujis, Fafi Subcounty",NA,NA,NA,0,1,2009-12-01,2010-02-28,2009,December,1,0,HU,4,NA,4,Njenga_and_Bett_2019,https://doi.org/10.1007/s40588-018-0110-1,NA,Assuming a sampling catchment of five subcounties for Garissa Provincial Hospital,39.19517979258319,0.02109859871166294
7,Kenya,Machakos County,Machakos Town Subcounty,NA,NA,Machakos,1,NA,2010-10-06,NA,2010,October,0,1,LS,NA,5,5,Unpublished DVS records,NA,NA,NA,37.22608737,-1.58948027
8,Kenya,Kiambu County,Thika Town Subcounty,NA,NA,Thika,1,NA,2010-10-06,NA,2010,October,0,1,LS,NA,5,5,Unpublished DVS records,NA,NA,NA,37.1627001,-1.06595808
9,Kenya,Kiambu County,Ruiru Subcounty,NA,NA,Ruiru,1,NA,2010-10-06,NA,2010,October,0,1,LS,NA,1,1,Unpublished DVS records,NA,NA,NA,37.12083699,-1.20259546
10,Kenya,Nairobi County,Kasarani Subcounty,NA,NA,Kamulu,1,NA,2010-10-06,NA,2010,October,0,1,LS,NA,1,1,Unpublished DVS records,NA,NA,NA,37.06358,-1.28306
11,Kenya,Garissa County,Fafi Subcounty,NA,NA,Fafi,1,NA,2011-11-23,2012-01-07,2011,November,0,1,LS,NA,3,3,Unpublished DVS records,NA,NA,NA,40.25089758,-0.43266492
12,Kenya,Lamu County,Lamu West Subcounty,NA,NA,Witu,1,NA,2011-12-24,2012-01-07,2011,December,0,1,LS,NA,7,7,Unpublished DVS records,NA,NA,NA,40.43090174,-2.38248559
NA,Kenya,Garissa County,Fafi Subcounty,NA,NA,Fafi,1,0,2012-09-01,NA,2012,September,0,1,LS,NA,1,1,Owange_etal_2014,https://doi.org/10.1016/j.prevetmed.2014.08.008,NA,"Herd 1175, sampling #1; Information from Figure 1 and Table 1",40.026,-1.104
NA,Kenya,Garissa County,Ijara Subcounty,NA,NA,Masalani,1,0,2012-09-01,NA,2012,September,0,1,LS,NA,1,1,Owange_etal_2014,https://doi.org/10.1016/j.prevetmed.2014.08.008,NA,"Herd 1181, sampling #1; Information from Table 1",40.199,-1.6889
NA,Kenya,Garissa County,Ijara Subcounty,NA,NA,Gedulum,1,0,2012-12-01,NA,2012,December,0,1,LS,NA,1,1,Owange_etal_2014,https://doi.org/10.1016/j.prevetmed.2014.08.008,NA,"Herd 1178, sampling #2; Information from Figure 1 and Table 1",40.71971,-1.38431
NA,Kenya,Garissa County,Ijara Subcounty,NA,NA,Ijara,1,0,2012-12-01,NA,2012,December,0,1,LS,NA,4,4,Owange_etal_2014,https://doi.org/10.1016/j.prevetmed.2014.08.008,NA,"Herd 1179, sampling #2; Information from Figure 1 and Table 1",40.52,-1.5835
NA,Kenya,Garissa County,Ijara Subcounty,NA,NA,Gedulum,1,0,2013-02-01,NA,2013,February,0,1,LS,NA,2,2,Owange_etal_2014,https://doi.org/10.1016/j.prevetmed.2014.08.008,NA,"Herd 1178, sampling #3; Information from Figure 1 and Table 1",40.71971,-1.38431
NA,Kenya,Lamu County,Lamu West Subcounty,NA,NA,Witu,1,0,2013-05-01,NA,2013,May,0,1,LS,NA,2,2,Owange_etal_2014,https://doi.org/10.1016/j.prevetmed.2014.08.008,NA,"Herd 1172, sampling #4; Information from Figure 1 and Table 1",40.7558,-2.2104
NA,Kenya,Garissa County,Fafi Subcounty,NA,NA,Kamuthe,1,0,2013-05-01,NA,2013,May,0,1,LS,NA,2,2,Owange_etal_2014,https://doi.org/10.1016/j.prevetmed.2014.08.008,NA,"Herd 1174, sampling #4; Information from Figure 1 and Table 1",39.86329,-0.70585
NA,Kenya,Garissa County,Fafi Subcounty,NA,NA,Halei,1,0,2013-05-01,NA,2013,May,0,1,LS,NA,5,5,Owange_etal_2014,https://doi.org/10.1016/j.prevetmed.2014.08.008,NA,"Herd 1178, sampling #4 and herd 1179, sampling #4; Information from Figure 1 and Table 1",39.9916,-0.5974
NA,Kenya,Garissa County,Fafi Subcounty,NA,NA,Tana,0,0,2013-05-01,NA,2013,May,0,1,LS,NA,2,2,Owange_etal_2014,https://doi.org/10.1016/j.prevetmed.2014.08.008,NA,"Herd 1181, sampling #4; Not clear which Tana in Fafi Subcounty is being referred to, and herd 1181 is not shown on Figure 1",40.887717683141325,-0.46144575239516944
14,Kenya,Murang'a County,Kandara Subcounty,NA,NA,Ngararia,1,NA,2014-05-01,NA,2014,May,1,1,HU_LS,3,7,10,Unpublished KEMRI records,NA,NA,NA,37.02083493,-0.93262001
15,Kenya,Garissa County,Balambala Subcounty,NA,NA,Garissa,1,NA,2016-06-03,NA,2016,June,0,1,LS,NA,7,7,Unpublished KEMRI records,NA,NA,NA,39.59074632,-0.24856877
16,Kenya,Isiolo County,Isiolo North Subcounty,NA,NA,Saleti,1,0,2018-06-15,2018-07-30,2018,June,0,1,LS,NA,15,15,WAHIS,https://wahis.woah.org/#/in-event/2574/dashboard,1000101603,NA,38.611561,1.177155
17,Kenya,Isiolo County,Isiolo South Subcounty,NA,NA,Garbatulla,1,0,2018-06-19,2018-07-30,2018,June,0,1,LS,NA,12,12,WAHIS,https://wahis.woah.org/#/in-event/2574/dashboard,1000101604,NA,38.415522,0.549314
19,Kenya,Wajir County,Wajir North Subcounty,NA,NA,Basir,1,0,2018-05-01,2018-07-30,2018,May,0,1,LS,NA,25,25,WAHIS,https://wahis.woah.org/#/in-event/2574/dashboard,1000100918,"Based on information in Hassan et al. 2020 (10.4269/ajtmh.20-0387), setting the start date in Wajir County to May",39.027828,2.327758
20,Kenya,Wajir County,Eldas Subcounty,NA,NA,Eldas,1,0,2018-05-01,2018-07-30,2018,May,1,1,HU_LS,21,17,38,WAHIS,https://wahis.woah.org/#/in-event/2574/dashboard,1000101072,"Based on information in Hassan et al. 2020 (10.4269/ajtmh.20-0387), setting the start date in Wajir County to May; Arbitrarily assigning all Wajir County human cases reported in Hassan et al. 2020 to Eldas Subcounty",39.60631,2.492876
21,Kenya,Mandera County,Mandera South Subcounty,NA,NA,Elwak,1,0,2018-06-22,2018-07-30,2018,June,0,1,LS,NA,2,2,WAHIS,https://wahis.woah.org/#/in-event/2574/dashboard,1000102482,NA,40.913067,2.817387
22,Kenya,Marsabit County,Saku Subcounty,NA,NA,Marsabit,1,0,2018-06-01,2018-07-30,2018,June,1,1,HU_LS,8,18,26,WAHIS,https://wahis.woah.org/#/in-event/2574/dashboard,1000102478,Start date and human case data from Hassan et al. 2020 (10.4269/ajtmh.20-0387),37.869589,2.394153
23,Kenya,Tana River County,Garsen Subcounty,NA,NA,Dhidhe Ade,1,0,2018-06-20,2018-07-30,2018,June,1,1,HU_LS,NA,20,20,Daily Nation,https://reliefweb.int/report/kenya/quarantine-tana-delta-after-rift-valley-fever-outbreak,NA,Total human case count unclear,40.26515673,-2.5509187
24,Kenya,Tana River County,Bura Subcounty,NA,NA,Galole,1,0,2018-06-11,2018-07-30,2018,June,0,1,LS,NA,1,1,WAHIS,https://wahis.woah.org/#/in-event/2574/dashboard,1000101073,NA,39.952116,-1.284105
25,Kenya,Siaya County,Ugenya Subcounty,NA,NA,Siaya,1,0,2018-06-02,2018-07-30,2018,June,1,1,HU_LS,1,38,39,WAHIS,https://wahis.woah.org/#/in-event/2574/dashboard,1000101606,Start date and human case data from Hassan et al. 2020 (10.4269/ajtmh.20-0387),34.141077,0.198418
27,Kenya,Baringo County,Mogotio Subcounty,NA,NA,Mogotio,1,0,2018-06-29,2018-07-30,2018,June,0,1,LS,NA,1,1,WAHIS,https://wahis.woah.org/#/in-event/2574/dashboard,1000102477,NA,36.067303,0.24718300000000001
28,Kenya,Meru County,Igembe South Subcounty,NA,NA,Igembe Central,1,0,2018-07-02,2018-07-30,2018,July,0,1,LS,NA,1,1,WAHIS,https://wahis.woah.org/#/in-event/2574/dashboard,1000102483,NA,37.952045,0.237924
29,Kenya,Murang'a County,Kiharu Subcounty,NA,NA,Kihingo,1,0,2019-01-25,2019-03-21,2019,January,0,1,LS,NA,4,4,WAHIS,https://wahis.woah.org/#/in-event/2824/dashboard,1000111864,NA,37.087673,-0.721406
30,Kenya,Nyandarua County,Ndaragwa Subcounty,NA,NA,Rurii,1,NA,2019-01-24,2019-03-21,2019,January,1,1,HU_LS,15,1,16,Unpublished KEMRI records,NA,NA,NA,36.37819305,-0.21193184
31,Kenya,Nyandarua County,Ol Kalou Subcounty,NA,NA,Karau,1,NA,2019-01-24,2019-03-21,2019,January,1,1,HU_LS,NA,1,1,Unpublished KEMRI records,NA,NA,Total human case count unclear,36.33845537,-0.31679704
32,Kenya,Nyandarua County,Ndaragwa Subcounty,NA,NA,Shamata,1,0,2019-02-25,2019-03-21,2019,February,0,1,LS,NA,5,5,WAHIS,https://wahis.woah.org/#/in-event/2824/dashboard,1000111865,NA,36.498871,-0.195548
33,Kenya,Isiolo County,Isiolo South Subcounty,Sericho Ward,NA,Eresa Boru,1,0,2020-11-19,2021-03-18,2020,November,1,1,HU_LS,NA,24,24,WAHIS,https://wahis.woah.org/#/in-event/3491/dashboard,1000143195,Additional information derived from WHO report (https://www.who.int/emergencies/disease-outbreak-news/item/2021-DON311) where this outbreak is referred to as occurring in Garbatulla Subcounty; Total human case count in Isiolo South (Garbatulla) unclear,38.781515,1.038371
34,Kenya,Isiolo County,Isiolo North Subcounty,Cherab Ward,NA,Korbesa,1,0,2020-11-19,2021-03-18,2020,November,1,1,HU_LS,NA,20,20,WAHIS,https://wahis.woah.org/#/in-event/3491/dashboard,1000144227,Additional information derived from WHO report (https://www.who.int/emergencies/disease-outbreak-news/item/2021-DON311) where Korbesa is described as being within Merti Subcounty; Total human case count in Isiolo North (Merti) unclear,38.78781,1.210698
35,Kenya,Garissa County,Balambala Subcounty,Danyere Ward,NA,Danyere,1,0,2020-12-07,2021-03-18,2020,December,0,1,LS,NA,1,1,WAHIS,https://wahis.woah.org/#/in-event/3491/dashboard,1000143196,"Additional information derived from WHO report (https://www.who.int/emergencies/disease-outbreak-news/item/2021-DON311); Coordinates given by WAHIS fall within Danyere Ward, not Jara Jara Ward, as indicated in the WAHIS event",38.850756,0.307889
36,Kenya,Garissa County,Ijara Subcounty,Masalani Ward,NA,Qalaqal,1,0,2020-12-07,2021-03-18,2020,December,0,1,LS,NA,3,3,WAHIS,https://wahis.woah.org/#/in-event/3491/dashboard,1000143198,Additional information derived from WHO report (https://www.who.int/emergencies/disease-outbreak-news/item/2021-DON311),40.240787,-1.627194
37,Kenya,Mandera County,Mandera North Subcounty,Rhamu-Dimtu Ward,NA,Yabicho,1,0,2021-01-22,2021-03-18,2021,January,1,1,HU_LS,2,2,4,WAHIS,https://wahis.woah.org/#/in-event/3491/dashboard,1000146374,Additional information derived from WHO report (https://www.who.int/emergencies/disease-outbreak-news/item/2021-DON311) where the human portion of this outbreak is described from Kalmalab in Mandera North Subcounty,41.09124,3.821088
38,Kenya,Murang'a County,Gatanga Subcounty,Kihumbu-Ini Ward,NA,Kihumbu-Ini,1,0,2020-12-29,2021-03-18,2020,December,0,1,LS,NA,NA,NA,WHO,https://www.who.int/emergencies/disease-outbreak-news/item/2021-DON311,NA,Total livestock case count unclear,36.98083414,-0.93262002
39,Kenya,Murang'a County,Kandara Subcounty,Ng'Araria Ward,NA,Ngararia,1,0,2021-01-19,2021-03-18,2021,January,0,1,LS,NA,6,6,WAHIS,https://wahis.woah.org/#/in-event/3491/dashboard,1000145035,Additional information derived from WHO report (https://www.who.int/emergencies/disease-outbreak-news/item/2021-DON311),37.019834,-0.934632
40,Kenya,Kiambu County,Kikuyu Subcounty,NA,NA,Kikuyu,1,0,2021-06-14,2021-08-20,2021,June,0,1,LS,NA,5,5,WAHIS,https://wahis.woah.org/#/in-event/3841/dashboard,ob_87960,I believe this same outbreak event is captured in Juma et al. 2022 (https://doi.org/10.1186/s12864-022-08764-6) which describes 5 IgM-positive cattle sampled in Kiambu county in July 2021; So at least 5 positive animals were involved in the outbreak event in this area,36.6601,-1.2396
NA,Kenya,Wajir County,Eldas Subcounty,NA,NA,NA,0,0,2021-07-01,2021-08-31,2021,July,0,1,LS,NA,1,1,Omani_etal_2024,https://doi.org/10.1016/j.onehlt.2024.100921,NA,"Although the sampling started in June 2021, discussion of the single IgM-positive animal mentions July 2021 as the ""time of sampling"", hence the coding of the outbreak start date",39.72728319174974,2.5142527123453546
NA,Kenya,Isiolo County,Isiolo South Subcounty,NA,NA,NA,0,0,2021-07-01,2021-08-31,2021,July,0,1,LS,NA,4,4,Muturi_etal_2023,https://doi.org/10.1038/s41598-023-42596-y,NA,NA,39.00709844658446,0.881777312145009
41,Kenya,Nyandarua County,NA,NA,NA,NA,0,0,2020-10-01,NA,2020,October,0,1,LS,NA,3,3,Wanjama_etal_2022,https://www.researchgate.net/profile/James-Kabugu/publication/366836264_Sero-epidemiological_survey_of_Rift_Valley_Fever_virus_in_ruminants_in_Nyandarua_County_Kenya/links/63b435a8a03100368a4df2e1/Sero-epidemiological-survey-of-Rift-Valley-Fever-virus-in-ruminants-in-Nyandarua-County-Kenya.pdf,NA,Outbreak timing coded as occurring between the two sampling events; Not clear when the IgM-positive animals were sampled,36.49577648215755,-0.01976342237218046
NA,Uganda,Northern Region,Kitgum District,NA,NA,NA,0,0,2010-12-01,NA,2010,December,0,1,LS,NA,1,1,Ndumu_etal_2021,https://doi.org/10.1186/s12917-021-02867-0,NA,Some ambiguity in the manuscript about whether the samples were collected starting in November 2010 or December 2010,32.84629897894859,3.2193871319309064
42,Uganda,Western Region,Kabale District,NA,Kamuganguzi Subcounty,Omururinda,1,0,2016-02-10,NA,2016,February,1,1,HU_LS,1,1,2,Shoemaker_etal_2019,https://doi.org/10.4269/ajtmh.18-0732,1000070693,"Captures acute case 2 (AC2) and the single confirmed livestock case; Livestock case is also attested to by a WAHIS event (https://wahis.woah.org/#/in-event/1922/dashboard) where the village is referred to as Kashenyi, immediately adjacent to Omururinda; Note that the coordinates for Kashenyi given in the WAHIS event appear to be inaccurate",29.9924701,-1.3299139
43,Uganda,Western Region,Kabale District,NA,Northern Division,Upper Bugongi,1,0,2016-03-02,NA,2016,March,1,0,HU,1,NA,1,Shoemaker_etal_2019,https://doi.org/10.4269/ajtmh.18-0732,NA,Captures acute case 1 (AC1),29.995927,-1.232273
NA,Uganda,Western Region,Kabale District,NA,Rubaya Subcounty,Mushenyi,1,0,2016-03-03,NA,2016,March,1,0,HU,1,NA,1,Shoemaker_etal_2019,https://doi.org/10.4269/ajtmh.18-0732,NA,Captures acute case 3 (AC3),29.9868397,-1.4472344
44,Uganda,Western Region,Kabale District,NA,Southern Division,Rushaki,1,0,2016-06-02,NA,2016,June,1,0,HU,1,NA,1,Shoemaker_etal_2019,https://doi.org/10.4269/ajtmh.18-0732,NA,Captures acute case 4 (AC4),30.0052505,-1.2592782
NA,Uganda,Western Region,Kabale District,NA,NA,NA,0,0,2016-04-01,2016-04-30,2016,April,1,0,HU,10,NA,10,Nyakarahuka_etal_2018,https://doi.org/10.1371/journal.pntd.0006412,NA,Assuming this data is distinct from that reported by Shoemaker et al. 2019,29.98776219488282,-1.3477045486889785
45,Uganda,Western Region,Isingiro District,NA,Mbaare Subcounty,Katojo Central,1,NA,2018-07-03,NA,2018,July,1,0,HU,3,NA,3,Nyakarahuka_etal_2023,https://doi.org/10.4269/ajtmh.22-0410,NA,NA,30.9719902,-0.8682045
46,Uganda,Central Region,Kiboga District,NA,Kibiga Subcounty,Busakya,1,0,2017-11-14,NA,2017,November,1,0,HU,1,NA,1,Birungi_etal_2021,https://doi.org/10.1155/2021/8881191,NA,Start date information from Table 1,31.7522425,0.8918558
47,Uganda,Central Region,Mityana District,NA,NA,NA,0,0,2017-11-16,NA,2017,November,1,0,HU,1,NA,1,Birungi_etal_2021,https://doi.org/10.1155/2021/8881191,NA,No information given in paper regarding specific village location,32.19945441233803,0.5573806087500484
48,Uganda,Western Region,Kiruhura District,NA,Kanyaryeru Subcounty,Rushororo,1,0,2017-11-18,NA,2017,November,1,0,HU,4,NA,4,Birungi_etal_2021,https://doi.org/10.1155/2021/8881191,NA,Additional information: https://uniph.go.ug/rift-valley-fever-outbreak-caused-by-handling-a-dead-calf-kiruhura-district-2017-2018/,30.9425875,-0.5073751
49,Uganda,Central Region,Kyankwanzi District,NA,Butemba Town Council,Bukwiri,1,NA,2017-12-14,2018-01-04,2017,December,1,0,HU,1,NA,1,Nyakarahuka_etal_2023,https://doi.org/10.4269/ajtmh.22-0410,NA,NA,31.596401,1.126574
50,Uganda,Central Region,Buikwe District,NA,Kawolo Subcounty,Vvumba,1,0,2018-01-07,NA,2018,January,1,0,HU,1,NA,1,Birungi_etal_2021,https://doi.org/10.1155/2021/8881191,NA,Village may also be known as Vumba,32.9,0.3
51,Uganda,Northern Region,Yumbe District,NA,Ariwa Subcounty,Ariwa II refugee camp zone 5,1,NA,2018-01-19,2018-02-07,2018,January,1,0,HU,1,NA,1,Nyakarahuka_etal_2023,https://doi.org/10.4269/ajtmh.22-0410,NA,NA,31.4071817,3.2428225
52,Uganda,Western Region,Rwampara District,NA,Bugamba Subcounty,Bugamba,1,NA,2018-06-08,2018-08-24,2018,June,1,0,HU,1,NA,1,Nyakarahuka_etal_2023,https://doi.org/10.4269/ajtmh.22-0410,NA,NA,30.48719,-0.709031
53,Uganda,Western Region,Ibanda District,NA,Bufunda Division,NA,1,NA,2018-06-18,2018-07-20,2018,June,1,0,HU,1,NA,1,Nyakarahuka_etal_2023,https://doi.org/10.4269/ajtmh.22-0410,NA,NA,30.53012239,-0.09016975
54,Uganda,Western Region,Kasese District,NA,Munkunyu Subcounty,NA,1,NA,2018-06-20,2018-07-07,2018,June,1,0,HU,1,NA,1,Nyakarahuka_etal_2023,https://doi.org/10.4269/ajtmh.22-0410,NA,NA,29.857045,0.01362694
55,Uganda,Western Region,Isingiro District,NA,Masha Subcounty,Kabare,1,NA,2018-06-22,2018-07-20,2018,June,1,0,HU,4,NA,4,Nyakarahuka_etal_2023,https://doi.org/10.4269/ajtmh.22-0410,NA,Village may also be known as Kabaare,30.718193,-0.664144
56,Uganda,Central Region,Ssembabule District,NA,Lwebitakuli Subcounty,NA,1,NA,2018-07-01,2018-08-01,2018,July,1,0,HU,1,NA,1,Nyakarahuka_etal_2023,https://doi.org/10.4269/ajtmh.22-0410,NA,NA,31.34864797,-0.25844587
57,Uganda,Western Region,Isingiro District,NA,Kashumba Subcounty,NA,1,NA,2018-07-03,2018-08-24,2018,July,1,0,HU,1,NA,1,Nyakarahuka_etal_2023,https://doi.org/10.4269/ajtmh.22-0410,NA,NA,30.9563515,-0.8892447
58,Uganda,Western Region,Isingiro District,NA,Rugaaga Subcounty,Nakivale,1,NA,2018-07-03,2018-07-20,2018,July,1,0,HU,1,NA,1,Nyakarahuka_etal_2023,https://doi.org/10.4269/ajtmh.22-0410,NA,NA,30.94943771,-0.771338167
59,Uganda,Western Region,Isingiro District,NA,Kashumba Subcounty,Kashumba,1,NA,2018-07-05,2018-08-24,2018,July,1,0,HU,3,NA,3,Nyakarahuka_etal_2023,https://doi.org/10.4269/ajtmh.22-0410,NA,NA,30.949304,-0.903845
60,Uganda,Central Region,Masaka District,NA,Kkingo Subcounty,Kasaana B,1,NA,2018-07-09,2018-08-03,2018,July,1,0,HU,1,NA,1,Nyakarahuka_etal_2023,https://doi.org/10.4269/ajtmh.22-0410,NA,NA,31.623002,-0.303224
61,Uganda,Central Region,Mubende District,NA,Kigando Subcounty,Bubanda,1,NA,2018-07-10,2018-08-10,2018,July,1,0,HU,1,NA,1,Nyakarahuka_etal_2023,https://doi.org/10.4269/ajtmh.22-0410,NA,NA,31.26666682,0.266838647
62,Uganda,Western Region,Rwampara District,NA,Bugamba Subcounty,Rurengye,1,NA,2018-07-10,2018-07-30,2018,July,1,0,HU,1,NA,1,Nyakarahuka_etal_2023,https://doi.org/10.4269/ajtmh.22-0410,NA,NA,30.503668,-0.729509
63,Uganda,Western Region,Isingiro District,NA,Kikagate Subcounty,Kizibale,1,NA,2018-07-14,2018-08-07,2018,July,1,0,HU,1,NA,1,Nyakarahuka_etal_2023,https://doi.org/10.4269/ajtmh.22-0410,NA,NA,30.661807,-1.034086
64,Uganda,Western Region,Sheema District,NA,Kagango Division,Kasozi,1,NA,2018-07-19,2018-08-11,2018,July,1,0,HU,1,NA,1,Nyakarahuka_etal_2023,https://doi.org/10.4269/ajtmh.22-0410,NA,NA,30.392695,-0.642397
65,Uganda,Western Region,Isingiro District,NA,Kashumba Subcounty,Kashumba,1,NA,2018-07-19,2018-08-14,2018,July,1,0,HU,1,NA,1,Nyakarahuka_etal_2023,https://doi.org/10.4269/ajtmh.22-0410,NA,NA,30.948346,-0.903202
66,Uganda,Western Region,Isingiro District,NA,Nyakitunda Subcounty,Rwamuhunga,1,NA,2018-07-29,2018-08-19,2018,July,1,0,HU,1,NA,1,Nyakarahuka_etal_2023,https://doi.org/10.4269/ajtmh.22-0410,NA,NA,30.738107,-0.924658
68,Uganda,Western Region,Kiruhura District,NA,Sanga Town Council,Nyankumba,1,NA,2018-08-07,2018-08-29,2018,August,1,0,HU,2,NA,2,Nyakarahuka_etal_2023,https://doi.org/10.4269/ajtmh.22-0410,NA,NA,30.908201,-0.501662
69,Uganda,Central Region,Rakai District,NA,Kacheera Subcounty,Kakyera,1,NA,2018-08-08,2018-08-24,2018,August,1,0,HU,1,NA,1,Nyakarahuka_etal_2023,https://doi.org/10.4269/ajtmh.22-0410,NA,NA,31.18753748,-0.594695726
70,Uganda,Eastern Region,Namutumba District,NA,Busembatia Town Council,Kasabuli,1,NA,2018-07-25,2018-08-20,2018,July,1,0,HU,1,NA,1,Nyakarahuka_etal_2023,https://doi.org/10.4269/ajtmh.22-0410,NA,NA,33.623679,0.77964
NA,Uganda,Western Region,Isingiro District,NA,Kashumba Subcounty,Nakivale,1,0,2018-08-08,NA,2018,August,0,1,LS,NA,24,24,WAHIS,https://wahis.woah.org/#/in-event/2666/dashboard,1000104694,NA,30.929099,-0.7898187
NA,Uganda,Western Region,Mbarara District,NA,Kashare Subcounty,Mutonto,1,0,2018-08-12,NA,2018,August,0,1,LS,NA,12,12,WAHIS,https://wahis.woah.org/#/in-event/2666/dashboard,1000104698,Not using coordinates provided by WAHIS as these map to the city of Mbarara; Instead using coordinates for Mutonto itself,30.65,-0.383333
NA,Uganda,Central Region,Lyantonde District,NA,Lyantonde Town Council,Lyantonde,1,0,2018-09-02,NA,2018,September,0,1,LS,NA,20,20,WAHIS,https://wahis.woah.org/#/in-event/2666/dashboard,1000104697,NA,31.1535628,-0.4064197
71,Uganda,Western Region,Kiryandongo District,NA,Kiryandongo Subcounty,Mirima,1,NA,2019-03-03,2019-03-29,2019,March,1,0,HU,1,NA,1,Nyakarahuka_etal_2023,https://doi.org/10.4269/ajtmh.22-0410,NA,NA,32.15906437,1.897241385
72,Uganda,Western Region,Kasese District,NA,Central Division,Salute B,1,NA,2019-05-30,2019-06-30,2019,May,1,0,HU,1,NA,1,Nyakarahuka_etal_2023,https://doi.org/10.4269/ajtmh.22-0410,NA,NA,30.0653,0.179042
74,Uganda,Northern Region,Obongi District,NA,Itula Subcounty,Pasu,1,NA,2019-11-20,2019-12-10,2019,November,1,0,HU,1,NA,1,Nyakarahuka_etal_2023,https://doi.org/10.4269/ajtmh.22-0410,NA,Village may also be known as Passu,31.546031,3.481613
75,Uganda,Western Region,Ntoroko District,NA,Nombe Subcounty,Kimara,1,NA,2019-12-04,2019-12-18,2019,December,1,0,HU,1,NA,1,Nyakarahuka_etal_2023,https://doi.org/10.4269/ajtmh.22-0410,NA,NA,30.413979,1.07504644
76,Uganda,Central Region,Kampala District,NA,Kira Division,Kasokozo,1,NA,2020-02-02,2020-03-20,2020,February,1,0,HU,2,NA,2,Nyakarahuka_etal_2023,https://doi.org/10.4269/ajtmh.22-0410,NA,NA,32.631177,0.42807
77,Uganda,Central Region,Kyankwanzi District,NA,Kyankwanzi Town Council,Kitegwa,1,NA,2020-02-12,2020-03-10,2020,February,1,0,HU,1,NA,1,Nyakarahuka_etal_2023,https://doi.org/10.4269/ajtmh.22-0410,NA,NA,31.882801,1.183394
78,Uganda,Central Region,Lake Victoria District,NA,Bussi Subcounty,Gulwe,1,NA,2020-03-04,2020-03-24,2020,March,1,0,HU,1,NA,1,Nyakarahuka_etal_2023,https://doi.org/10.4269/ajtmh.22-0410,NA,"Outbreak actually occurred on Kava Island, as indicated by the GPS coordinates",32.366674,-0.015864
79,Uganda,Western Region,Kabale District,NA,Central Division,Kigongi A,1,NA,2020-07-08,2020-08-14,2020,July,1,0,HU,1,NA,1,Nyakarahuka_etal_2023,https://doi.org/10.4269/ajtmh.22-0410,NA,NA,29.995834,-1.245965
80,Uganda,Western Region,Kiruhura District,NA,Kenshunga Subcounty,Rushere,1,NA,2020-07-20,2020-08-03,2020,July,1,0,HU,1,NA,1,Nyakarahuka_etal_2023,https://doi.org/10.4269/ajtmh.22-0410,NA,NA,30.862896,-0.176444
81,Uganda,Central Region,Ssembabule District,NA,Lugusulu Subcounty,Kyebando,1,0,2020-11-28,2020-12-31,2020,November,1,0,HU,2,NA,2,Aceng_etal_2023,https://doi.org/10.1186/s42522-023-00092-3,NA,NA,31.39609,-0.06351
82,Uganda,Western Region,Kiruhura District,NA,Kinoni Subcounty,Kasaana,1,0,2021-05-07,NA,2021,May,1,1,HU_LS,4,8,12,Cossaboom_etal_2022,https://doi.org/10.3201/eid2811.220364 ,NA,"Only counting recent, acute cases in Cossaboom et al. 2022; Additional data on livestock cases in: https://uniph.go.ug/rift-valley-fever-outbreak-kiruhura-district-uganda-june-2021/",31.0700292,-0.0603661
83,Uganda,Western Region,Kyegegwa District,NA,Kabweza Kyegegwa Subcounty,Bukere,1,NA,2021-08-01,2021-08-20,2021,August,1,0,HU,1,NA,1,UNIPH,https://uniph.go.ug/descriptive-analysis-of-rift-valley-fever-outbreaks-uganda-2016-2023/,NA,NA,31.09482,0.38333
84,Uganda,Western Region,Kagadi District,NA,Ruteete Subcounty,Kihura,1,NA,2022-01-02,2022-02-02,2022,January,1,1,HU_LS,2,1,3,UNIPH,https://uniph.go.ug/descriptive-analysis-of-rift-valley-fever-outbreaks-uganda-2016-2023/,NA,NA,30.800612,1.0121967
85,Uganda,Western Region,Mbarara District,NA,Rubindi Subcounty,Kama,1,NA,2022-05-10,2022-06-10,2022,May,1,0,HU,3,NA,3,UNIPH,https://uniph.go.ug/descriptive-analysis-of-rift-valley-fever-outbreaks-uganda-2016-2023/,NA,NA,30.550191,-0.373517
86,Tanzania,Morogoro Region,Kilombero District,NA,NA,NA,0,0,2011-05-01,2011-08-31,2011,May,0,1,LS,NA,9,9,Sumaye_etal_2013,https://doi.org/10.1371/journal.pntd.0002356,NA,Approximate location of outbreak determined by referencing Figure 1 in Sumaye et al. 2013,36.2336,-8.2828
NA,Tanzania,Kigoma Region,Kigoma District,NA,NA,NA,0,0,2011-05-01,2011-06-30,2011,May,0,1,LS,NA,1,1,Kifaro_etal_2014,http://dx.doi.org/10.4102/ojvr.v81i2.717 ,NA,"Some ambiguity about the date of sampling because September-October 2011 is also mentioned, but pretty confident these are the correct dates; Approximate location of outbreak determined by referencing Figure 1 in Kifaro et al. 2014",29.66,-4.8043
NA,Tanzania,Kigoma Region,Kibondo District,NA,NA,NA,0,0,2011-05-01,2011-06-30,2011,May,0,1,LS,NA,4,4,Kifaro_etal_2014,http://dx.doi.org/10.4102/ojvr.v81i2.717 ,NA,"Some ambiguity about the date of sampling because September-October 2011 is also mentioned, but pretty confident these are the correct dates; Approximate location of outbreak determined by referencing Figure 1 in Kifaro et al. 2014",30.4877,-3.5881
NA,Tanzania,Kigoma Region,Buhigwe District,NA,NA,NA,0,0,2011-05-01,2011-06-30,2011,May,0,1,LS,NA,3,3,Kifaro_etal_2014,http://dx.doi.org/10.4102/ojvr.v81i2.717 ,NA,"Some ambiguity about the date of sampling because September-October 2011 is also mentioned, but pretty confident these are the correct dates; Approximate location of outbreak determined by referencing Figure 1 in Kifaro et al. 2014",29.78823,-4.4284
87,Tanzania,Morogoro Region,Kilombero District,NA,NA,NA,0,0,2012-03-01,2012-08-31,2012,March,1,0,HU,16,NA,16,Sumaye_etal_2015,https://doi.org/10.1371/journal.pntd.0003536,NA,"Approximate location chosen to match that of the Sumaye et al. 2013 study, since Sumaye et al. 2015 mentions sampling in the same ""hotspots of RVF transmission in the livestock populations""",36.2336,-8.2828
88,Tanzania,Mara Region,Bunda District,NA,NA,NA,0,1,2014-08-01,2014-10-31,2014,August,1,0,HU,2,NA,2,Ahmed_etal_2018,https://doi.org/10.1186/s12879-018-3183-9,NA,A hospital-based study; Districts listed all had IgM-positive humans,33.3889250322794,-1.9913826863272492
88,Tanzania,Mara Region,Serengeti District,NA,NA,NA,0,1,2014-08-01,2014-10-31,2014,August,1,0,HU,1,NA,1,Ahmed_etal_2018,https://doi.org/10.1186/s12879-018-3183-9,NA,A hospital-based study; Districts listed all had IgM-positive humans,34.49524569414227,-2.3088730943812354
88,Tanzania,Arusha Region,Ngorongoro District,NA,NA,NA,0,1,2014-08-01,2014-10-31,2014,August,1,0,HU,3,NA,3,Ahmed_etal_2018,https://doi.org/10.1186/s12879-018-3183-9,NA,A hospital-based study; Districts listed all had IgM-positive humans,35.54197837579709,-2.666130647761126
89,Tanzania,Morogoro Region,Morogoro District,NA,NA,NA,0,0,2014-06-01,2015-10-31,2014,June,0,1,LS,NA,27,27,Matiko_etal_2018,https://doi.org/10.1371/journal.pntd.0006931,NA,Approximate location of outbreak determined by referencing Figure 1 in Matiko et al. 2018 and placing location near IgM-positive villages,37.772134,-6.779623
90,Tanzania,Mbeya Region,Kyela District,NA,NA,NA,0,0,2014-06-01,2015-10-31,2014,June,0,1,LS,NA,3,3,Matiko_etal_2018,https://doi.org/10.1371/journal.pntd.0006931,NA,Approximate location of outbreak determined by referencing Figure 1 in Matiko et al. 2018 and placing location near IgM-positive villages,33.829551,-9.606575
NA,Tanzania,Mbeya Region,Kyela District,NA,NA,NA,0,0,2015-09-01,NA,2015,September,0,1,LS,NA,1,1,Salekwa_etal_2019,https://doi.org/10.4269/ajtmh.18-0798,NA,"Somewhat ambiguous, but the text seems to indicate that the Kyela District was the sole District sampled within the Mbeya Region",33.80587836788346,-9.540246237006581
92,Tanzania,Kilimanjaro Region,Moshi District,NA,NA,NA,0,0,2018-05-16,NA,2018,May,1,1,HU_LS,1,11,12,deGlanville_etal_2022,https://doi.org/10.1093/trstmh/trac076,NA,Livestock cases reported in Arusha Chini and Kindi Wards in de Glanville et al. 2022; Associated human case reported in Kilema Kusini Ward in Madut et al. 2024,37.47944149424769,-3.506025224531213
92,Tanzania,Kilimanjaro Region,Moshi Urban District,NA,NA,NA,0,0,2018-07-03,NA,2018,July,1,1,HU_LS,1,1,2,deGlanville_etal_2022,https://doi.org/10.1093/trstmh/trac076,NA,Livestock case reported in Rau Ward in de Glanville et al. 2022; Associated human case reported in Pasua Ward in Madut et al. 2024,37.31398832802138,-3.3737958535921804
92,Tanzania,Kilimanjaro Region,Hai District,NA,NA,NA,0,0,2018-07-15,NA,2018,July,1,1,HU_LS,1,2,3,deGlanville_etal_2022,https://doi.org/10.1093/trstmh/trac076,NA,Livestock cases reported in Machame Mashariki Ward in de Glanville et al. 2022; Associated human case reported in Hai Mjini Ward in Madut et al. 2024,37.09019628939685,-3.477738237925069
NA,Tanzania,Manyara Region,Simanjiro District,NA,NA,NA,0,0,2018-07-01,NA,2018,July,1,0,HU,1,NA,1,Madut_etal_2024,https://doi.org/10.1093/infdis/jiae562 ,NA,"Assuming a July start date for this outbreak, but it's a little unclear",37.97286968119421,-4.780334644106415
93,Tanzania,Kigoma Region,Buhigwe District,NA,NA,NA,0,1,2018-06-01,2018-11-30,2018,June,1,0,HU,2,NA,2,Rugarabamu_etal_2021,https://doi.org/10.1016/j.ijid.2021.07.006,NA,Includes both community-based and health facility-based sampling; Additional case data attested in Rugarabamu et al. 2022 (assuming these two studies have distinct sampling pools),30.13122349377862,-4.168688457898161
94,Tanzania,Dar es Salaam Region,Kinondoni District,NA,NA,NA,0,1,2018-06-01,2018-11-30,2018,June,1,0,HU,6,NA,6,Rugarabamu_etal_2021,https://doi.org/10.1016/j.ijid.2021.07.006,NA,Includes both community-based and health facility-based sampling; Additional case data attested in Rugarabamu et al. 2022 (assuming these two studies have distinct sampling pools),39.14044727210124,-6.590147602997022
95,Tanzania,Morogoro Region,Mvomero District,NA,NA,NA,0,1,2018-06-01,2018-11-30,2018,June,1,0,HU,2,NA,2,Rugarabamu_etal_2021,https://doi.org/10.1016/j.ijid.2021.07.006,NA,Includes both community-based and health facility-based sampling; Additional case data attested in Rugarabamu et al. 2022 (assuming these two studies have distinct sampling pools),37.40491471980001,-7.152362946413954
96,Tanzania,Mbeya Region,Kyela District,NA,NA,NA,0,1,2018-06-01,2018-11-30,2018,June,1,0,HU,1,NA,1,Rugarabamu_etal_2021,https://doi.org/10.1016/j.ijid.2021.07.006,NA,Includes both community-based and health facility-based sampling,33.880404150243756,-9.501460114301278
97,Tanzania,Dodoma Region,Kondoa District,NA,NA,NA,0,1,2018-06-01,2018-11-30,2018,June,1,0,HU,2,NA,2,Rugarabamu_etal_2021,https://doi.org/10.1016/j.ijid.2021.07.006,NA,Includes both community-based and health facility-based sampling; Additional case data attested in Rugarabamu et al. 2022 (assuming these two studies have distinct sampling pools),36.210675994512634,-4.753342352675964
98,Tanzania,Tanga Region,Kilindi District,NA,NA,NA,0,1,2018-06-01,2018-11-30,2018,June,1,0,HU,2,NA,2,Rugarabamu_etal_2021,https://doi.org/10.1016/j.ijid.2021.07.006,NA,Includes both community-based and health facility-based sampling; Additional case data attested in Rugarabamu et al. 2022 (assuming these two studies have distinct sampling pools),37.62537258726419,-5.677909289210101
NA,Tanzania,Rukwa Region,Kalambo District,NA,NA,NA,0,1,2018-06-01,2018-11-30,2018,June,1,0,HU,1,NA,1,Rugarabamu_etal_2022,https://doi.org/10.1186/s40249-022-00959-z,NA,Health facility-based sampling,31.768300324291015,-8.78224453662708
NA,Tanzania,Mwanza Region,Ukerewe District,NA,NA,NA,0,1,2018-06-01,2018-11-30,2018,June,1,0,HU,1,NA,1,Rugarabamu_etal_2022,https://doi.org/10.1186/s40249-022-00959-z,NA,Health facility-based sampling,32.86021017612984,-1.9339258002153166
100,Tanzania,Kilimanjaro Region,Moshi District,NA,NA,NA,0,0,2020-03-01,2020-06-30,2020,March,1,1,HU_LS,7,11,18,Kumalija_etal_2021,https://doi.org/10.1080/16549716.2021.1957554,NA,Approximate location of outbreak determined by referencing Figure 1 in Kumalija et al. 2021; Counting cases according to PCR data given in Table 4,37.36785,-3.557538
1,Kenya,Kiambu County,Kikuyu Subcounty,NA,NA,Kikuyu,1,NA,2008-09-23,NA,2008,September,0,1,LS,NA,5,5,Unpublished DVS records,NA,NA,NA,36.66138498,-1.2543279
NA,Kenya,"Tana River, Garissa County","Bura, Balambala, Dadaab, Dujis, Fafi Subcounty",NA,NA,NA,0,1,2009-02-01,2009-04-30,2009,February,1,0,HU,4,NA,4,Njenga_and_Bett_2019,https://doi.org/10.1007/s40588-018-0110-1,NA,Assuming a sampling catchment of five subcounties for Garissa Provincial Hospital,40.77866504836856,-1.117151170496174
2,Kenya,Kilifi County,Kaloleni Subcounty,NA,NA,Mariakani,1,NA,2009-09-03,2009-11-14,2009,September,0,1,LS,NA,22,22,Unpublished DVS records,NA,NA,NA,39.48186,-3.85792
3,Kenya,Garissa County,Ijara Subcounty,NA,NA,Kotile,1,0,2009-10-29,NA,2009,October,0,1,LS,NA,1,1,Lichoti_etal_2014,https://doi.org/10.1155/2014/379010,NA,Referencing Table 5 for positive animals,40.2063,-1.9658
4,Kenya,Garissa County,Ijara Subcounty,NA,NA,Sangailu,1,0,2009-10-28,NA,2009,October,0,1,LS,NA,1,1,Lichoti_etal_2014,https://doi.org/10.1155/2014/379010,NA,Referencing Table 5 for positive animals,40.7327,-1.3148
6,Kenya,Baringo County,Baringo South Subcounty,NA,NA,Salabani,1,0,2009-11-05,NA,2009,November,0,1,LS,NA,1,1,Lichoti_etal_2014,https://doi.org/10.1155/2014/379010,NA,Referencing Table 5 for positive animals,36.0501,0.5507
NA,Kenya,"Tana River, Garissa County","Bura, Balambala, Dadaab, Dujis, Fafi Subcounty",NA,NA,NA,0,1,2009-12-01,2010-02-28,2009,December,1,0,HU,4,NA,4,Njenga_and_Bett_2019,https://doi.org/10.1007/s40588-018-0110-1,NA,Assuming a sampling catchment of five subcounties for Garissa Provincial Hospital,40.099188077776105,0.09965732153204392
7,Kenya,Machakos County,Machakos Town Subcounty,NA,NA,Machakos,1,NA,2010-10-06,NA,2010,October,0,1,LS,NA,5,5,Unpublished DVS records,NA,NA,NA,37.22608737,-1.58948027
8,Kenya,Kiambu County,Thika Town Subcounty,NA,NA,Thika,1,NA,2010-10-06,NA,2010,October,0,1,LS,NA,5,5,Unpublished DVS records,NA,NA,NA,37.1627001,-1.06595808
9,Kenya,Kiambu County,Ruiru Subcounty,NA,NA,Ruiru,1,NA,2010-10-06,NA,2010,October,0,1,LS,NA,1,1,Unpublished DVS records,NA,NA,NA,37.12083699,-1.20259546
10,Kenya,Nairobi County,Kasarani Subcounty,NA,NA,Kamulu,1,NA,2010-10-06,NA,2010,October,0,1,LS,NA,1,1,Unpublished DVS records,NA,NA,NA,37.06358,-1.28306
11,Kenya,Garissa County,Fafi Subcounty,NA,NA,Fafi,1,NA,2011-11-23,2012-01-07,2011,November,0,1,LS,NA,3,3,Unpublished DVS records,NA,NA,NA,40.25089758,-0.43266492
12,Kenya,Lamu County,Lamu West Subcounty,NA,NA,Witu,1,NA,2011-12-24,2012-01-07,2011,December,0,1,LS,NA,7,7,Unpublished DVS records,NA,NA,NA,40.43090174,-2.38248559
NA,Kenya,Garissa County,Fafi Subcounty,NA,NA,Fafi,1,0,2012-09-01,NA,2012,September,0,1,LS,NA,1,1,Owange_etal_2014,https://doi.org/10.1016/j.prevetmed.2014.08.008,NA,"Herd 1175, sampling #1; Information from Figure 1 and Table 1",40.026,-1.104
NA,Kenya,Garissa County,Ijara Subcounty,NA,NA,Masalani,1,0,2012-09-01,NA,2012,September,0,1,LS,NA,1,1,Owange_etal_2014,https://doi.org/10.1016/j.prevetmed.2014.08.008,NA,"Herd 1181, sampling #1; Information from Table 1",40.199,-1.6889
NA,Kenya,Garissa County,Ijara Subcounty,NA,NA,Gedulum,1,0,2012-12-01,NA,2012,December,0,1,LS,NA,1,1,Owange_etal_2014,https://doi.org/10.1016/j.prevetmed.2014.08.008,NA,"Herd 1178, sampling #2; Information from Figure 1 and Table 1",40.71971,-1.38431
NA,Kenya,Garissa County,Ijara Subcounty,NA,NA,Ijara,1,0,2012-12-01,NA,2012,December,0,1,LS,NA,4,4,Owange_etal_2014,https://doi.org/10.1016/j.prevetmed.2014.08.008,NA,"Herd 1179, sampling #2; Information from Figure 1 and Table 1",40.52,-1.5835
NA,Kenya,Garissa County,Ijara Subcounty,NA,NA,Gedulum,1,0,2013-02-01,NA,2013,February,0,1,LS,NA,2,2,Owange_etal_2014,https://doi.org/10.1016/j.prevetmed.2014.08.008,NA,"Herd 1178, sampling #3; Information from Figure 1 and Table 1",40.71971,-1.38431
NA,Kenya,Lamu County,Lamu West Subcounty,NA,NA,Witu,1,0,2013-05-01,NA,2013,May,0,1,LS,NA,2,2,Owange_etal_2014,https://doi.org/10.1016/j.prevetmed.2014.08.008,NA,"Herd 1172, sampling #4; Information from Figure 1 and Table 1",40.7558,-2.2104
NA,Kenya,Garissa County,Fafi Subcounty,NA,NA,Kamuthe,1,0,2013-05-01,NA,2013,May,0,1,LS,NA,2,2,Owange_etal_2014,https://doi.org/10.1016/j.prevetmed.2014.08.008,NA,"Herd 1174, sampling #4; Information from Figure 1 and Table 1",39.86329,-0.70585
NA,Kenya,Garissa County,Fafi Subcounty,NA,NA,Halei,1,0,2013-05-01,NA,2013,May,0,1,LS,NA,5,5,Owange_etal_2014,https://doi.org/10.1016/j.prevetmed.2014.08.008,NA,"Herd 1178, sampling #4 and herd 1179, sampling #4; Information from Figure 1 and Table 1",39.9916,-0.5974
NA,Kenya,Garissa County,Fafi Subcounty,NA,NA,Tana,0,0,2013-05-01,NA,2013,May,0,1,LS,NA,2,2,Owange_etal_2014,https://doi.org/10.1016/j.prevetmed.2014.08.008,NA,"Herd 1181, sampling #4; Not clear which Tana in Fafi Subcounty is being referred to, and herd 1181 is not shown on Figure 1",40.53597770118268,-0.4327398254218892
14,Kenya,Murang'a County,Kandara Subcounty,NA,NA,Ngararia,1,NA,2014-05-01,NA,2014,May,1,1,HU_LS,3,7,10,Unpublished KEMRI records,NA,NA,NA,37.02083493,-0.93262001
15,Kenya,Garissa County,Balambala Subcounty,NA,NA,Garissa,1,NA,2016-06-03,NA,2016,June,0,1,LS,NA,7,7,Unpublished KEMRI records,NA,NA,NA,39.59074632,-0.24856877
16,Kenya,Isiolo County,Isiolo North Subcounty,NA,NA,Saleti,1,0,2018-06-15,2018-07-30,2018,June,0,1,LS,NA,15,15,WAHIS,https://wahis.woah.org/#/in-event/2574/dashboard,1000101603,NA,38.611561,1.177155
17,Kenya,Isiolo County,Isiolo South Subcounty,NA,NA,Garbatulla,1,0,2018-06-19,2018-07-30,2018,June,0,1,LS,NA,12,12,WAHIS,https://wahis.woah.org/#/in-event/2574/dashboard,1000101604,NA,38.415522,0.549314
19,Kenya,Wajir County,Wajir North Subcounty,NA,NA,Basir,1,0,2018-05-01,2018-07-30,2018,May,0,1,LS,NA,25,25,WAHIS,https://wahis.woah.org/#/in-event/2574/dashboard,1000100918,"Based on information in Hassan et al. 2020 (10.4269/ajtmh.20-0387), setting the start date in Wajir County to May",39.027828,2.327758
20,Kenya,Wajir County,Eldas Subcounty,NA,NA,Eldas,1,0,2018-05-01,2018-07-30,2018,May,1,1,HU_LS,21,17,38,WAHIS,https://wahis.woah.org/#/in-event/2574/dashboard,1000101072,"Based on information in Hassan et al. 2020 (10.4269/ajtmh.20-0387), setting the start date in Wajir County to May; Arbitrarily assigning all Wajir County human cases reported in Hassan et al. 2020 to Eldas Subcounty",39.60631,2.492876
21,Kenya,Mandera County,Mandera South Subcounty,NA,NA,Elwak,1,0,2018-06-22,2018-07-30,2018,June,0,1,LS,NA,2,2,WAHIS,https://wahis.woah.org/#/in-event/2574/dashboard,1000102482,NA,40.913067,2.817387
22,Kenya,Marsabit County,Saku Subcounty,NA,NA,Marsabit,1,0,2018-06-01,2018-07-30,2018,June,1,1,HU_LS,8,18,26,WAHIS,https://wahis.woah.org/#/in-event/2574/dashboard,1000102478,Start date and human case data from Hassan et al. 2020 (10.4269/ajtmh.20-0387),37.869589,2.394153
23,Kenya,Tana River County,Garsen Subcounty,NA,NA,Dhidhe Ade,1,0,2018-06-20,2018-07-30,2018,June,1,1,HU_LS,NA,20,20,Daily Nation,https://reliefweb.int/report/kenya/quarantine-tana-delta-after-rift-valley-fever-outbreak,NA,Total human case count unclear,40.26515673,-2.5509187
24,Kenya,Tana River County,Bura Subcounty,NA,NA,Galole,1,0,2018-06-11,2018-07-30,2018,June,0,1,LS,NA,1,1,WAHIS,https://wahis.woah.org/#/in-event/2574/dashboard,1000101073,NA,39.952116,-1.284105
25,Kenya,Siaya County,Ugenya Subcounty,NA,NA,Siaya,1,0,2018-06-02,2018-07-30,2018,June,1,1,HU_LS,1,38,39,WAHIS,https://wahis.woah.org/#/in-event/2574/dashboard,1000101606,Start date and human case data from Hassan et al. 2020 (10.4269/ajtmh.20-0387),34.141077,0.198418
27,Kenya,Baringo County,Mogotio Subcounty,NA,NA,Mogotio,1,0,2018-06-29,2018-07-30,2018,June,0,1,LS,NA,1,1,WAHIS,https://wahis.woah.org/#/in-event/2574/dashboard,1000102477,NA,36.067303,0.24718300000000001
28,Kenya,Meru County,Igembe South Subcounty,NA,NA,Igembe Central,1,0,2018-07-02,2018-07-30,2018,July,0,1,LS,NA,1,1,WAHIS,https://wahis.woah.org/#/in-event/2574/dashboard,1000102483,NA,37.952045,0.237924
29,Kenya,Murang'a County,Kiharu Subcounty,NA,NA,Kihingo,1,0,2019-01-25,2019-03-21,2019,January,0,1,LS,NA,4,4,WAHIS,https://wahis.woah.org/#/in-event/2824/dashboard,1000111864,NA,37.087673,-0.721406
30,Kenya,Nyandarua County,Ndaragwa Subcounty,NA,NA,Rurii,1,NA,2019-01-24,2019-03-21,2019,January,1,1,HU_LS,15,1,16,Unpublished KEMRI records,NA,NA,NA,36.37819305,-0.21193184
31,Kenya,Nyandarua County,Ol Kalou Subcounty,NA,NA,Karau,1,NA,2019-01-24,2019-03-21,2019,January,1,1,HU_LS,NA,1,1,Unpublished KEMRI records,NA,NA,Total human case count unclear,36.33845537,-0.31679704
32,Kenya,Nyandarua County,Ndaragwa Subcounty,NA,NA,Shamata,1,0,2019-02-25,2019-03-21,2019,February,0,1,LS,NA,5,5,WAHIS,https://wahis.woah.org/#/in-event/2824/dashboard,1000111865,NA,36.498871,-0.195548
33,Kenya,Isiolo County,Isiolo South Subcounty,Sericho Ward,NA,Eresa Boru,1,0,2020-11-19,2021-03-18,2020,November,1,1,HU_LS,NA,24,24,WAHIS,https://wahis.woah.org/#/in-event/3491/dashboard,1000143195,Additional information derived from WHO report (https://www.who.int/emergencies/disease-outbreak-news/item/2021-DON311) where this outbreak is referred to as occurring in Garbatulla Subcounty; Total human case count in Isiolo South (Garbatulla) unclear,38.781515,1.038371
34,Kenya,Isiolo County,Isiolo North Subcounty,Cherab Ward,NA,Korbesa,1,0,2020-11-19,2021-03-18,2020,November,1,1,HU_LS,NA,20,20,WAHIS,https://wahis.woah.org/#/in-event/3491/dashboard,1000144227,Additional information derived from WHO report (https://www.who.int/emergencies/disease-outbreak-news/item/2021-DON311) where Korbesa is described as being within Merti Subcounty; Total human case count in Isiolo North (Merti) unclear,38.78781,1.210698
35,Kenya,Garissa County,Balambala Subcounty,Danyere Ward,NA,Danyere,1,0,2020-12-07,2021-03-18,2020,December,0,1,LS,NA,1,1,WAHIS,https://wahis.woah.org/#/in-event/3491/dashboard,1000143196,"Additional information derived from WHO report (https://www.who.int/emergencies/disease-outbreak-news/item/2021-DON311); Coordinates given by WAHIS fall within Danyere Ward, not Jara Jara Ward, as indicated in the WAHIS event",38.850756,0.307889
36,Kenya,Garissa County,Ijara Subcounty,Masalani Ward,NA,Qalaqal,1,0,2020-12-07,2021-03-18,2020,December,0,1,LS,NA,3,3,WAHIS,https://wahis.woah.org/#/in-event/3491/dashboard,1000143198,Additional information derived from WHO report (https://www.who.int/emergencies/disease-outbreak-news/item/2021-DON311),40.240787,-1.627194
37,Kenya,Mandera County,Mandera North Subcounty,Rhamu-Dimtu Ward,NA,Yabicho,1,0,2021-01-22,2021-03-18,2021,January,1,1,HU_LS,2,2,4,WAHIS,https://wahis.woah.org/#/in-event/3491/dashboard,1000146374,Additional information derived from WHO report (https://www.who.int/emergencies/disease-outbreak-news/item/2021-DON311) where the human portion of this outbreak is described from Kalmalab in Mandera North Subcounty,41.09124,3.821088
38,Kenya,Murang'a County,Gatanga Subcounty,Kihumbu-Ini Ward,NA,Kihumbu-Ini,1,0,2020-12-29,2021-03-18,2020,December,0,1,LS,NA,NA,NA,WHO,https://www.who.int/emergencies/disease-outbreak-news/item/2021-DON311,NA,Total livestock case count unclear,36.98083414,-0.93262002
39,Kenya,Murang'a County,Kandara Subcounty,Ng'Araria Ward,NA,Ngararia,1,0,2021-01-19,2021-03-18,2021,January,0,1,LS,NA,6,6,WAHIS,https://wahis.woah.org/#/in-event/3491/dashboard,1000145035,Additional information derived from WHO report (https://www.who.int/emergencies/disease-outbreak-news/item/2021-DON311),37.019834,-0.934632
40,Kenya,Kiambu County,Kikuyu Subcounty,NA,NA,Kikuyu,1,0,2021-06-14,2021-08-20,2021,June,0,1,LS,NA,5,5,WAHIS,https://wahis.woah.org/#/in-event/3841/dashboard,ob_87960,I believe this same outbreak event is captured in Juma et al. 2022 (https://doi.org/10.1186/s12864-022-08764-6) which describes 5 IgM-positive cattle sampled in Kiambu county in July 2021; So at least 5 positive animals were involved in the outbreak event in this area,36.6601,-1.2396
NA,Kenya,Wajir County,Eldas Subcounty,NA,NA,NA,0,0,2021-07-01,2021-08-31,2021,July,0,1,LS,NA,1,1,Omani_etal_2024,https://doi.org/10.1016/j.onehlt.2024.100921,NA,"Although the sampling started in June 2021, discussion of the single IgM-positive animal mentions July 2021 as the ""time of sampling"", hence the coding of the outbreak start date",39.20213965580395,2.1419102250907507
NA,Kenya,Isiolo County,Isiolo South Subcounty,NA,NA,NA,0,0,2021-07-01,2021-08-31,2021,July,0,1,LS,NA,4,4,Muturi_etal_2023,https://doi.org/10.1038/s41598-023-42596-y,NA,NA,38.778889320787464,0.5353074414795272
41,Kenya,Nyandarua County,NA,NA,NA,NA,0,0,2020-10-01,NA,2020,October,0,1,LS,NA,3,3,Wanjama_etal_2022,https://www.researchgate.net/profile/James-Kabugu/publication/366836264_Sero-epidemiological_survey_of_Rift_Valley_Fever_virus_in_ruminants_in_Nyandarua_County_Kenya/links/63b435a8a03100368a4df2e1/Sero-epidemiological-survey-of-Rift-Valley-Fever-virus-in-ruminants-in-Nyandarua-County-Kenya.pdf,NA,Outbreak timing coded as occurring between the two sampling events; Not clear when the IgM-positive animals were sampled,36.40444519849967,-0.41612201250723657
NA,Uganda,Northern Region,Kitgum District,NA,NA,NA,0,0,2010-12-01,NA,2010,December,0,1,LS,NA,1,1,Ndumu_etal_2021,https://doi.org/10.1186/s12917-021-02867-0,NA,Some ambiguity in the manuscript about whether the samples were collected starting in November 2010 or December 2010,33.432398347006526,3.3202994741215623
42,Uganda,Western Region,Kabale District,NA,Kamuganguzi Subcounty,Omururinda,1,0,2016-02-10,NA,2016,February,1,1,HU_LS,1,1,2,Shoemaker_etal_2019,https://doi.org/10.4269/ajtmh.18-0732,1000070693,"Captures acute case 2 (AC2) and the single confirmed livestock case; Livestock case is also attested to by a WAHIS event (https://wahis.woah.org/#/in-event/1922/dashboard) where the village is referred to as Kashenyi, immediately adjacent to Omururinda; Note that the coordinates for Kashenyi given in the WAHIS event appear to be inaccurate",29.9924701,-1.3299139
43,Uganda,Western Region,Kabale District,NA,Northern Division,Upper Bugongi,1,0,2016-03-02,NA,2016,March,1,0,HU,1,NA,1,Shoemaker_etal_2019,https://doi.org/10.4269/ajtmh.18-0732,NA,Captures acute case 1 (AC1),29.995927,-1.232273
NA,Uganda,Western Region,Kabale District,NA,Rubaya Subcounty,Mushenyi,1,0,2016-03-03,NA,2016,March,1,0,HU,1,NA,1,Shoemaker_etal_2019,https://doi.org/10.4269/ajtmh.18-0732,NA,Captures acute case 3 (AC3),29.9868397,-1.4472344
44,Uganda,Western Region,Kabale District,NA,Southern Division,Rushaki,1,0,2016-06-02,NA,2016,June,1,0,HU,1,NA,1,Shoemaker_etal_2019,https://doi.org/10.4269/ajtmh.18-0732,NA,Captures acute case 4 (AC4),30.0052505,-1.2592782
NA,Uganda,Western Region,Kabale District,NA,NA,NA,0,0,2016-04-01,2016-04-30,2016,April,1,0,HU,10,NA,10,Nyakarahuka_etal_2018,https://doi.org/10.1371/journal.pntd.0006412,NA,Assuming this data is distinct from that reported by Shoemaker et al. 2019,30.159730488886275,-1.3102164855132035
45,Uganda,Western Region,Isingiro District,NA,Mbaare Subcounty,Katojo Central,1,NA,2018-07-03,NA,2018,July,1,0,HU,3,NA,3,Nyakarahuka_etal_2023,https://doi.org/10.4269/ajtmh.22-0410,NA,NA,30.9719902,-0.8682045
46,Uganda,Central Region,Kiboga District,NA,Kibiga Subcounty,Busakya,1,0,2017-11-14,NA,2017,November,1,0,HU,1,NA,1,Birungi_etal_2021,https://doi.org/10.1155/2021/8881191,NA,Start date information from Table 1,31.7522425,0.8918558
47,Uganda,Central Region,Mityana District,NA,NA,NA,0,0,2017-11-16,NA,2017,November,1,0,HU,1,NA,1,Birungi_etal_2021,https://doi.org/10.1155/2021/8881191,NA,No information given in paper regarding specific village location,32.21020640891688,0.4345508661658001
48,Uganda,Western Region,Kiruhura District,NA,Kanyaryeru Subcounty,Rushororo,1,0,2017-11-18,NA,2017,November,1,0,HU,4,NA,4,Birungi_etal_2021,https://doi.org/10.1155/2021/8881191,NA,Additional information: https://uniph.go.ug/rift-valley-fever-outbreak-caused-by-handling-a-dead-calf-kiruhura-district-2017-2018/,30.9425875,-0.5073751
49,Uganda,Central Region,Kyankwanzi District,NA,Butemba Town Council,Bukwiri,1,NA,2017-12-14,2018-01-04,2017,December,1,0,HU,1,NA,1,Nyakarahuka_etal_2023,https://doi.org/10.4269/ajtmh.22-0410,NA,NA,31.596401,1.126574
50,Uganda,Central Region,Buikwe District,NA,Kawolo Subcounty,Vvumba,1,0,2018-01-07,NA,2018,January,1,0,HU,1,NA,1,Birungi_etal_2021,https://doi.org/10.1155/2021/8881191,NA,Village may also be known as Vumba,32.9,0.3
51,Uganda,Northern Region,Yumbe District,NA,Ariwa Subcounty,Ariwa II refugee camp zone 5,1,NA,2018-01-19,2018-02-07,2018,January,1,0,HU,1,NA,1,Nyakarahuka_etal_2023,https://doi.org/10.4269/ajtmh.22-0410,NA,NA,31.4071817,3.2428225
52,Uganda,Western Region,Rwampara District,NA,Bugamba Subcounty,Bugamba,1,NA,2018-06-08,2018-08-24,2018,June,1,0,HU,1,NA,1,Nyakarahuka_etal_2023,https://doi.org/10.4269/ajtmh.22-0410,NA,NA,30.48719,-0.709031
53,Uganda,Western Region,Ibanda District,NA,Bufunda Division,NA,1,NA,2018-06-18,2018-07-20,2018,June,1,0,HU,1,NA,1,Nyakarahuka_etal_2023,https://doi.org/10.4269/ajtmh.22-0410,NA,NA,30.53012239,-0.09016975
54,Uganda,Western Region,Kasese District,NA,Munkunyu Subcounty,NA,1,NA,2018-06-20,2018-07-07,2018,June,1,0,HU,1,NA,1,Nyakarahuka_etal_2023,https://doi.org/10.4269/ajtmh.22-0410,NA,NA,29.857045,0.01362694
55,Uganda,Western Region,Isingiro District,NA,Masha Subcounty,Kabare,1,NA,2018-06-22,2018-07-20,2018,June,1,0,HU,4,NA,4,Nyakarahuka_etal_2023,https://doi.org/10.4269/ajtmh.22-0410,NA,Village may also be known as Kabaare,30.718193,-0.664144
56,Uganda,Central Region,Ssembabule District,NA,Lwebitakuli Subcounty,NA,1,NA,2018-07-01,2018-08-01,2018,July,1,0,HU,1,NA,1,Nyakarahuka_etal_2023,https://doi.org/10.4269/ajtmh.22-0410,NA,NA,31.34864797,-0.25844587
57,Uganda,Western Region,Isingiro District,NA,Kashumba Subcounty,NA,1,NA,2018-07-03,2018-08-24,2018,July,1,0,HU,1,NA,1,Nyakarahuka_etal_2023,https://doi.org/10.4269/ajtmh.22-0410,NA,NA,30.9563515,-0.8892447
58,Uganda,Western Region,Isingiro District,NA,Rugaaga Subcounty,Nakivale,1,NA,2018-07-03,2018-07-20,2018,July,1,0,HU,1,NA,1,Nyakarahuka_etal_2023,https://doi.org/10.4269/ajtmh.22-0410,NA,NA,30.94943771,-0.771338167
59,Uganda,Western Region,Isingiro District,NA,Kashumba Subcounty,Kashumba,1,NA,2018-07-05,2018-08-24,2018,July,1,0,HU,3,NA,3,Nyakarahuka_etal_2023,https://doi.org/10.4269/ajtmh.22-0410,NA,NA,30.949304,-0.903845
60,Uganda,Central Region,Masaka District,NA,Kkingo Subcounty,Kasaana B,1,NA,2018-07-09,2018-08-03,2018,July,1,0,HU,1,NA,1,Nyakarahuka_etal_2023,https://doi.org/10.4269/ajtmh.22-0410,NA,NA,31.623002,-0.303224
61,Uganda,Central Region,Mubende District,NA,Kigando Subcounty,Bubanda,1,NA,2018-07-10,2018-08-10,2018,July,1,0,HU,1,NA,1,Nyakarahuka_etal_2023,https://doi.org/10.4269/ajtmh.22-0410,NA,NA,31.26666682,0.266838647
62,Uganda,Western Region,Rwampara District,NA,Bugamba Subcounty,Rurengye,1,NA,2018-07-10,2018-07-30,2018,July,1,0,HU,1,NA,1,Nyakarahuka_etal_2023,https://doi.org/10.4269/ajtmh.22-0410,NA,NA,30.503668,-0.729509
63,Uganda,Western Region,Isingiro District,NA,Kikagate Subcounty,Kizibale,1,NA,2018-07-14,2018-08-07,2018,July,1,0,HU,1,NA,1,Nyakarahuka_etal_2023,https://doi.org/10.4269/ajtmh.22-0410,NA,NA,30.661807,-1.034086
64,Uganda,Western Region,Sheema District,NA,Kagango Division,Kasozi,1,NA,2018-07-19,2018-08-11,2018,July,1,0,HU,1,NA,1,Nyakarahuka_etal_2023,https://doi.org/10.4269/ajtmh.22-0410,NA,NA,30.392695,-0.642397
65,Uganda,Western Region,Isingiro District,NA,Kashumba Subcounty,Kashumba,1,NA,2018-07-19,2018-08-14,2018,July,1,0,HU,1,NA,1,Nyakarahuka_etal_2023,https://doi.org/10.4269/ajtmh.22-0410,NA,NA,30.948346,-0.903202
66,Uganda,Western Region,Isingiro District,NA,Nyakitunda Subcounty,Rwamuhunga,1,NA,2018-07-29,2018-08-19,2018,July,1,0,HU,1,NA,1,Nyakarahuka_etal_2023,https://doi.org/10.4269/ajtmh.22-0410,NA,NA,30.738107,-0.924658
68,Uganda,Western Region,Kiruhura District,NA,Sanga Town Council,Nyankumba,1,NA,2018-08-07,2018-08-29,2018,August,1,0,HU,2,NA,2,Nyakarahuka_etal_2023,https://doi.org/10.4269/ajtmh.22-0410,NA,NA,30.908201,-0.501662
69,Uganda,Central Region,Rakai District,NA,Kacheera Subcounty,Kakyera,1,NA,2018-08-08,2018-08-24,2018,August,1,0,HU,1,NA,1,Nyakarahuka_etal_2023,https://doi.org/10.4269/ajtmh.22-0410,NA,NA,31.18753748,-0.594695726
70,Uganda,Eastern Region,Namutumba District,NA,Busembatia Town Council,Kasabuli,1,NA,2018-07-25,2018-08-20,2018,July,1,0,HU,1,NA,1,Nyakarahuka_etal_2023,https://doi.org/10.4269/ajtmh.22-0410,NA,NA,33.623679,0.77964
NA,Uganda,Western Region,Isingiro District,NA,Kashumba Subcounty,Nakivale,1,0,2018-08-08,NA,2018,August,0,1,LS,NA,24,24,WAHIS,https://wahis.woah.org/#/in-event/2666/dashboard,1000104694,NA,30.929099,-0.7898187
NA,Uganda,Western Region,Mbarara District,NA,Kashare Subcounty,Mutonto,1,0,2018-08-12,NA,2018,August,0,1,LS,NA,12,12,WAHIS,https://wahis.woah.org/#/in-event/2666/dashboard,1000104698,Not using coordinates provided by WAHIS as these map to the city of Mbarara; Instead using coordinates for Mutonto itself,30.65,-0.383333
NA,Uganda,Central Region,Lyantonde District,NA,Lyantonde Town Council,Lyantonde,1,0,2018-09-02,NA,2018,September,0,1,LS,NA,20,20,WAHIS,https://wahis.woah.org/#/in-event/2666/dashboard,1000104697,NA,31.1535628,-0.4064197
71,Uganda,Western Region,Kiryandongo District,NA,Kiryandongo Subcounty,Mirima,1,NA,2019-03-03,2019-03-29,2019,March,1,0,HU,1,NA,1,Nyakarahuka_etal_2023,https://doi.org/10.4269/ajtmh.22-0410,NA,NA,32.15906437,1.897241385
72,Uganda,Western Region,Kasese District,NA,Central Division,Salute B,1,NA,2019-05-30,2019-06-30,2019,May,1,0,HU,1,NA,1,Nyakarahuka_etal_2023,https://doi.org/10.4269/ajtmh.22-0410,NA,NA,30.0653,0.179042
74,Uganda,Northern Region,Obongi District,NA,Itula Subcounty,Pasu,1,NA,2019-11-20,2019-12-10,2019,November,1,0,HU,1,NA,1,Nyakarahuka_etal_2023,https://doi.org/10.4269/ajtmh.22-0410,NA,Village may also be known as Passu,31.546031,3.481613
75,Uganda,Western Region,Ntoroko District,NA,Nombe Subcounty,Kimara,1,NA,2019-12-04,2019-12-18,2019,December,1,0,HU,1,NA,1,Nyakarahuka_etal_2023,https://doi.org/10.4269/ajtmh.22-0410,NA,NA,30.413979,1.07504644
76,Uganda,Central Region,Kampala District,NA,Kira Division,Kasokozo,1,NA,2020-02-02,2020-03-20,2020,February,1,0,HU,2,NA,2,Nyakarahuka_etal_2023,https://doi.org/10.4269/ajtmh.22-0410,NA,NA,32.631177,0.42807
77,Uganda,Central Region,Kyankwanzi District,NA,Kyankwanzi Town Council,Kitegwa,1,NA,2020-02-12,2020-03-10,2020,February,1,0,HU,1,NA,1,Nyakarahuka_etal_2023,https://doi.org/10.4269/ajtmh.22-0410,NA,NA,31.882801,1.183394
78,Uganda,Central Region,Lake Victoria District,NA,Bussi Subcounty,Gulwe,1,NA,2020-03-04,2020-03-24,2020,March,1,0,HU,1,NA,1,Nyakarahuka_etal_2023,https://doi.org/10.4269/ajtmh.22-0410,NA,"Outbreak actually occurred on Kava Island, as indicated by the GPS coordinates",32.366674,-0.015864
79,Uganda,Western Region,Kabale District,NA,Central Division,Kigongi A,1,NA,2020-07-08,2020-08-14,2020,July,1,0,HU,1,NA,1,Nyakarahuka_etal_2023,https://doi.org/10.4269/ajtmh.22-0410,NA,NA,29.995834,-1.245965
80,Uganda,Western Region,Kiruhura District,NA,Kenshunga Subcounty,Rushere,1,NA,2020-07-20,2020-08-03,2020,July,1,0,HU,1,NA,1,Nyakarahuka_etal_2023,https://doi.org/10.4269/ajtmh.22-0410,NA,NA,30.862896,-0.176444
81,Uganda,Central Region,Ssembabule District,NA,Lugusulu Subcounty,Kyebando,1,0,2020-11-28,2020-12-31,2020,November,1,0,HU,2,NA,2,Aceng_etal_2023,https://doi.org/10.1186/s42522-023-00092-3,NA,NA,31.39609,-0.06351
82,Uganda,Western Region,Kiruhura District,NA,Kinoni Subcounty,Kasaana,1,0,2021-05-07,NA,2021,May,1,1,HU_LS,4,8,12,Cossaboom_etal_2022,https://doi.org/10.3201/eid2811.220364 ,NA,"Only counting recent, acute cases in Cossaboom et al. 2022; Additional data on livestock cases in: https://uniph.go.ug/rift-valley-fever-outbreak-kiruhura-district-uganda-june-2021/",31.0700292,-0.0603661
83,Uganda,Western Region,Kyegegwa District,NA,Kabweza Kyegegwa Subcounty,Bukere,1,NA,2021-08-01,2021-08-20,2021,August,1,0,HU,1,NA,1,UNIPH,https://uniph.go.ug/descriptive-analysis-of-rift-valley-fever-outbreaks-uganda-2016-2023/,NA,NA,31.09482,0.38333
84,Uganda,Western Region,Kagadi District,NA,Ruteete Subcounty,Kihura,1,NA,2022-01-02,2022-02-02,2022,January,1,1,HU_LS,2,1,3,UNIPH,https://uniph.go.ug/descriptive-analysis-of-rift-valley-fever-outbreaks-uganda-2016-2023/,NA,NA,30.800612,1.0121967
85,Uganda,Western Region,Mbarara District,NA,Rubindi Subcounty,Kama,1,NA,2022-05-10,2022-06-10,2022,May,1,0,HU,3,NA,3,UNIPH,https://uniph.go.ug/descriptive-analysis-of-rift-valley-fever-outbreaks-uganda-2016-2023/,NA,NA,30.550191,-0.373517
86,Tanzania,Morogoro Region,Kilombero District,NA,NA,NA,0,0,2011-05-01,2011-08-31,2011,May,0,1,LS,NA,9,9,Sumaye_etal_2013,https://doi.org/10.1371/journal.pntd.0002356,NA,Approximate location of outbreak determined by referencing Figure 1 in Sumaye et al. 2013,36.2336,-8.2828
NA,Tanzania,Kigoma Region,Kigoma District,NA,NA,NA,0,0,2011-05-01,2011-06-30,2011,May,0,1,LS,NA,1,1,Kifaro_etal_2014,http://dx.doi.org/10.4102/ojvr.v81i2.717 ,NA,"Some ambiguity about the date of sampling because September-October 2011 is also mentioned, but pretty confident these are the correct dates; Approximate location of outbreak determined by referencing Figure 1 in Kifaro et al. 2014",29.66,-4.8043
NA,Tanzania,Kigoma Region,Kibondo District,NA,NA,NA,0,0,2011-05-01,2011-06-30,2011,May,0,1,LS,NA,4,4,Kifaro_etal_2014,http://dx.doi.org/10.4102/ojvr.v81i2.717 ,NA,"Some ambiguity about the date of sampling because September-October 2011 is also mentioned, but pretty confident these are the correct dates; Approximate location of outbreak determined by referencing Figure 1 in Kifaro et al. 2014",30.4877,-3.5881
NA,Tanzania,Kigoma Region,Buhigwe District,NA,NA,NA,0,0,2011-05-01,2011-06-30,2011,May,0,1,LS,NA,3,3,Kifaro_etal_2014,http://dx.doi.org/10.4102/ojvr.v81i2.717 ,NA,"Some ambiguity about the date of sampling because September-October 2011 is also mentioned, but pretty confident these are the correct dates; Approximate location of outbreak determined by referencing Figure 1 in Kifaro et al. 2014",29.78823,-4.4284
87,Tanzania,Morogoro Region,Kilombero District,NA,NA,NA,0,0,2012-03-01,2012-08-31,2012,March,1,0,HU,16,NA,16,Sumaye_etal_2015,https://doi.org/10.1371/journal.pntd.0003536,NA,"Approximate location chosen to match that of the Sumaye et al. 2013 study, since Sumaye et al. 2015 mentions sampling in the same ""hotspots of RVF transmission in the livestock populations""",36.2336,-8.2828
88,Tanzania,Mara Region,Bunda District,NA,NA,NA,0,1,2014-08-01,2014-10-31,2014,August,1,0,HU,2,NA,2,Ahmed_etal_2018,https://doi.org/10.1186/s12879-018-3183-9,NA,A hospital-based study; Districts listed all had IgM-positive humans,33.52792541810278,-2.066833864223502
88,Tanzania,Mara Region,Serengeti District,NA,NA,NA,0,1,2014-08-01,2014-10-31,2014,August,1,0,HU,1,NA,1,Ahmed_etal_2018,https://doi.org/10.1186/s12879-018-3183-9,NA,A hospital-based study; Districts listed all had IgM-positive humans,34.916245573897584,-1.8669248017311326
88,Tanzania,Arusha Region,Ngorongoro District,NA,NA,NA,0,1,2014-08-01,2014-10-31,2014,August,1,0,HU,3,NA,3,Ahmed_etal_2018,https://doi.org/10.1186/s12879-018-3183-9,NA,A hospital-based study; Districts listed all had IgM-positive humans,35.008768557563855,-3.4093784672389424
89,Tanzania,Morogoro Region,Morogoro District,NA,NA,NA,0,0,2014-06-01,2015-10-31,2014,June,0,1,LS,NA,27,27,Matiko_etal_2018,https://doi.org/10.1371/journal.pntd.0006931,NA,Approximate location of outbreak determined by referencing Figure 1 in Matiko et al. 2018 and placing location near IgM-positive villages,37.772134,-6.779623
90,Tanzania,Mbeya Region,Kyela District,NA,NA,NA,0,0,2014-06-01,2015-10-31,2014,June,0,1,LS,NA,3,3,Matiko_etal_2018,https://doi.org/10.1371/journal.pntd.0006931,NA,Approximate location of outbreak determined by referencing Figure 1 in Matiko et al. 2018 and placing location near IgM-positive villages,33.829551,-9.606575
NA,Tanzania,Mbeya Region,Kyela District,NA,NA,NA,0,0,2015-09-01,NA,2015,September,0,1,LS,NA,1,1,Salekwa_etal_2019,https://doi.org/10.4269/ajtmh.18-0798,NA,"Somewhat ambiguous, but the text seems to indicate that the Kyela District was the sole District sampled within the Mbeya Region",33.79143450973764,-9.518719989872434
92,Tanzania,Kilimanjaro Region,Moshi District,NA,NA,NA,0,0,2018-05-16,NA,2018,May,1,1,HU_LS,1,11,12,deGlanville_etal_2022,https://doi.org/10.1093/trstmh/trac076,NA,Livestock cases reported in Arusha Chini and Kindi Wards in de Glanville et al. 2022; Associated human case reported in Kilema Kusini Ward in Madut et al. 2024,37.3078245900468,-3.539756199177551
92,Tanzania,Kilimanjaro Region,Moshi Urban District,NA,NA,NA,0,0,2018-07-03,NA,2018,July,1,1,HU_LS,1,1,2,deGlanville_etal_2022,https://doi.org/10.1093/trstmh/trac076,NA,Livestock case reported in Rau Ward in de Glanville et al. 2022; Associated human case reported in Pasua Ward in Madut et al. 2024,37.32615176088611,-3.322295106168541
92,Tanzania,Kilimanjaro Region,Hai District,NA,NA,NA,0,0,2018-07-15,NA,2018,July,1,1,HU_LS,1,2,3,deGlanville_etal_2022,https://doi.org/10.1093/trstmh/trac076,NA,Livestock cases reported in Machame Mashariki Ward in de Glanville et al. 2022; Associated human case reported in Hai Mjini Ward in Madut et al. 2024,37.20447651691292,-3.0886534384218325
NA,Tanzania,Manyara Region,Simanjiro District,NA,NA,NA,0,0,2018-07-01,NA,2018,July,1,0,HU,1,NA,1,Madut_etal_2024,https://doi.org/10.1093/infdis/jiae562 ,NA,"Assuming a July start date for this outbreak, but it's a little unclear",37.31150436555774,-5.069416709688253
93,Tanzania,Kigoma Region,Buhigwe District,NA,NA,NA,0,1,2018-06-01,2018-11-30,2018,June,1,0,HU,2,NA,2,Rugarabamu_etal_2021,https://doi.org/10.1016/j.ijid.2021.07.006,NA,Includes both community-based and health facility-based sampling; Additional case data attested in Rugarabamu et al. 2022 (assuming these two studies have distinct sampling pools),29.945623930793218,-4.473526240981206
94,Tanzania,Dar es Salaam Region,Kinondoni District,NA,NA,NA,0,1,2018-06-01,2018-11-30,2018,June,1,0,HU,6,NA,6,Rugarabamu_etal_2021,https://doi.org/10.1016/j.ijid.2021.07.006,NA,Includes both community-based and health facility-based sampling; Additional case data attested in Rugarabamu et al. 2022 (assuming these two studies have distinct sampling pools),39.08869183922013,-6.833620348739332
95,Tanzania,Morogoro Region,Mvomero District,NA,NA,NA,0,1,2018-06-01,2018-11-30,2018,June,1,0,HU,2,NA,2,Rugarabamu_etal_2021,https://doi.org/10.1016/j.ijid.2021.07.006,NA,Includes both community-based and health facility-based sampling; Additional case data attested in Rugarabamu et al. 2022 (assuming these two studies have distinct sampling pools),37.50883235716287,-6.808059923545523
96,Tanzania,Mbeya Region,Kyela District,NA,NA,NA,0,1,2018-06-01,2018-11-30,2018,June,1,0,HU,1,NA,1,Rugarabamu_etal_2021,https://doi.org/10.1016/j.ijid.2021.07.006,NA,Includes both community-based and health facility-based sampling,33.753074007895606,-9.496348106364007
97,Tanzania,Dodoma Region,Kondoa District,NA,NA,NA,0,1,2018-06-01,2018-11-30,2018,June,1,0,HU,2,NA,2,Rugarabamu_etal_2021,https://doi.org/10.1016/j.ijid.2021.07.006,NA,Includes both community-based and health facility-based sampling; Additional case data attested in Rugarabamu et al. 2022 (assuming these two studies have distinct sampling pools),36.2507238003709,-4.659427946359517
98,Tanzania,Tanga Region,Kilindi District,NA,NA,NA,0,1,2018-06-01,2018-11-30,2018,June,1,0,HU,2,NA,2,Rugarabamu_etal_2021,https://doi.org/10.1016/j.ijid.2021.07.006,NA,Includes both community-based and health facility-based sampling; Additional case data attested in Rugarabamu et al. 2022 (assuming these two studies have distinct sampling pools),37.4828822267248,-5.293665141021811
NA,Tanzania,Rukwa Region,Kalambo District,NA,NA,NA,0,1,2018-06-01,2018-11-30,2018,June,1,0,HU,1,NA,1,Rugarabamu_etal_2022,https://doi.org/10.1186/s40249-022-00959-z,NA,Health facility-based sampling,31.707264423458643,-8.404830846034846
NA,Tanzania,Mwanza Region,Ukerewe District,NA,NA,NA,0,1,2018-06-01,2018-11-30,2018,June,1,0,HU,1,NA,1,Rugarabamu_etal_2022,https://doi.org/10.1186/s40249-022-00959-z,NA,Health facility-based sampling,33.01565804082939,-2.081773677857068
100,Tanzania,Kilimanjaro Region,Moshi District,NA,NA,NA,0,0,2020-03-01,2020-06-30,2020,March,1,1,HU_LS,7,11,18,Kumalija_etal_2021,https://doi.org/10.1080/16549716.2021.1957554,NA,Approximate location of outbreak determined by referencing Figure 1 in Kumalija et al. 2021; Counting cases according to PCR data given in Table 4,37.36785,-3.557538
1,Kenya,Kiambu County,Kikuyu Subcounty,NA,NA,Kikuyu,1,NA,2008-09-23,NA,2008,September,0,1,LS,NA,5,5,Unpublished DVS records,NA,NA,NA,36.66138498,-1.2543279
NA,Kenya,"Tana River, Garissa County","Bura, Balambala, Dadaab, Dujis, Fafi Subcounty",NA,NA,NA,0,1,2009-02-01,2009-04-30,2009,February,1,0,HU,4,NA,4,Njenga_and_Bett_2019,https://doi.org/10.1007/s40588-018-0110-1,NA,Assuming a sampling catchment of five subcounties for Garissa Provincial Hospital,40.34201667325335,-0.25079937223782206
2,Kenya,Kilifi County,Kaloleni Subcounty,NA,NA,Mariakani,1,NA,2009-09-03,2009-11-14,2009,September,0,1,LS,NA,22,22,Unpublished DVS records,NA,NA,NA,39.48186,-3.85792
3,Kenya,Garissa County,Ijara Subcounty,NA,NA,Kotile,1,0,2009-10-29,NA,2009,October,0,1,LS,NA,1,1,Lichoti_etal_2014,https://doi.org/10.1155/2014/379010,NA,Referencing Table 5 for positive animals,40.2063,-1.9658
4,Kenya,Garissa County,Ijara Subcounty,NA,NA,Sangailu,1,0,2009-10-28,NA,2009,October,0,1,LS,NA,1,1,Lichoti_etal_2014,https://doi.org/10.1155/2014/379010,NA,Referencing Table 5 for positive animals,40.7327,-1.3148
6,Kenya,Baringo County,Baringo South Subcounty,NA,NA,Salabani,1,0,2009-11-05,NA,2009,November,0,1,LS,NA,1,1,Lichoti_etal_2014,https://doi.org/10.1155/2014/379010,NA,Referencing Table 5 for positive animals,36.0501,0.5507
NA,Kenya,"Tana River, Garissa County","Bura, Balambala, Dadaab, Dujis, Fafi Subcounty",NA,NA,NA,0,1,2009-12-01,2010-02-28,2009,December,1,0,HU,4,NA,4,Njenga_and_Bett_2019,https://doi.org/10.1007/s40588-018-0110-1,NA,Assuming a sampling catchment of five subcounties for Garissa Provincial Hospital,39.079239914415865,-0.8419765186742217
7,Kenya,Machakos County,Machakos Town Subcounty,NA,NA,Machakos,1,NA,2010-10-06,NA,2010,October,0,1,LS,NA,5,5,Unpublished DVS records,NA,NA,NA,37.22608737,-1.58948027
8,Kenya,Kiambu County,Thika Town Subcounty,NA,NA,Thika,1,NA,2010-10-06,NA,2010,October,0,1,LS,NA,5,5,Unpublished DVS records,NA,NA,NA,37.1627001,-1.06595808
9,Kenya,Kiambu County,Ruiru Subcounty,NA,NA,Ruiru,1,NA,2010-10-06,NA,2010,October,0,1,LS,NA,1,1,Unpublished DVS records,NA,NA,NA,37.12083699,-1.20259546
10,Kenya,Nairobi County,Kasarani Subcounty,NA,NA,Kamulu,1,NA,2010-10-06,NA,2010,October,0,1,LS,NA,1,1,Unpublished DVS records,NA,NA,NA,37.06358,-1.28306
11,Kenya,Garissa County,Fafi Subcounty,NA,NA,Fafi,1,NA,2011-11-23,2012-01-07,2011,November,0,1,LS,NA,3,3,Unpublished DVS records,NA,NA,NA,40.25089758,-0.43266492
12,Kenya,Lamu County,Lamu West Subcounty,NA,NA,Witu,1,NA,2011-12-24,2012-01-07,2011,December,0,1,LS,NA,7,7,Unpublished DVS records,NA,NA,NA,40.43090174,-2.38248559
NA,Kenya,Garissa County,Fafi Subcounty,NA,NA,Fafi,1,0,2012-09-01,NA,2012,September,0,1,LS,NA,1,1,Owange_etal_2014,https://doi.org/10.1016/j.prevetmed.2014.08.008,NA,"Herd 1175, sampling #1; Information from Figure 1 and Table 1",40.026,-1.104
NA,Kenya,Garissa County,Ijara Subcounty,NA,NA,Masalani,1,0,2012-09-01,NA,2012,September,0,1,LS,NA,1,1,Owange_etal_2014,https://doi.org/10.1016/j.prevetmed.2014.08.008,NA,"Herd 1181, sampling #1; Information from Table 1",40.199,-1.6889
NA,Kenya,Garissa County,Ijara Subcounty,NA,NA,Gedulum,1,0,2012-12-01,NA,2012,December,0,1,LS,NA,1,1,Owange_etal_2014,https://doi.org/10.1016/j.prevetmed.2014.08.008,NA,"Herd 1178, sampling #2; Information from Figure 1 and Table 1",40.71971,-1.38431
NA,Kenya,Garissa County,Ijara Subcounty,NA,NA,Ijara,1,0,2012-12-01,NA,2012,December,0,1,LS,NA,4,4,Owange_etal_2014,https://doi.org/10.1016/j.prevetmed.2014.08.008,NA,"Herd 1179, sampling #2; Information from Figure 1 and Table 1",40.52,-1.5835
NA,Kenya,Garissa County,Ijara Subcounty,NA,NA,Gedulum,1,0,2013-02-01,NA,2013,February,0,1,LS,NA,2,2,Owange_etal_2014,https://doi.org/10.1016/j.prevetmed.2014.08.008,NA,"Herd 1178, sampling #3; Information from Figure 1 and Table 1",40.71971,-1.38431
NA,Kenya,Lamu County,Lamu West Subcounty,NA,NA,Witu,1,0,2013-05-01,NA,2013,May,0,1,LS,NA,2,2,Owange_etal_2014,https://doi.org/10.1016/j.prevetmed.2014.08.008,NA,"Herd 1172, sampling #4; Information from Figure 1 and Table 1",40.7558,-2.2104
NA,Kenya,Garissa County,Fafi Subcounty,NA,NA,Kamuthe,1,0,2013-05-01,NA,2013,May,0,1,LS,NA,2,2,Owange_etal_2014,https://doi.org/10.1016/j.prevetmed.2014.08.008,NA,"Herd 1174, sampling #4; Information from Figure 1 and Table 1",39.86329,-0.70585
NA,Kenya,Garissa County,Fafi Subcounty,NA,NA,Halei,1,0,2013-05-01,NA,2013,May,0,1,LS,NA,5,5,Owange_etal_2014,https://doi.org/10.1016/j.prevetmed.2014.08.008,NA,"Herd 1178, sampling #4 and herd 1179, sampling #4; Information from Figure 1 and Table 1",39.9916,-0.5974
NA,Kenya,Garissa County,Fafi Subcounty,NA,NA,Tana,0,0,2013-05-01,NA,2013,May,0,1,LS,NA,2,2,Owange_etal_2014,https://doi.org/10.1016/j.prevetmed.2014.08.008,NA,"Herd 1181, sampling #4; Not clear which Tana in Fafi Subcounty is being referred to, and herd 1181 is not shown on Figure 1",40.7323340608755,-1.3098045993651724
14,Kenya,Murang'a County,Kandara Subcounty,NA,NA,Ngararia,1,NA,2014-05-01,NA,2014,May,1,1,HU_LS,3,7,10,Unpublished KEMRI records,NA,NA,NA,37.02083493,-0.93262001
15,Kenya,Garissa County,Balambala Subcounty,NA,NA,Garissa,1,NA,2016-06-03,NA,2016,June,0,1,LS,NA,7,7,Unpublished KEMRI records,NA,NA,NA,39.59074632,-0.24856877
16,Kenya,Isiolo County,Isiolo North Subcounty,NA,NA,Saleti,1,0,2018-06-15,2018-07-30,2018,June,0,1,LS,NA,15,15,WAHIS,https://wahis.woah.org/#/in-event/2574/dashboard,1000101603,NA,38.611561,1.177155
17,Kenya,Isiolo County,Isiolo South Subcounty,NA,NA,Garbatulla,1,0,2018-06-19,2018-07-30,2018,June,0,1,LS,NA,12,12,WAHIS,https://wahis.woah.org/#/in-event/2574/dashboard,1000101604,NA,38.415522,0.549314
19,Kenya,Wajir County,Wajir North Subcounty,NA,NA,Basir,1,0,2018-05-01,2018-07-30,2018,May,0,1,LS,NA,25,25,WAHIS,https://wahis.woah.org/#/in-event/2574/dashboard,1000100918,"Based on information in Hassan et al. 2020 (10.4269/ajtmh.20-0387), setting the start date in Wajir County to May",39.027828,2.327758
20,Kenya,Wajir County,Eldas Subcounty,NA,NA,Eldas,1,0,2018-05-01,2018-07-30,2018,May,1,1,HU_LS,21,17,38,WAHIS,https://wahis.woah.org/#/in-event/2574/dashboard,1000101072,"Based on information in Hassan et al. 2020 (10.4269/ajtmh.20-0387), setting the start date in Wajir County to May; Arbitrarily assigning all Wajir County human cases reported in Hassan et al. 2020 to Eldas Subcounty",39.60631,2.492876
21,Kenya,Mandera County,Mandera South Subcounty,NA,NA,Elwak,1,0,2018-06-22,2018-07-30,2018,June,0,1,LS,NA,2,2,WAHIS,https://wahis.woah.org/#/in-event/2574/dashboard,1000102482,NA,40.913067,2.817387
22,Kenya,Marsabit County,Saku Subcounty,NA,NA,Marsabit,1,0,2018-06-01,2018-07-30,2018,June,1,1,HU_LS,8,18,26,WAHIS,https://wahis.woah.org/#/in-event/2574/dashboard,1000102478,Start date and human case data from Hassan et al. 2020 (10.4269/ajtmh.20-0387),37.869589,2.394153
23,Kenya,Tana River County,Garsen Subcounty,NA,NA,Dhidhe Ade,1,0,2018-06-20,2018-07-30,2018,June,1,1,HU_LS,NA,20,20,Daily Nation,https://reliefweb.int/report/kenya/quarantine-tana-delta-after-rift-valley-fever-outbreak,NA,Total human case count unclear,40.26515673,-2.5509187
24,Kenya,Tana River County,Bura Subcounty,NA,NA,Galole,1,0,2018-06-11,2018-07-30,2018,June,0,1,LS,NA,1,1,WAHIS,https://wahis.woah.org/#/in-event/2574/dashboard,1000101073,NA,39.952116,-1.284105
25,Kenya,Siaya County,Ugenya Subcounty,NA,NA,Siaya,1,0,2018-06-02,2018-07-30,2018,June,1,1,HU_LS,1,38,39,WAHIS,https://wahis.woah.org/#/in-event/2574/dashboard,1000101606,Start date and human case data from Hassan et al. 2020 (10.4269/ajtmh.20-0387),34.141077,0.198418
27,Kenya,Baringo County,Mogotio Subcounty,NA,NA,Mogotio,1,0,2018-06-29,2018-07-30,2018,June,0,1,LS,NA,1,1,WAHIS,https://wahis.woah.org/#/in-event/2574/dashboard,1000102477,NA,36.067303,0.24718300000000001
28,Kenya,Meru County,Igembe South Subcounty,NA,NA,Igembe Central,1,0,2018-07-02,2018-07-30,2018,July,0,1,LS,NA,1,1,WAHIS,https://wahis.woah.org/#/in-event/2574/dashboard,1000102483,NA,37.952045,0.237924
29,Kenya,Murang'a County,Kiharu Subcounty,NA,NA,Kihingo,1,0,2019-01-25,2019-03-21,2019,January,0,1,LS,NA,4,4,WAHIS,https://wahis.woah.org/#/in-event/2824/dashboard,1000111864,NA,37.087673,-0.721406
30,Kenya,Nyandarua County,Ndaragwa Subcounty,NA,NA,Rurii,1,NA,2019-01-24,2019-03-21,2019,January,1,1,HU_LS,15,1,16,Unpublished KEMRI records,NA,NA,NA,36.37819305,-0.21193184
31,Kenya,Nyandarua County,Ol Kalou Subcounty,NA,NA,Karau,1,NA,2019-01-24,2019-03-21,2019,January,1,1,HU_LS,NA,1,1,Unpublished KEMRI records,NA,NA,Total human case count unclear,36.33845537,-0.31679704
32,Kenya,Nyandarua County,Ndaragwa Subcounty,NA,NA,Shamata,1,0,2019-02-25,2019-03-21,2019,February,0,1,LS,NA,5,5,WAHIS,https://wahis.woah.org/#/in-event/2824/dashboard,1000111865,NA,36.498871,-0.195548
33,Kenya,Isiolo County,Isiolo South Subcounty,Sericho Ward,NA,Eresa Boru,1,0,2020-11-19,2021-03-18,2020,November,1,1,HU_LS,NA,24,24,WAHIS,https://wahis.woah.org/#/in-event/3491/dashboard,1000143195,Additional information derived from WHO report (https://www.who.int/emergencies/disease-outbreak-news/item/2021-DON311) where this outbreak is referred to as occurring in Garbatulla Subcounty; Total human case count in Isiolo South (Garbatulla) unclear,38.781515,1.038371
34,Kenya,Isiolo County,Isiolo North Subcounty,Cherab Ward,NA,Korbesa,1,0,2020-11-19,2021-03-18,2020,November,1,1,HU_LS,NA,20,20,WAHIS,https://wahis.woah.org/#/in-event/3491/dashboard,1000144227,Additional information derived from WHO report (https://www.who.int/emergencies/disease-outbreak-news/item/2021-DON311) where Korbesa is described as being within Merti Subcounty; Total human case count in Isiolo North (Merti) unclear,38.78781,1.210698
35,Kenya,Garissa County,Balambala Subcounty,Danyere Ward,NA,Danyere,1,0,2020-12-07,2021-03-18,2020,December,0,1,LS,NA,1,1,WAHIS,https://wahis.woah.org/#/in-event/3491/dashboard,1000143196,"Additional information derived from WHO report (https://www.who.int/emergencies/disease-outbreak-news/item/2021-DON311); Coordinates given by WAHIS fall within Danyere Ward, not Jara Jara Ward, as indicated in the WAHIS event",38.850756,0.307889
36,Kenya,Garissa County,Ijara Subcounty,Masalani Ward,NA,Qalaqal,1,0,2020-12-07,2021-03-18,2020,December,0,1,LS,NA,3,3,WAHIS,https://wahis.woah.org/#/in-event/3491/dashboard,1000143198,Additional information derived from WHO report (https://www.who.int/emergencies/disease-outbreak-news/item/2021-DON311),40.240787,-1.627194
37,Kenya,Mandera County,Mandera North Subcounty,Rhamu-Dimtu Ward,NA,Yabicho,1,0,2021-01-22,2021-03-18,2021,January,1,1,HU_LS,2,2,4,WAHIS,https://wahis.woah.org/#/in-event/3491/dashboard,1000146374,Additional information derived from WHO report (https://www.who.int/emergencies/disease-outbreak-news/item/2021-DON311) where the human portion of this outbreak is described from Kalmalab in Mandera North Subcounty,41.09124,3.821088
38,Kenya,Murang'a County,Gatanga Subcounty,Kihumbu-Ini Ward,NA,Kihumbu-Ini,1,0,2020-12-29,2021-03-18,2020,December,0,1,LS,NA,NA,NA,WHO,https://www.who.int/emergencies/disease-outbreak-news/item/2021-DON311,NA,Total livestock case count unclear,36.98083414,-0.93262002
39,Kenya,Murang'a County,Kandara Subcounty,Ng'Araria Ward,NA,Ngararia,1,0,2021-01-19,2021-03-18,2021,January,0,1,LS,NA,6,6,WAHIS,https://wahis.woah.org/#/in-event/3491/dashboard,1000145035,Additional information derived from WHO report (https://www.who.int/emergencies/disease-outbreak-news/item/2021-DON311),37.019834,-0.934632
40,Kenya,Kiambu County,Kikuyu Subcounty,NA,NA,Kikuyu,1,0,2021-06-14,2021-08-20,2021,June,0,1,LS,NA,5,5,WAHIS,https://wahis.woah.org/#/in-event/3841/dashboard,ob_87960,I believe this same outbreak event is captured in Juma et al. 2022 (https://doi.org/10.1186/s12864-022-08764-6) which describes 5 IgM-positive cattle sampled in Kiambu county in July 2021; So at least 5 positive animals were involved in the outbreak event in this area,36.6601,-1.2396
NA,Kenya,Wajir County,Eldas Subcounty,NA,NA,NA,0,0,2021-07-01,2021-08-31,2021,July,0,1,LS,NA,1,1,Omani_etal_2024,https://doi.org/10.1016/j.onehlt.2024.100921,NA,"Although the sampling started in June 2021, discussion of the single IgM-positive animal mentions July 2021 as the ""time of sampling"", hence the coding of the outbreak start date",39.69430659575059,2.158825494983853
NA,Kenya,Isiolo County,Isiolo South Subcounty,NA,NA,NA,0,0,2021-07-01,2021-08-31,2021,July,0,1,LS,NA,4,4,Muturi_etal_2023,https://doi.org/10.1038/s41598-023-42596-y,NA,NA,38.39266606090706,0.715119289725366
41,Kenya,Nyandarua County,NA,NA,NA,NA,0,0,2020-10-01,NA,2020,October,0,1,LS,NA,3,3,Wanjama_etal_2022,https://www.researchgate.net/profile/James-Kabugu/publication/366836264_Sero-epidemiological_survey_of_Rift_Valley_Fever_virus_in_ruminants_in_Nyandarua_County_Kenya/links/63b435a8a03100368a4df2e1/Sero-epidemiological-survey-of-Rift-Valley-Fever-virus-in-ruminants-in-Nyandarua-County-Kenya.pdf,NA,Outbreak timing coded as occurring between the two sampling events; Not clear when the IgM-positive animals were sampled,36.632779810180324,-0.5405180959846386
NA,Uganda,Northern Region,Kitgum District,NA,NA,NA,0,0,2010-12-01,NA,2010,December,0,1,LS,NA,1,1,Ndumu_etal_2021,https://doi.org/10.1186/s12917-021-02867-0,NA,Some ambiguity in the manuscript about whether the samples were collected starting in November 2010 or December 2010,33.241668966133105,3.2549563370508303
42,Uganda,Western Region,Kabale District,NA,Kamuganguzi Subcounty,Omururinda,1,0,2016-02-10,NA,2016,February,1,1,HU_LS,1,1,2,Shoemaker_etal_2019,https://doi.org/10.4269/ajtmh.18-0732,1000070693,"Captures acute case 2 (AC2) and the single confirmed livestock case; Livestock case is also attested to by a WAHIS event (https://wahis.woah.org/#/in-event/1922/dashboard) where the village is referred to as Kashenyi, immediately adjacent to Omururinda; Note that the coordinates for Kashenyi given in the WAHIS event appear to be inaccurate",29.9924701,-1.3299139
43,Uganda,Western Region,Kabale District,NA,Northern Division,Upper Bugongi,1,0,2016-03-02,NA,2016,March,1,0,HU,1,NA,1,Shoemaker_etal_2019,https://doi.org/10.4269/ajtmh.18-0732,NA,Captures acute case 1 (AC1),29.995927,-1.232273
NA,Uganda,Western Region,Kabale District,NA,Rubaya Subcounty,Mushenyi,1,0,2016-03-03,NA,2016,March,1,0,HU,1,NA,1,Shoemaker_etal_2019,https://doi.org/10.4269/ajtmh.18-0732,NA,Captures acute case 3 (AC3),29.9868397,-1.4472344
44,Uganda,Western Region,Kabale District,NA,Southern Division,Rushaki,1,0,2016-06-02,NA,2016,June,1,0,HU,1,NA,1,Shoemaker_etal_2019,https://doi.org/10.4269/ajtmh.18-0732,NA,Captures acute case 4 (AC4),30.0052505,-1.2592782
NA,Uganda,Western Region,Kabale District,NA,NA,NA,0,0,2016-04-01,2016-04-30,2016,April,1,0,HU,10,NA,10,Nyakarahuka_etal_2018,https://doi.org/10.1371/journal.pntd.0006412,NA,Assuming this data is distinct from that reported by Shoemaker et al. 2019,30.037755718053834,-1.183258558651463
45,Uganda,Western Region,Isingiro District,NA,Mbaare Subcounty,Katojo Central,1,NA,2018-07-03,NA,2018,July,1,0,HU,3,NA,3,Nyakarahuka_etal_2023,https://doi.org/10.4269/ajtmh.22-0410,NA,NA,30.9719902,-0.8682045
46,Uganda,Central Region,Kiboga District,NA,Kibiga Subcounty,Busakya,1,0,2017-11-14,NA,2017,November,1,0,HU,1,NA,1,Birungi_etal_2021,https://doi.org/10.1155/2021/8881191,NA,Start date information from Table 1,31.7522425,0.8918558
47,Uganda,Central Region,Mityana District,NA,NA,NA,0,0,2017-11-16,NA,2017,November,1,0,HU,1,NA,1,Birungi_etal_2021,https://doi.org/10.1155/2021/8881191,NA,No information given in paper regarding specific village location,32.15340005911197,0.32599941875293076
48,Uganda,Western Region,Kiruhura District,NA,Kanyaryeru Subcounty,Rushororo,1,0,2017-11-18,NA,2017,November,1,0,HU,4,NA,4,Birungi_etal_2021,https://doi.org/10.1155/2021/8881191,NA,Additional information: https://uniph.go.ug/rift-valley-fever-outbreak-caused-by-handling-a-dead-calf-kiruhura-district-2017-2018/,30.9425875,-0.5073751
49,Uganda,Central Region,Kyankwanzi District,NA,Butemba Town Council,Bukwiri,1,NA,2017-12-14,2018-01-04,2017,December,1,0,HU,1,NA,1,Nyakarahuka_etal_2023,https://doi.org/10.4269/ajtmh.22-0410,NA,NA,31.596401,1.126574
50,Uganda,Central Region,Buikwe District,NA,Kawolo Subcounty,Vvumba,1,0,2018-01-07,NA,2018,January,1,0,HU,1,NA,1,Birungi_etal_2021,https://doi.org/10.1155/2021/8881191,NA,Village may also be known as Vumba,32.9,0.3
51,Uganda,Northern Region,Yumbe District,NA,Ariwa Subcounty,Ariwa II refugee camp zone 5,1,NA,2018-01-19,2018-02-07,2018,January,1,0,HU,1,NA,1,Nyakarahuka_etal_2023,https://doi.org/10.4269/ajtmh.22-0410,NA,NA,31.4071817,3.2428225
52,Uganda,Western Region,Rwampara District,NA,Bugamba Subcounty,Bugamba,1,NA,2018-06-08,2018-08-24,2018,June,1,0,HU,1,NA,1,Nyakarahuka_etal_2023,https://doi.org/10.4269/ajtmh.22-0410,NA,NA,30.48719,-0.709031
53,Uganda,Western Region,Ibanda District,NA,Bufunda Division,NA,1,NA,2018-06-18,2018-07-20,2018,June,1,0,HU,1,NA,1,Nyakarahuka_etal_2023,https://doi.org/10.4269/ajtmh.22-0410,NA,NA,30.53012239,-0.09016975
54,Uganda,Western Region,Kasese District,NA,Munkunyu Subcounty,NA,1,NA,2018-06-20,2018-07-07,2018,June,1,0,HU,1,NA,1,Nyakarahuka_etal_2023,https://doi.org/10.4269/ajtmh.22-0410,NA,NA,29.857045,0.01362694
55,Uganda,Western Region,Isingiro District,NA,Masha Subcounty,Kabare,1,NA,2018-06-22,2018-07-20,2018,June,1,0,HU,4,NA,4,Nyakarahuka_etal_2023,https://doi.org/10.4269/ajtmh.22-0410,NA,Village may also be known as Kabaare,30.718193,-0.664144
56,Uganda,Central Region,Ssembabule District,NA,Lwebitakuli Subcounty,NA,1,NA,2018-07-01,2018-08-01,2018,July,1,0,HU,1,NA,1,Nyakarahuka_etal_2023,https://doi.org/10.4269/ajtmh.22-0410,NA,NA,31.34864797,-0.25844587
57,Uganda,Western Region,Isingiro District,NA,Kashumba Subcounty,NA,1,NA,2018-07-03,2018-08-24,2018,July,1,0,HU,1,NA,1,Nyakarahuka_etal_2023,https://doi.org/10.4269/ajtmh.22-0410,NA,NA,30.9563515,-0.8892447
58,Uganda,Western Region,Isingiro District,NA,Rugaaga Subcounty,Nakivale,1,NA,2018-07-03,2018-07-20,2018,July,1,0,HU,1,NA,1,Nyakarahuka_etal_2023,https://doi.org/10.4269/ajtmh.22-0410,NA,NA,30.94943771,-0.771338167
59,Uganda,Western Region,Isingiro District,NA,Kashumba Subcounty,Kashumba,1,NA,2018-07-05,2018-08-24,2018,July,1,0,HU,3,NA,3,Nyakarahuka_etal_2023,https://doi.org/10.4269/ajtmh.22-0410,NA,NA,30.949304,-0.903845
60,Uganda,Central Region,Masaka District,NA,Kkingo Subcounty,Kasaana B,1,NA,2018-07-09,2018-08-03,2018,July,1,0,HU,1,NA,1,Nyakarahuka_etal_2023,https://doi.org/10.4269/ajtmh.22-0410,NA,NA,31.623002,-0.303224
61,Uganda,Central Region,Mubende District,NA,Kigando Subcounty,Bubanda,1,NA,2018-07-10,2018-08-10,2018,July,1,0,HU,1,NA,1,Nyakarahuka_etal_2023,https://doi.org/10.4269/ajtmh.22-0410,NA,NA,31.26666682,0.266838647
62,Uganda,Western Region,Rwampara District,NA,Bugamba Subcounty,Rurengye,1,NA,2018-07-10,2018-07-30,2018,July,1,0,HU,1,NA,1,Nyakarahuka_etal_2023,https://doi.org/10.4269/ajtmh.22-0410,NA,NA,30.503668,-0.729509
63,Uganda,Western Region,Isingiro District,NA,Kikagate Subcounty,Kizibale,1,NA,2018-07-14,2018-08-07,2018,July,1,0,HU,1,NA,1,Nyakarahuka_etal_2023,https://doi.org/10.4269/ajtmh.22-0410,NA,NA,30.661807,-1.034086
64,Uganda,Western Region,Sheema District,NA,Kagango Division,Kasozi,1,NA,2018-07-19,2018-08-11,2018,July,1,0,HU,1,NA,1,Nyakarahuka_etal_2023,https://doi.org/10.4269/ajtmh.22-0410,NA,NA,30.392695,-0.642397
65,Uganda,Western Region,Isingiro District,NA,Kashumba Subcounty,Kashumba,1,NA,2018-07-19,2018-08-14,2018,July,1,0,HU,1,NA,1,Nyakarahuka_etal_2023,https://doi.org/10.4269/ajtmh.22-0410,NA,NA,30.948346,-0.903202
66,Uganda,Western Region,Isingiro District,NA,Nyakitunda Subcounty,Rwamuhunga,1,NA,2018-07-29,2018-08-19,2018,July,1,0,HU,1,NA,1,Nyakarahuka_etal_2023,https://doi.org/10.4269/ajtmh.22-0410,NA,NA,30.738107,-0.924658
68,Uganda,Western Region,Kiruhura District,NA,Sanga Town Council,Nyankumba,1,NA,2018-08-07,2018-08-29,2018,August,1,0,HU,2,NA,2,Nyakarahuka_etal_2023,https://doi.org/10.4269/ajtmh.22-0410,NA,NA,30.908201,-0.501662
69,Uganda,Central Region,Rakai District,NA,Kacheera Subcounty,Kakyera,1,NA,2018-08-08,2018-08-24,2018,August,1,0,HU,1,NA,1,Nyakarahuka_etal_2023,https://doi.org/10.4269/ajtmh.22-0410,NA,NA,31.18753748,-0.594695726
70,Uganda,Eastern Region,Namutumba District,NA,Busembatia Town Council,Kasabuli,1,NA,2018-07-25,2018-08-20,2018,July,1,0,HU,1,NA,1,Nyakarahuka_etal_2023,https://doi.org/10.4269/ajtmh.22-0410,NA,NA,33.623679,0.77964
NA,Uganda,Western Region,Isingiro District,NA,Kashumba Subcounty,Nakivale,1,0,2018-08-08,NA,2018,August,0,1,LS,NA,24,24,WAHIS,https://wahis.woah.org/#/in-event/2666/dashboard,1000104694,NA,30.929099,-0.7898187
NA,Uganda,Western Region,Mbarara District,NA,Kashare Subcounty,Mutonto,1,0,2018-08-12,NA,2018,August,0,1,LS,NA,12,12,WAHIS,https://wahis.woah.org/#/in-event/2666/dashboard,1000104698,Not using coordinates provided by WAHIS as these map to the city of Mbarara; Instead using coordinates for Mutonto itself,30.65,-0.383333
NA,Uganda,Central Region,Lyantonde District,NA,Lyantonde Town Council,Lyantonde,1,0,2018-09-02,NA,2018,September,0,1,LS,NA,20,20,WAHIS,https://wahis.woah.org/#/in-event/2666/dashboard,1000104697,NA,31.1535628,-0.4064197
71,Uganda,Western Region,Kiryandongo District,NA,Kiryandongo Subcounty,Mirima,1,NA,2019-03-03,2019-03-29,2019,March,1,0,HU,1,NA,1,Nyakarahuka_etal_2023,https://doi.org/10.4269/ajtmh.22-0410,NA,NA,32.15906437,1.897241385
72,Uganda,Western Region,Kasese District,NA,Central Division,Salute B,1,NA,2019-05-30,2019-06-30,2019,May,1,0,HU,1,NA,1,Nyakarahuka_etal_2023,https://doi.org/10.4269/ajtmh.22-0410,NA,NA,30.0653,0.179042
74,Uganda,Northern Region,Obongi District,NA,Itula Subcounty,Pasu,1,NA,2019-11-20,2019-12-10,2019,November,1,0,HU,1,NA,1,Nyakarahuka_etal_2023,https://doi.org/10.4269/ajtmh.22-0410,NA,Village may also be known as Passu,31.546031,3.481613
75,Uganda,Western Region,Ntoroko District,NA,Nombe Subcounty,Kimara,1,NA,2019-12-04,2019-12-18,2019,December,1,0,HU,1,NA,1,Nyakarahuka_etal_2023,https://doi.org/10.4269/ajtmh.22-0410,NA,NA,30.413979,1.07504644
76,Uganda,Central Region,Kampala District,NA,Kira Division,Kasokozo,1,NA,2020-02-02,2020-03-20,2020,February,1,0,HU,2,NA,2,Nyakarahuka_etal_2023,https://doi.org/10.4269/ajtmh.22-0410,NA,NA,32.631177,0.42807
77,Uganda,Central Region,Kyankwanzi District,NA,Kyankwanzi Town Council,Kitegwa,1,NA,2020-02-12,2020-03-10,2020,February,1,0,HU,1,NA,1,Nyakarahuka_etal_2023,https://doi.org/10.4269/ajtmh.22-0410,NA,NA,31.882801,1.183394
78,Uganda,Central Region,Lake Victoria District,NA,Bussi Subcounty,Gulwe,1,NA,2020-03-04,2020-03-24,2020,March,1,0,HU,1,NA,1,Nyakarahuka_etal_2023,https://doi.org/10.4269/ajtmh.22-0410,NA,"Outbreak actually occurred on Kava Island, as indicated by the GPS coordinates",32.366674,-0.015864
79,Uganda,Western Region,Kabale District,NA,Central Division,Kigongi A,1,NA,2020-07-08,2020-08-14,2020,July,1,0,HU,1,NA,1,Nyakarahuka_etal_2023,https://doi.org/10.4269/ajtmh.22-0410,NA,NA,29.995834,-1.245965
80,Uganda,Western Region,Kiruhura District,NA,Kenshunga Subcounty,Rushere,1,NA,2020-07-20,2020-08-03,2020,July,1,0,HU,1,NA,1,Nyakarahuka_etal_2023,https://doi.org/10.4269/ajtmh.22-0410,NA,NA,30.862896,-0.176444
81,Uganda,Central Region,Ssembabule District,NA,Lugusulu Subcounty,Kyebando,1,0,2020-11-28,2020-12-31,2020,November,1,0,HU,2,NA,2,Aceng_etal_2023,https://doi.org/10.1186/s42522-023-00092-3,NA,NA,31.39609,-0.06351
82,Uganda,Western Region,Kiruhura District,NA,Kinoni Subcounty,Kasaana,1,0,2021-05-07,NA,2021,May,1,1,HU_LS,4,8,12,Cossaboom_etal_2022,https://doi.org/10.3201/eid2811.220364 ,NA,"Only counting recent, acute cases in Cossaboom et al. 2022; Additional data on livestock cases in: https://uniph.go.ug/rift-valley-fever-outbreak-kiruhura-district-uganda-june-2021/",31.0700292,-0.0603661
83,Uganda,Western Region,Kyegegwa District,NA,Kabweza Kyegegwa Subcounty,Bukere,1,NA,2021-08-01,2021-08-20,2021,August,1,0,HU,1,NA,1,UNIPH,https://uniph.go.ug/descriptive-analysis-of-rift-valley-fever-outbreaks-uganda-2016-2023/,NA,NA,31.09482,0.38333
84,Uganda,Western Region,Kagadi District,NA,Ruteete Subcounty,Kihura,1,NA,2022-01-02,2022-02-02,2022,January,1,1,HU_LS,2,1,3,UNIPH,https://uniph.go.ug/descriptive-analysis-of-rift-valley-fever-outbreaks-uganda-2016-2023/,NA,NA,30.800612,1.0121967
85,Uganda,Western Region,Mbarara District,NA,Rubindi Subcounty,Kama,1,NA,2022-05-10,2022-06-10,2022,May,1,0,HU,3,NA,3,UNIPH,https://uniph.go.ug/descriptive-analysis-of-rift-valley-fever-outbreaks-uganda-2016-2023/,NA,NA,30.550191,-0.373517
86,Tanzania,Morogoro Region,Kilombero District,NA,NA,NA,0,0,2011-05-01,2011-08-31,2011,May,0,1,LS,NA,9,9,Sumaye_etal_2013,https://doi.org/10.1371/journal.pntd.0002356,NA,Approximate location of outbreak determined by referencing Figure 1 in Sumaye et al. 2013,36.2336,-8.2828
NA,Tanzania,Kigoma Region,Kigoma District,NA,NA,NA,0,0,2011-05-01,2011-06-30,2011,May,0,1,LS,NA,1,1,Kifaro_etal_2014,http://dx.doi.org/10.4102/ojvr.v81i2.717 ,NA,"Some ambiguity about the date of sampling because September-October 2011 is also mentioned, but pretty confident these are the correct dates; Approximate location of outbreak determined by referencing Figure 1 in Kifaro et al. 2014",29.66,-4.8043
NA,Tanzania,Kigoma Region,Kibondo District,NA,NA,NA,0,0,2011-05-01,2011-06-30,2011,May,0,1,LS,NA,4,4,Kifaro_etal_2014,http://dx.doi.org/10.4102/ojvr.v81i2.717 ,NA,"Some ambiguity about the date of sampling because September-October 2011 is also mentioned, but pretty confident these are the correct dates; Approximate location of outbreak determined by referencing Figure 1 in Kifaro et al. 2014",30.4877,-3.5881
NA,Tanzania,Kigoma Region,Buhigwe District,NA,NA,NA,0,0,2011-05-01,2011-06-30,2011,May,0,1,LS,NA,3,3,Kifaro_etal_2014,http://dx.doi.org/10.4102/ojvr.v81i2.717 ,NA,"Some ambiguity about the date of sampling because September-October 2011 is also mentioned, but pretty confident these are the correct dates; Approximate location of outbreak determined by referencing Figure 1 in Kifaro et al. 2014",29.78823,-4.4284
87,Tanzania,Morogoro Region,Kilombero District,NA,NA,NA,0,0,2012-03-01,2012-08-31,2012,March,1,0,HU,16,NA,16,Sumaye_etal_2015,https://doi.org/10.1371/journal.pntd.0003536,NA,"Approximate location chosen to match that of the Sumaye et al. 2013 study, since Sumaye et al. 2015 mentions sampling in the same ""hotspots of RVF transmission in the livestock populations""",36.2336,-8.2828
88,Tanzania,Mara Region,Bunda District,NA,NA,NA,0,1,2014-08-01,2014-10-31,2014,August,1,0,HU,2,NA,2,Ahmed_etal_2018,https://doi.org/10.1186/s12879-018-3183-9,NA,A hospital-based study; Districts listed all had IgM-positive humans,33.97861553877106,-2.1165254027322153
88,Tanzania,Mara Region,Serengeti District,NA,NA,NA,0,1,2014-08-01,2014-10-31,2014,August,1,0,HU,1,NA,1,Ahmed_etal_2018,https://doi.org/10.1186/s12879-018-3183-9,NA,A hospital-based study; Districts listed all had IgM-positive humans,34.88753272078661,-1.706014903065907
88,Tanzania,Arusha Region,Ngorongoro District,NA,NA,NA,0,1,2014-08-01,2014-10-31,2014,August,1,0,HU,3,NA,3,Ahmed_etal_2018,https://doi.org/10.1186/s12879-018-3183-9,NA,A hospital-based study; Districts listed all had IgM-positive humans,35.44804037395773,-2.1666569334331487
89,Tanzania,Morogoro Region,Morogoro District,NA,NA,NA,0,0,2014-06-01,2015-10-31,2014,June,0,1,LS,NA,27,27,Matiko_etal_2018,https://doi.org/10.1371/journal.pntd.0006931,NA,Approximate location of outbreak determined by referencing Figure 1 in Matiko et al. 2018 and placing location near IgM-positive villages,37.772134,-6.779623
90,Tanzania,Mbeya Region,Kyela District,NA,NA,NA,0,0,2014-06-01,2015-10-31,2014,June,0,1,LS,NA,3,3,Matiko_etal_2018,https://doi.org/10.1371/journal.pntd.0006931,NA,Approximate location of outbreak determined by referencing Figure 1 in Matiko et al. 2018 and placing location near IgM-positive villages,33.829551,-9.606575
NA,Tanzania,Mbeya Region,Kyela District,NA,NA,NA,0,0,2015-09-01,NA,2015,September,0,1,LS,NA,1,1,Salekwa_etal_2019,https://doi.org/10.4269/ajtmh.18-0798,NA,"Somewhat ambiguous, but the text seems to indicate that the Kyela District was the sole District sampled within the Mbeya Region",33.941024746901334,-9.49086779320631
92,Tanzania,Kilimanjaro Region,Moshi District,NA,NA,NA,0,0,2018-05-16,NA,2018,May,1,1,HU_LS,1,11,12,deGlanville_etal_2022,https://doi.org/10.1093/trstmh/trac076,NA,Livestock cases reported in Arusha Chini and Kindi Wards in de Glanville et al. 2022; Associated human case reported in Kilema Kusini Ward in Madut et al. 2024,37.50873566837761,-3.241645257568533
92,Tanzania,Kilimanjaro Region,Moshi Urban District,NA,NA,NA,0,0,2018-07-03,NA,2018,July,1,1,HU_LS,1,1,2,deGlanville_etal_2022,https://doi.org/10.1093/trstmh/trac076,NA,Livestock case reported in Rau Ward in de Glanville et al. 2022; Associated human case reported in Pasua Ward in Madut et al. 2024,37.36802783493614,-3.3545492392052267
92,Tanzania,Kilimanjaro Region,Hai District,NA,NA,NA,0,0,2018-07-15,NA,2018,July,1,1,HU_LS,1,2,3,deGlanville_etal_2022,https://doi.org/10.1093/trstmh/trac076,NA,Livestock cases reported in Machame Mashariki Ward in de Glanville et al. 2022; Associated human case reported in Hai Mjini Ward in Madut et al. 2024,37.1703276586682,-3.23905858995745
NA,Tanzania,Manyara Region,Simanjiro District,NA,NA,NA,0,0,2018-07-01,NA,2018,July,1,0,HU,1,NA,1,Madut_etal_2024,https://doi.org/10.1093/infdis/jiae562 ,NA,"Assuming a July start date for this outbreak, but it's a little unclear",37.687123346264976,-4.889224884709243
93,Tanzania,Kigoma Region,Buhigwe District,NA,NA,NA,0,1,2018-06-01,2018-11-30,2018,June,1,0,HU,2,NA,2,Rugarabamu_etal_2021,https://doi.org/10.1016/j.ijid.2021.07.006,NA,Includes both community-based and health facility-based sampling; Additional case data attested in Rugarabamu et al. 2022 (assuming these two studies have distinct sampling pools),29.845864480335038,-4.693601838593344
94,Tanzania,Dar es Salaam Region,Kinondoni District,NA,NA,NA,0,1,2018-06-01,2018-11-30,2018,June,1,0,HU,6,NA,6,Rugarabamu_etal_2021,https://doi.org/10.1016/j.ijid.2021.07.006,NA,Includes both community-based and health facility-based sampling; Additional case data attested in Rugarabamu et al. 2022 (assuming these two studies have distinct sampling pools),39.15263027833664,-6.581340739598949
95,Tanzania,Morogoro Region,Mvomero District,NA,NA,NA,0,1,2018-06-01,2018-11-30,2018,June,1,0,HU,2,NA,2,Rugarabamu_etal_2021,https://doi.org/10.1016/j.ijid.2021.07.006,NA,Includes both community-based and health facility-based sampling; Additional case data attested in Rugarabamu et al. 2022 (assuming these two studies have distinct sampling pools),37.47458395153405,-5.900180487276984
96,Tanzania,Mbeya Region,Kyela District,NA,NA,NA,0,1,2018-06-01,2018-11-30,2018,June,1,0,HU,1,NA,1,Rugarabamu_etal_2021,https://doi.org/10.1016/j.ijid.2021.07.006,NA,Includes both community-based and health facility-based sampling,33.982969683841404,-9.460993576341416
97,Tanzania,Dodoma Region,Kondoa District,NA,NA,NA,0,1,2018-06-01,2018-11-30,2018,June,1,0,HU,2,NA,2,Rugarabamu_etal_2021,https://doi.org/10.1016/j.ijid.2021.07.006,NA,Includes both community-based and health facility-based sampling; Additional case data attested in Rugarabamu et al. 2022 (assuming these two studies have distinct sampling pools),35.8077524891999,-4.779017647418131
98,Tanzania,Tanga Region,Kilindi District,NA,NA,NA,0,1,2018-06-01,2018-11-30,2018,June,1,0,HU,2,NA,2,Rugarabamu_etal_2021,https://doi.org/10.1016/j.ijid.2021.07.006,NA,Includes both community-based and health facility-based sampling; Additional case data attested in Rugarabamu et al. 2022 (assuming these two studies have distinct sampling pools),37.33117206447372,-5.663884207573475
NA,Tanzania,Rukwa Region,Kalambo District,NA,NA,NA,0,1,2018-06-01,2018-11-30,2018,June,1,0,HU,1,NA,1,Rugarabamu_etal_2022,https://doi.org/10.1186/s40249-022-00959-z,NA,Health facility-based sampling,31.72982331609902,-8.46718944851805
NA,Tanzania,Mwanza Region,Ukerewe District,NA,NA,NA,0,1,2018-06-01,2018-11-30,2018,June,1,0,HU,1,NA,1,Rugarabamu_etal_2022,https://doi.org/10.1186/s40249-022-00959-z,NA,Health facility-based sampling,32.90929640331415,-1.9080157096678714
100,Tanzania,Kilimanjaro Region,Moshi District,NA,NA,NA,0,0,2020-03-01,2020-06-30,2020,March,1,1,HU_LS,7,11,18,Kumalija_etal_2021,https://doi.org/10.1080/16549716.2021.1957554,NA,Approximate location of outbreak determined by referencing Figure 1 in Kumalija et al. 2021; Counting cases according to PCR data given in Table 4,37.36785,-3.557538
1,Kenya,Kiambu County,Kikuyu Subcounty,NA,NA,Kikuyu,1,NA,2008-09-23,NA,2008,September,0,1,LS,NA,5,5,Unpublished DVS records,NA,NA,NA,36.66138498,-1.2543279
NA,Kenya,"Tana River, Garissa County","Bura, Balambala, Dadaab, Dujis, Fafi Subcounty",NA,NA,NA,0,1,2009-02-01,2009-04-30,2009,February,1,0,HU,4,NA,4,Njenga_and_Bett_2019,https://doi.org/10.1007/s40588-018-0110-1,NA,Assuming a sampling catchment of five subcounties for Garissa Provincial Hospital,39.95103207603323,-0.7596250568371266
2,Kenya,Kilifi County,Kaloleni Subcounty,NA,NA,Mariakani,1,NA,2009-09-03,2009-11-14,2009,September,0,1,LS,NA,22,22,Unpublished DVS records,NA,NA,NA,39.48186,-3.85792
3,Kenya,Garissa County,Ijara Subcounty,NA,NA,Kotile,1,0,2009-10-29,NA,2009,October,0,1,LS,NA,1,1,Lichoti_etal_2014,https://doi.org/10.1155/2014/379010,NA,Referencing Table 5 for positive animals,40.2063,-1.9658
4,Kenya,Garissa County,Ijara Subcounty,NA,NA,Sangailu,1,0,2009-10-28,NA,2009,October,0,1,LS,NA,1,1,Lichoti_etal_2014,https://doi.org/10.1155/2014/379010,NA,Referencing Table 5 for positive animals,40.7327,-1.3148
6,Kenya,Baringo County,Baringo South Subcounty,NA,NA,Salabani,1,0,2009-11-05,NA,2009,November,0,1,LS,NA,1,1,Lichoti_etal_2014,https://doi.org/10.1155/2014/379010,NA,Referencing Table 5 for positive animals,36.0501,0.5507
NA,Kenya,"Tana River, Garissa County","Bura, Balambala, Dadaab, Dujis, Fafi Subcounty",NA,NA,NA,0,1,2009-12-01,2010-02-28,2009,December,1,0,HU,4,NA,4,Njenga_and_Bett_2019,https://doi.org/10.1007/s40588-018-0110-1,NA,Assuming a sampling catchment of five subcounties for Garissa Provincial Hospital,39.601017957118735,-0.4267838772630577
7,Kenya,Machakos County,Machakos Town Subcounty,NA,NA,Machakos,1,NA,2010-10-06,NA,2010,October,0,1,LS,NA,5,5,Unpublished DVS records,NA,NA,NA,37.22608737,-1.58948027
8,Kenya,Kiambu County,Thika Town Subcounty,NA,NA,Thika,1,NA,2010-10-06,NA,2010,October,0,1,LS,NA,5,5,Unpublished DVS records,NA,NA,NA,37.1627001,-1.06595808
9,Kenya,Kiambu County,Ruiru Subcounty,NA,NA,Ruiru,1,NA,2010-10-06,NA,2010,October,0,1,LS,NA,1,1,Unpublished DVS records,NA,NA,NA,37.12083699,-1.20259546
10,Kenya,Nairobi County,Kasarani Subcounty,NA,NA,Kamulu,1,NA,2010-10-06,NA,2010,October,0,1,LS,NA,1,1,Unpublished DVS records,NA,NA,NA,37.06358,-1.28306
11,Kenya,Garissa County,Fafi Subcounty,NA,NA,Fafi,1,NA,2011-11-23,2012-01-07,2011,November,0,1,LS,NA,3,3,Unpublished DVS records,NA,NA,NA,40.25089758,-0.43266492
12,Kenya,Lamu County,Lamu West Subcounty,NA,NA,Witu,1,NA,2011-12-24,2012-01-07,2011,December,0,1,LS,NA,7,7,Unpublished DVS records,NA,NA,NA,40.43090174,-2.38248559
NA,Kenya,Garissa County,Fafi Subcounty,NA,NA,Fafi,1,0,2012-09-01,NA,2012,September,0,1,LS,NA,1,1,Owange_etal_2014,https://doi.org/10.1016/j.prevetmed.2014.08.008,NA,"Herd 1175, sampling #1; Information from Figure 1 and Table 1",40.026,-1.104
NA,Kenya,Garissa County,Ijara Subcounty,NA,NA,Masalani,1,0,2012-09-01,NA,2012,September,0,1,LS,NA,1,1,Owange_etal_2014,https://doi.org/10.1016/j.prevetmed.2014.08.008,NA,"Herd 1181, sampling #1; Information from Table 1",40.199,-1.6889
NA,Kenya,Garissa County,Ijara Subcounty,NA,NA,Gedulum,1,0,2012-12-01,NA,2012,December,0,1,LS,NA,1,1,Owange_etal_2014,https://doi.org/10.1016/j.prevetmed.2014.08.008,NA,"Herd 1178, sampling #2; Information from Figure 1 and Table 1",40.71971,-1.38431
NA,Kenya,Garissa County,Ijara Subcounty,NA,NA,Ijara,1,0,2012-12-01,NA,2012,December,0,1,LS,NA,4,4,Owange_etal_2014,https://doi.org/10.1016/j.prevetmed.2014.08.008,NA,"Herd 1179, sampling #2; Information from Figure 1 and Table 1",40.52,-1.5835
NA,Kenya,Garissa County,Ijara Subcounty,NA,NA,Gedulum,1,0,2013-02-01,NA,2013,February,0,1,LS,NA,2,2,Owange_etal_2014,https://doi.org/10.1016/j.prevetmed.2014.08.008,NA,"Herd 1178, sampling #3; Information from Figure 1 and Table 1",40.71971,-1.38431
NA,Kenya,Lamu County,Lamu West Subcounty,NA,NA,Witu,1,0,2013-05-01,NA,2013,May,0,1,LS,NA,2,2,Owange_etal_2014,https://doi.org/10.1016/j.prevetmed.2014.08.008,NA,"Herd 1172, sampling #4; Information from Figure 1 and Table 1",40.7558,-2.2104
NA,Kenya,Garissa County,Fafi Subcounty,NA,NA,Kamuthe,1,0,2013-05-01,NA,2013,May,0,1,LS,NA,2,2,Owange_etal_2014,https://doi.org/10.1016/j.prevetmed.2014.08.008,NA,"Herd 1174, sampling #4; Information from Figure 1 and Table 1",39.86329,-0.70585
NA,Kenya,Garissa County,Fafi Subcounty,NA,NA,Halei,1,0,2013-05-01,NA,2013,May,0,1,LS,NA,5,5,Owange_etal_2014,https://doi.org/10.1016/j.prevetmed.2014.08.008,NA,"Herd 1178, sampling #4 and herd 1179, sampling #4; Information from Figure 1 and Table 1",39.9916,-0.5974
NA,Kenya,Garissa County,Fafi Subcounty,NA,NA,Tana,0,0,2013-05-01,NA,2013,May,0,1,LS,NA,2,2,Owange_etal_2014,https://doi.org/10.1016/j.prevetmed.2014.08.008,NA,"Herd 1181, sampling #4; Not clear which Tana in Fafi Subcounty is being referred to, and herd 1181 is not shown on Figure 1",40.817741653883644,-0.6265177651940238
14,Kenya,Murang'a County,Kandara Subcounty,NA,NA,Ngararia,1,NA,2014-05-01,NA,2014,May,1,1,HU_LS,3,7,10,Unpublished KEMRI records,NA,NA,NA,37.02083493,-0.93262001
15,Kenya,Garissa County,Balambala Subcounty,NA,NA,Garissa,1,NA,2016-06-03,NA,2016,June,0,1,LS,NA,7,7,Unpublished KEMRI records,NA,NA,NA,39.59074632,-0.24856877
16,Kenya,Isiolo County,Isiolo North Subcounty,NA,NA,Saleti,1,0,2018-06-15,2018-07-30,2018,June,0,1,LS,NA,15,15,WAHIS,https://wahis.woah.org/#/in-event/2574/dashboard,1000101603,NA,38.611561,1.177155
17,Kenya,Isiolo County,Isiolo South Subcounty,NA,NA,Garbatulla,1,0,2018-06-19,2018-07-30,2018,June,0,1,LS,NA,12,12,WAHIS,https://wahis.woah.org/#/in-event/2574/dashboard,1000101604,NA,38.415522,0.549314
19,Kenya,Wajir County,Wajir North Subcounty,NA,NA,Basir,1,0,2018-05-01,2018-07-30,2018,May,0,1,LS,NA,25,25,WAHIS,https://wahis.woah.org/#/in-event/2574/dashboard,1000100918,"Based on information in Hassan et al. 2020 (10.4269/ajtmh.20-0387), setting the start date in Wajir County to May",39.027828,2.327758
20,Kenya,Wajir County,Eldas Subcounty,NA,NA,Eldas,1,0,2018-05-01,2018-07-30,2018,May,1,1,HU_LS,21,17,38,WAHIS,https://wahis.woah.org/#/in-event/2574/dashboard,1000101072,"Based on information in Hassan et al. 2020 (10.4269/ajtmh.20-0387), setting the start date in Wajir County to May; Arbitrarily assigning all Wajir County human cases reported in Hassan et al. 2020 to Eldas Subcounty",39.60631,2.492876
21,Kenya,Mandera County,Mandera South Subcounty,NA,NA,Elwak,1,0,2018-06-22,2018-07-30,2018,June,0,1,LS,NA,2,2,WAHIS,https://wahis.woah.org/#/in-event/2574/dashboard,1000102482,NA,40.913067,2.817387
22,Kenya,Marsabit County,Saku Subcounty,NA,NA,Marsabit,1,0,2018-06-01,2018-07-30,2018,June,1,1,HU_LS,8,18,26,WAHIS,https://wahis.woah.org/#/in-event/2574/dashboard,1000102478,Start date and human case data from Hassan et al. 2020 (10.4269/ajtmh.20-0387),37.869589,2.394153
23,Kenya,Tana River County,Garsen Subcounty,NA,NA,Dhidhe Ade,1,0,2018-06-20,2018-07-30,2018,June,1,1,HU_LS,NA,20,20,Daily Nation,https://reliefweb.int/report/kenya/quarantine-tana-delta-after-rift-valley-fever-outbreak,NA,Total human case count unclear,40.26515673,-2.5509187
24,Kenya,Tana River County,Bura Subcounty,NA,NA,Galole,1,0,2018-06-11,2018-07-30,2018,June,0,1,LS,NA,1,1,WAHIS,https://wahis.woah.org/#/in-event/2574/dashboard,1000101073,NA,39.952116,-1.284105
25,Kenya,Siaya County,Ugenya Subcounty,NA,NA,Siaya,1,0,2018-06-02,2018-07-30,2018,June,1,1,HU_LS,1,38,39,WAHIS,https://wahis.woah.org/#/in-event/2574/dashboard,1000101606,Start date and human case data from Hassan et al. 2020 (10.4269/ajtmh.20-0387),34.141077,0.198418
27,Kenya,Baringo County,Mogotio Subcounty,NA,NA,Mogotio,1,0,2018-06-29,2018-07-30,2018,June,0,1,LS,NA,1,1,WAHIS,https://wahis.woah.org/#/in-event/2574/dashboard,1000102477,NA,36.067303,0.24718300000000001
28,Kenya,Meru County,Igembe South Subcounty,NA,NA,Igembe Central,1,0,2018-07-02,2018-07-30,2018,July,0,1,LS,NA,1,1,WAHIS,https://wahis.woah.org/#/in-event/2574/dashboard,1000102483,NA,37.952045,0.237924
29,Kenya,Murang'a County,Kiharu Subcounty,NA,NA,Kihingo,1,0,2019-01-25,2019-03-21,2019,January,0,1,LS,NA,4,4,WAHIS,https://wahis.woah.org/#/in-event/2824/dashboard,1000111864,NA,37.087673,-0.721406
30,Kenya,Nyandarua County,Ndaragwa Subcounty,NA,NA,Rurii,1,NA,2019-01-24,2019-03-21,2019,January,1,1,HU_LS,15,1,16,Unpublished KEMRI records,NA,NA,NA,36.37819305,-0.21193184
31,Kenya,Nyandarua County,Ol Kalou Subcounty,NA,NA,Karau,1,NA,2019-01-24,2019-03-21,2019,January,1,1,HU_LS,NA,1,1,Unpublished KEMRI records,NA,NA,Total human case count unclear,36.33845537,-0.31679704
32,Kenya,Nyandarua County,Ndaragwa Subcounty,NA,NA,Shamata,1,0,2019-02-25,2019-03-21,2019,February,0,1,LS,NA,5,5,WAHIS,https://wahis.woah.org/#/in-event/2824/dashboard,1000111865,NA,36.498871,-0.195548
33,Kenya,Isiolo County,Isiolo South Subcounty,Sericho Ward,NA,Eresa Boru,1,0,2020-11-19,2021-03-18,2020,November,1,1,HU_LS,NA,24,24,WAHIS,https://wahis.woah.org/#/in-event/3491/dashboard,1000143195,Additional information derived from WHO report (https://www.who.int/emergencies/disease-outbreak-news/item/2021-DON311) where this outbreak is referred to as occurring in Garbatulla Subcounty; Total human case count in Isiolo South (Garbatulla) unclear,38.781515,1.038371
34,Kenya,Isiolo County,Isiolo North Subcounty,Cherab Ward,NA,Korbesa,1,0,2020-11-19,2021-03-18,2020,November,1,1,HU_LS,NA,20,20,WAHIS,https://wahis.woah.org/#/in-event/3491/dashboard,1000144227,Additional information derived from WHO report (https://www.who.int/emergencies/disease-outbreak-news/item/2021-DON311) where Korbesa is described as being within Merti Subcounty; Total human case count in Isiolo North (Merti) unclear,38.78781,1.210698
35,Kenya,Garissa County,Balambala Subcounty,Danyere Ward,NA,Danyere,1,0,2020-12-07,2021-03-18,2020,December,0,1,LS,NA,1,1,WAHIS,https://wahis.woah.org/#/in-event/3491/dashboard,1000143196,"Additional information derived from WHO report (https://www.who.int/emergencies/disease-outbreak-news/item/2021-DON311); Coordinates given by WAHIS fall within Danyere Ward, not Jara Jara Ward, as indicated in the WAHIS event",38.850756,0.307889
36,Kenya,Garissa County,Ijara Subcounty,Masalani Ward,NA,Qalaqal,1,0,2020-12-07,2021-03-18,2020,December,0,1,LS,NA,3,3,WAHIS,https://wahis.woah.org/#/in-event/3491/dashboard,1000143198,Additional information derived from WHO report (https://www.who.int/emergencies/disease-outbreak-news/item/2021-DON311),40.240787,-1.627194
37,Kenya,Mandera County,Mandera North Subcounty,Rhamu-Dimtu Ward,NA,Yabicho,1,0,2021-01-22,2021-03-18,2021,January,1,1,HU_LS,2,2,4,WAHIS,https://wahis.woah.org/#/in-event/3491/dashboard,1000146374,Additional information derived from WHO report (https://www.who.int/emergencies/disease-outbreak-news/item/2021-DON311) where the human portion of this outbreak is described from Kalmalab in Mandera North Subcounty,41.09124,3.821088
38,Kenya,Murang'a County,Gatanga Subcounty,Kihumbu-Ini Ward,NA,Kihumbu-Ini,1,0,2020-12-29,2021-03-18,2020,December,0,1,LS,NA,NA,NA,WHO,https://www.who.int/emergencies/disease-outbreak-news/item/2021-DON311,NA,Total livestock case count unclear,36.98083414,-0.93262002
39,Kenya,Murang'a County,Kandara Subcounty,Ng'Araria Ward,NA,Ngararia,1,0,2021-01-19,2021-03-18,2021,January,0,1,LS,NA,6,6,WAHIS,https://wahis.woah.org/#/in-event/3491/dashboard,1000145035,Additional information derived from WHO report (https://www.who.int/emergencies/disease-outbreak-news/item/2021-DON311),37.019834,-0.934632
40,Kenya,Kiambu County,Kikuyu Subcounty,NA,NA,Kikuyu,1,0,2021-06-14,2021-08-20,2021,June,0,1,LS,NA,5,5,WAHIS,https://wahis.woah.org/#/in-event/3841/dashboard,ob_87960,I believe this same outbreak event is captured in Juma et al. 2022 (https://doi.org/10.1186/s12864-022-08764-6) which describes 5 IgM-positive cattle sampled in Kiambu county in July 2021; So at least 5 positive animals were involved in the outbreak event in this area,36.6601,-1.2396
NA,Kenya,Wajir County,Eldas Subcounty,NA,NA,NA,0,0,2021-07-01,2021-08-31,2021,July,0,1,LS,NA,1,1,Omani_etal_2024,https://doi.org/10.1016/j.onehlt.2024.100921,NA,"Although the sampling started in June 2021, discussion of the single IgM-positive animal mentions July 2021 as the ""time of sampling"", hence the coding of the outbreak start date",39.80363195739408,2.5808272219495056
NA,Kenya,Isiolo County,Isiolo South Subcounty,NA,NA,NA,0,0,2021-07-01,2021-08-31,2021,July,0,1,LS,NA,4,4,Muturi_etal_2023,https://doi.org/10.1038/s41598-023-42596-y,NA,NA,38.32936757893302,0.34382642368681055
41,Kenya,Nyandarua County,NA,NA,NA,NA,0,0,2020-10-01,NA,2020,October,0,1,LS,NA,3,3,Wanjama_etal_2022,https://www.researchgate.net/profile/James-Kabugu/publication/366836264_Sero-epidemiological_survey_of_Rift_Valley_Fever_virus_in_ruminants_in_Nyandarua_County_Kenya/links/63b435a8a03100368a4df2e1/Sero-epidemiological-survey-of-Rift-Valley-Fever-virus-in-ruminants-in-Nyandarua-County-Kenya.pdf,NA,Outbreak timing coded as occurring between the two sampling events; Not clear when the IgM-positive animals were sampled,36.456675160448974,-0.05091343651448452
NA,Uganda,Northern Region,Kitgum District,NA,NA,NA,0,0,2010-12-01,NA,2010,December,0,1,LS,NA,1,1,Ndumu_etal_2021,https://doi.org/10.1186/s12917-021-02867-0,NA,Some ambiguity in the manuscript about whether the samples were collected starting in November 2010 or December 2010,33.314701251580274,3.326638999366683
42,Uganda,Western Region,Kabale District,NA,Kamuganguzi Subcounty,Omururinda,1,0,2016-02-10,NA,2016,February,1,1,HU_LS,1,1,2,Shoemaker_etal_2019,https://doi.org/10.4269/ajtmh.18-0732,1000070693,"Captures acute case 2 (AC2) and the single confirmed livestock case; Livestock case is also attested to by a WAHIS event (https://wahis.woah.org/#/in-event/1922/dashboard) where the village is referred to as Kashenyi, immediately adjacent to Omururinda; Note that the coordinates for Kashenyi given in the WAHIS event appear to be inaccurate",29.9924701,-1.3299139
43,Uganda,Western Region,Kabale District,NA,Northern Division,Upper Bugongi,1,0,2016-03-02,NA,2016,March,1,0,HU,1,NA,1,Shoemaker_etal_2019,https://doi.org/10.4269/ajtmh.18-0732,NA,Captures acute case 1 (AC1),29.995927,-1.232273
NA,Uganda,Western Region,Kabale District,NA,Rubaya Subcounty,Mushenyi,1,0,2016-03-03,NA,2016,March,1,0,HU,1,NA,1,Shoemaker_etal_2019,https://doi.org/10.4269/ajtmh.18-0732,NA,Captures acute case 3 (AC3),29.9868397,-1.4472344
44,Uganda,Western Region,Kabale District,NA,Southern Division,Rushaki,1,0,2016-06-02,NA,2016,June,1,0,HU,1,NA,1,Shoemaker_etal_2019,https://doi.org/10.4269/ajtmh.18-0732,NA,Captures acute case 4 (AC4),30.0052505,-1.2592782
NA,Uganda,Western Region,Kabale District,NA,NA,NA,0,0,2016-04-01,2016-04-30,2016,April,1,0,HU,10,NA,10,Nyakarahuka_etal_2018,https://doi.org/10.1371/journal.pntd.0006412,NA,Assuming this data is distinct from that reported by Shoemaker et al. 2019,29.970162648836414,-1.3380713435845848
45,Uganda,Western Region,Isingiro District,NA,Mbaare Subcounty,Katojo Central,1,NA,2018-07-03,NA,2018,July,1,0,HU,3,NA,3,Nyakarahuka_etal_2023,https://doi.org/10.4269/ajtmh.22-0410,NA,NA,30.9719902,-0.8682045
46,Uganda,Central Region,Kiboga District,NA,Kibiga Subcounty,Busakya,1,0,2017-11-14,NA,2017,November,1,0,HU,1,NA,1,Birungi_etal_2021,https://doi.org/10.1155/2021/8881191,NA,Start date information from Table 1,31.7522425,0.8918558
47,Uganda,Central Region,Mityana District,NA,NA,NA,0,0,2017-11-16,NA,2017,November,1,0,HU,1,NA,1,Birungi_etal_2021,https://doi.org/10.1155/2021/8881191,NA,No information given in paper regarding specific village location,32.07141419667472,0.47548950157406983
48,Uganda,Western Region,Kiruhura District,NA,Kanyaryeru Subcounty,Rushororo,1,0,2017-11-18,NA,2017,November,1,0,HU,4,NA,4,Birungi_etal_2021,https://doi.org/10.1155/2021/8881191,NA,Additional information: https://uniph.go.ug/rift-valley-fever-outbreak-caused-by-handling-a-dead-calf-kiruhura-district-2017-2018/,30.9425875,-0.5073751
49,Uganda,Central Region,Kyankwanzi District,NA,Butemba Town Council,Bukwiri,1,NA,2017-12-14,2018-01-04,2017,December,1,0,HU,1,NA,1,Nyakarahuka_etal_2023,https://doi.org/10.4269/ajtmh.22-0410,NA,NA,31.596401,1.126574
50,Uganda,Central Region,Buikwe District,NA,Kawolo Subcounty,Vvumba,1,0,2018-01-07,NA,2018,January,1,0,HU,1,NA,1,Birungi_etal_2021,https://doi.org/10.1155/2021/8881191,NA,Village may also be known as Vumba,32.9,0.3
51,Uganda,Northern Region,Yumbe District,NA,Ariwa Subcounty,Ariwa II refugee camp zone 5,1,NA,2018-01-19,2018-02-07,2018,January,1,0,HU,1,NA,1,Nyakarahuka_etal_2023,https://doi.org/10.4269/ajtmh.22-0410,NA,NA,31.4071817,3.2428225
52,Uganda,Western Region,Rwampara District,NA,Bugamba Subcounty,Bugamba,1,NA,2018-06-08,2018-08-24,2018,June,1,0,HU,1,NA,1,Nyakarahuka_etal_2023,https://doi.org/10.4269/ajtmh.22-0410,NA,NA,30.48719,-0.709031
53,Uganda,Western Region,Ibanda District,NA,Bufunda Division,NA,1,NA,2018-06-18,2018-07-20,2018,June,1,0,HU,1,NA,1,Nyakarahuka_etal_2023,https://doi.org/10.4269/ajtmh.22-0410,NA,NA,30.53012239,-0.09016975
54,Uganda,Western Region,Kasese District,NA,Munkunyu Subcounty,NA,1,NA,2018-06-20,2018-07-07,2018,June,1,0,HU,1,NA,1,Nyakarahuka_etal_2023,https://doi.org/10.4269/ajtmh.22-0410,NA,NA,29.857045,0.01362694
55,Uganda,Western Region,Isingiro District,NA,Masha Subcounty,Kabare,1,NA,2018-06-22,2018-07-20,2018,June,1,0,HU,4,NA,4,Nyakarahuka_etal_2023,https://doi.org/10.4269/ajtmh.22-0410,NA,Village may also be known as Kabaare,30.718193,-0.664144
56,Uganda,Central Region,Ssembabule District,NA,Lwebitakuli Subcounty,NA,1,NA,2018-07-01,2018-08-01,2018,July,1,0,HU,1,NA,1,Nyakarahuka_etal_2023,https://doi.org/10.4269/ajtmh.22-0410,NA,NA,31.34864797,-0.25844587
57,Uganda,Western Region,Isingiro District,NA,Kashumba Subcounty,NA,1,NA,2018-07-03,2018-08-24,2018,July,1,0,HU,1,NA,1,Nyakarahuka_etal_2023,https://doi.org/10.4269/ajtmh.22-0410,NA,NA,30.9563515,-0.8892447
58,Uganda,Western Region,Isingiro District,NA,Rugaaga Subcounty,Nakivale,1,NA,2018-07-03,2018-07-20,2018,July,1,0,HU,1,NA,1,Nyakarahuka_etal_2023,https://doi.org/10.4269/ajtmh.22-0410,NA,NA,30.94943771,-0.771338167
59,Uganda,Western Region,Isingiro District,NA,Kashumba Subcounty,Kashumba,1,NA,2018-07-05,2018-08-24,2018,July,1,0,HU,3,NA,3,Nyakarahuka_etal_2023,https://doi.org/10.4269/ajtmh.22-0410,NA,NA,30.949304,-0.903845
60,Uganda,Central Region,Masaka District,NA,Kkingo Subcounty,Kasaana B,1,NA,2018-07-09,2018-08-03,2018,July,1,0,HU,1,NA,1,Nyakarahuka_etal_2023,https://doi.org/10.4269/ajtmh.22-0410,NA,NA,31.623002,-0.303224
61,Uganda,Central Region,Mubende District,NA,Kigando Subcounty,Bubanda,1,NA,2018-07-10,2018-08-10,2018,July,1,0,HU,1,NA,1,Nyakarahuka_etal_2023,https://doi.org/10.4269/ajtmh.22-0410,NA,NA,31.26666682,0.266838647
62,Uganda,Western Region,Rwampara District,NA,Bugamba Subcounty,Rurengye,1,NA,2018-07-10,2018-07-30,2018,July,1,0,HU,1,NA,1,Nyakarahuka_etal_2023,https://doi.org/10.4269/ajtmh.22-0410,NA,NA,30.503668,-0.729509
63,Uganda,Western Region,Isingiro District,NA,Kikagate Subcounty,Kizibale,1,NA,2018-07-14,2018-08-07,2018,July,1,0,HU,1,NA,1,Nyakarahuka_etal_2023,https://doi.org/10.4269/ajtmh.22-0410,NA,NA,30.661807,-1.034086
64,Uganda,Western Region,Sheema District,NA,Kagango Division,Kasozi,1,NA,2018-07-19,2018-08-11,2018,July,1,0,HU,1,NA,1,Nyakarahuka_etal_2023,https://doi.org/10.4269/ajtmh.22-0410,NA,NA,30.392695,-0.642397
65,Uganda,Western Region,Isingiro District,NA,Kashumba Subcounty,Kashumba,1,NA,2018-07-19,2018-08-14,2018,July,1,0,HU,1,NA,1,Nyakarahuka_etal_2023,https://doi.org/10.4269/ajtmh.22-0410,NA,NA,30.948346,-0.903202
66,Uganda,Western Region,Isingiro District,NA,Nyakitunda Subcounty,Rwamuhunga,1,NA,2018-07-29,2018-08-19,2018,July,1,0,HU,1,NA,1,Nyakarahuka_etal_2023,https://doi.org/10.4269/ajtmh.22-0410,NA,NA,30.738107,-0.924658
68,Uganda,Western Region,Kiruhura District,NA,Sanga Town Council,Nyankumba,1,NA,2018-08-07,2018-08-29,2018,August,1,0,HU,2,NA,2,Nyakarahuka_etal_2023,https://doi.org/10.4269/ajtmh.22-0410,NA,NA,30.908201,-0.501662
69,Uganda,Central Region,Rakai District,NA,Kacheera Subcounty,Kakyera,1,NA,2018-08-08,2018-08-24,2018,August,1,0,HU,1,NA,1,Nyakarahuka_etal_2023,https://doi.org/10.4269/ajtmh.22-0410,NA,NA,31.18753748,-0.594695726
70,Uganda,Eastern Region,Namutumba District,NA,Busembatia Town Council,Kasabuli,1,NA,2018-07-25,2018-08-20,2018,July,1,0,HU,1,NA,1,Nyakarahuka_etal_2023,https://doi.org/10.4269/ajtmh.22-0410,NA,NA,33.623679,0.77964
NA,Uganda,Western Region,Isingiro District,NA,Kashumba Subcounty,Nakivale,1,0,2018-08-08,NA,2018,August,0,1,LS,NA,24,24,WAHIS,https://wahis.woah.org/#/in-event/2666/dashboard,1000104694,NA,30.929099,-0.7898187
NA,Uganda,Western Region,Mbarara District,NA,Kashare Subcounty,Mutonto,1,0,2018-08-12,NA,2018,August,0,1,LS,NA,12,12,WAHIS,https://wahis.woah.org/#/in-event/2666/dashboard,1000104698,Not using coordinates provided by WAHIS as these map to the city of Mbarara; Instead using coordinates for Mutonto itself,30.65,-0.383333
NA,Uganda,Central Region,Lyantonde District,NA,Lyantonde Town Council,Lyantonde,1,0,2018-09-02,NA,2018,September,0,1,LS,NA,20,20,WAHIS,https://wahis.woah.org/#/in-event/2666/dashboard,1000104697,NA,31.1535628,-0.4064197
71,Uganda,Western Region,Kiryandongo District,NA,Kiryandongo Subcounty,Mirima,1,NA,2019-03-03,2019-03-29,2019,March,1,0,HU,1,NA,1,Nyakarahuka_etal_2023,https://doi.org/10.4269/ajtmh.22-0410,NA,NA,32.15906437,1.897241385
72,Uganda,Western Region,Kasese District,NA,Central Division,Salute B,1,NA,2019-05-30,2019-06-30,2019,May,1,0,HU,1,NA,1,Nyakarahuka_etal_2023,https://doi.org/10.4269/ajtmh.22-0410,NA,NA,30.0653,0.179042
74,Uganda,Northern Region,Obongi District,NA,Itula Subcounty,Pasu,1,NA,2019-11-20,2019-12-10,2019,November,1,0,HU,1,NA,1,Nyakarahuka_etal_2023,https://doi.org/10.4269/ajtmh.22-0410,NA,Village may also be known as Passu,31.546031,3.481613
75,Uganda,Western Region,Ntoroko District,NA,Nombe Subcounty,Kimara,1,NA,2019-12-04,2019-12-18,2019,December,1,0,HU,1,NA,1,Nyakarahuka_etal_2023,https://doi.org/10.4269/ajtmh.22-0410,NA,NA,30.413979,1.07504644
76,Uganda,Central Region,Kampala District,NA,Kira Division,Kasokozo,1,NA,2020-02-02,2020-03-20,2020,February,1,0,HU,2,NA,2,Nyakarahuka_etal_2023,https://doi.org/10.4269/ajtmh.22-0410,NA,NA,32.631177,0.42807
77,Uganda,Central Region,Kyankwanzi District,NA,Kyankwanzi Town Council,Kitegwa,1,NA,2020-02-12,2020-03-10,2020,February,1,0,HU,1,NA,1,Nyakarahuka_etal_2023,https://doi.org/10.4269/ajtmh.22-0410,NA,NA,31.882801,1.183394
78,Uganda,Central Region,Lake Victoria District,NA,Bussi Subcounty,Gulwe,1,NA,2020-03-04,2020-03-24,2020,March,1,0,HU,1,NA,1,Nyakarahuka_etal_2023,https://doi.org/10.4269/ajtmh.22-0410,NA,"Outbreak actually occurred on Kava Island, as indicated by the GPS coordinates",32.366674,-0.015864
79,Uganda,Western Region,Kabale District,NA,Central Division,Kigongi A,1,NA,2020-07-08,2020-08-14,2020,July,1,0,HU,1,NA,1,Nyakarahuka_etal_2023,https://doi.org/10.4269/ajtmh.22-0410,NA,NA,29.995834,-1.245965
80,Uganda,Western Region,Kiruhura District,NA,Kenshunga Subcounty,Rushere,1,NA,2020-07-20,2020-08-03,2020,July,1,0,HU,1,NA,1,Nyakarahuka_etal_2023,https://doi.org/10.4269/ajtmh.22-0410,NA,NA,30.862896,-0.176444
81,Uganda,Central Region,Ssembabule District,NA,Lugusulu Subcounty,Kyebando,1,0,2020-11-28,2020-12-31,2020,November,1,0,HU,2,NA,2,Aceng_etal_2023,https://doi.org/10.1186/s42522-023-00092-3,NA,NA,31.39609,-0.06351
82,Uganda,Western Region,Kiruhura District,NA,Kinoni Subcounty,Kasaana,1,0,2021-05-07,NA,2021,May,1,1,HU_LS,4,8,12,Cossaboom_etal_2022,https://doi.org/10.3201/eid2811.220364 ,NA,"Only counting recent, acute cases in Cossaboom et al. 2022; Additional data on livestock cases in: https://uniph.go.ug/rift-valley-fever-outbreak-kiruhura-district-uganda-june-2021/",31.0700292,-0.0603661
83,Uganda,Western Region,Kyegegwa District,NA,Kabweza Kyegegwa Subcounty,Bukere,1,NA,2021-08-01,2021-08-20,2021,August,1,0,HU,1,NA,1,UNIPH,https://uniph.go.ug/descriptive-analysis-of-rift-valley-fever-outbreaks-uganda-2016-2023/,NA,NA,31.09482,0.38333
84,Uganda,Western Region,Kagadi District,NA,Ruteete Subcounty,Kihura,1,NA,2022-01-02,2022-02-02,2022,January,1,1,HU_LS,2,1,3,UNIPH,https://uniph.go.ug/descriptive-analysis-of-rift-valley-fever-outbreaks-uganda-2016-2023/,NA,NA,30.800612,1.0121967
85,Uganda,Western Region,Mbarara District,NA,Rubindi Subcounty,Kama,1,NA,2022-05-10,2022-06-10,2022,May,1,0,HU,3,NA,3,UNIPH,https://uniph.go.ug/descriptive-analysis-of-rift-valley-fever-outbreaks-uganda-2016-2023/,NA,NA,30.550191,-0.373517
86,Tanzania,Morogoro Region,Kilombero District,NA,NA,NA,0,0,2011-05-01,2011-08-31,2011,May,0,1,LS,NA,9,9,Sumaye_etal_2013,https://doi.org/10.1371/journal.pntd.0002356,NA,Approximate location of outbreak determined by referencing Figure 1 in Sumaye et al. 2013,36.2336,-8.2828
NA,Tanzania,Kigoma Region,Kigoma District,NA,NA,NA,0,0,2011-05-01,2011-06-30,2011,May,0,1,LS,NA,1,1,Kifaro_etal_2014,http://dx.doi.org/10.4102/ojvr.v81i2.717 ,NA,"Some ambiguity about the date of sampling because September-October 2011 is also mentioned, but pretty confident these are the correct dates; Approximate location of outbreak determined by referencing Figure 1 in Kifaro et al. 2014",29.66,-4.8043
NA,Tanzania,Kigoma Region,Kibondo District,NA,NA,NA,0,0,2011-05-01,2011-06-30,2011,May,0,1,LS,NA,4,4,Kifaro_etal_2014,http://dx.doi.org/10.4102/ojvr.v81i2.717 ,NA,"Some ambiguity about the date of sampling because September-October 2011 is also mentioned, but pretty confident these are the correct dates; Approximate location of outbreak determined by referencing Figure 1 in Kifaro et al. 2014",30.4877,-3.5881
NA,Tanzania,Kigoma Region,Buhigwe District,NA,NA,NA,0,0,2011-05-01,2011-06-30,2011,May,0,1,LS,NA,3,3,Kifaro_etal_2014,http://dx.doi.org/10.4102/ojvr.v81i2.717 ,NA,"Some ambiguity about the date of sampling because September-October 2011 is also mentioned, but pretty confident these are the correct dates; Approximate location of outbreak determined by referencing Figure 1 in Kifaro et al. 2014",29.78823,-4.4284
87,Tanzania,Morogoro Region,Kilombero District,NA,NA,NA,0,0,2012-03-01,2012-08-31,2012,March,1,0,HU,16,NA,16,Sumaye_etal_2015,https://doi.org/10.1371/journal.pntd.0003536,NA,"Approximate location chosen to match that of the Sumaye et al. 2013 study, since Sumaye et al. 2015 mentions sampling in the same ""hotspots of RVF transmission in the livestock populations""",36.2336,-8.2828
88,Tanzania,Mara Region,Bunda District,NA,NA,NA,0,1,2014-08-01,2014-10-31,2014,August,1,0,HU,2,NA,2,Ahmed_etal_2018,https://doi.org/10.1186/s12879-018-3183-9,NA,A hospital-based study; Districts listed all had IgM-positive humans,33.52510890186404,-2.0276270075007723
88,Tanzania,Mara Region,Serengeti District,NA,NA,NA,0,1,2014-08-01,2014-10-31,2014,August,1,0,HU,1,NA,1,Ahmed_etal_2018,https://doi.org/10.1186/s12879-018-3183-9,NA,A hospital-based study; Districts listed all had IgM-positive humans,34.96856998165265,-2.2859240183042293
88,Tanzania,Arusha Region,Ngorongoro District,NA,NA,NA,0,1,2014-08-01,2014-10-31,2014,August,1,0,HU,3,NA,3,Ahmed_etal_2018,https://doi.org/10.1186/s12879-018-3183-9,NA,A hospital-based study; Districts listed all had IgM-positive humans,35.487873867572986,-2.7977290996139175
89,Tanzania,Morogoro Region,Morogoro District,NA,NA,NA,0,0,2014-06-01,2015-10-31,2014,June,0,1,LS,NA,27,27,Matiko_etal_2018,https://doi.org/10.1371/journal.pntd.0006931,NA,Approximate location of outbreak determined by referencing Figure 1 in Matiko et al. 2018 and placing location near IgM-positive villages,37.772134,-6.779623
90,Tanzania,Mbeya Region,Kyela District,NA,NA,NA,0,0,2014-06-01,2015-10-31,2014,June,0,1,LS,NA,3,3,Matiko_etal_2018,https://doi.org/10.1371/journal.pntd.0006931,NA,Approximate location of outbreak determined by referencing Figure 1 in Matiko et al. 2018 and placing location near IgM-positive villages,33.829551,-9.606575
NA,Tanzania,Mbeya Region,Kyela District,NA,NA,NA,0,0,2015-09-01,NA,2015,September,0,1,LS,NA,1,1,Salekwa_etal_2019,https://doi.org/10.4269/ajtmh.18-0798,NA,"Somewhat ambiguous, but the text seems to indicate that the Kyela District was the sole District sampled within the Mbeya Region",33.97443976694244,-9.488928402668943
92,Tanzania,Kilimanjaro Region,Moshi District,NA,NA,NA,0,0,2018-05-16,NA,2018,May,1,1,HU_LS,1,11,12,deGlanville_etal_2022,https://doi.org/10.1093/trstmh/trac076,NA,Livestock cases reported in Arusha Chini and Kindi Wards in de Glanville et al. 2022; Associated human case reported in Kilema Kusini Ward in Madut et al. 2024,37.2746208537414,-3.2072718556635857
92,Tanzania,Kilimanjaro Region,Moshi Urban District,NA,NA,NA,0,0,2018-07-03,NA,2018,July,1,1,HU_LS,1,1,2,deGlanville_etal_2022,https://doi.org/10.1093/trstmh/trac076,NA,Livestock case reported in Rau Ward in de Glanville et al. 2022; Associated human case reported in Pasua Ward in Madut et al. 2024,37.37869815707676,-3.3614172828049758
92,Tanzania,Kilimanjaro Region,Hai District,NA,NA,NA,0,0,2018-07-15,NA,2018,July,1,1,HU_LS,1,2,3,deGlanville_etal_2022,https://doi.org/10.1093/trstmh/trac076,NA,Livestock cases reported in Machame Mashariki Ward in de Glanville et al. 2022; Associated human case reported in Hai Mjini Ward in Madut et al. 2024,37.26545127686056,-3.402962993036743
NA,Tanzania,Manyara Region,Simanjiro District,NA,NA,NA,0,0,2018-07-01,NA,2018,July,1,0,HU,1,NA,1,Madut_etal_2024,https://doi.org/10.1093/infdis/jiae562 ,NA,"Assuming a July start date for this outbreak, but it's a little unclear",37.19948056443563,-3.9826902903652974
93,Tanzania,Kigoma Region,Buhigwe District,NA,NA,NA,0,1,2018-06-01,2018-11-30,2018,June,1,0,HU,2,NA,2,Rugarabamu_etal_2021,https://doi.org/10.1016/j.ijid.2021.07.006,NA,Includes both community-based and health facility-based sampling; Additional case data attested in Rugarabamu et al. 2022 (assuming these two studies have distinct sampling pools),29.77216269491699,-4.543356942044922
94,Tanzania,Dar es Salaam Region,Kinondoni District,NA,NA,NA,0,1,2018-06-01,2018-11-30,2018,June,1,0,HU,6,NA,6,Rugarabamu_etal_2021,https://doi.org/10.1016/j.ijid.2021.07.006,NA,Includes both community-based and health facility-based sampling; Additional case data attested in Rugarabamu et al. 2022 (assuming these two studies have distinct sampling pools),39.138839419551935,-6.778998971554028
95,Tanzania,Morogoro Region,Mvomero District,NA,NA,NA,0,1,2018-06-01,2018-11-30,2018,June,1,0,HU,2,NA,2,Rugarabamu_etal_2021,https://doi.org/10.1016/j.ijid.2021.07.006,NA,Includes both community-based and health facility-based sampling; Additional case data attested in Rugarabamu et al. 2022 (assuming these two studies have distinct sampling pools),38.03109353188046,-6.201172694774426
96,Tanzania,Mbeya Region,Kyela District,NA,NA,NA,0,1,2018-06-01,2018-11-30,2018,June,1,0,HU,1,NA,1,Rugarabamu_etal_2021,https://doi.org/10.1016/j.ijid.2021.07.006,NA,Includes both community-based and health facility-based sampling,34.00453917615963,-9.444406054063306
97,Tanzania,Dodoma Region,Kondoa District,NA,NA,NA,0,1,2018-06-01,2018-11-30,2018,June,1,0,HU,2,NA,2,Rugarabamu_etal_2021,https://doi.org/10.1016/j.ijid.2021.07.006,NA,Includes both community-based and health facility-based sampling; Additional case data attested in Rugarabamu et al. 2022 (assuming these two studies have distinct sampling pools),35.66178134084347,-4.5978195206544985
98,Tanzania,Tanga Region,Kilindi District,NA,NA,NA,0,1,2018-06-01,2018-11-30,2018,June,1,0,HU,2,NA,2,Rugarabamu_etal_2021,https://doi.org/10.1016/j.ijid.2021.07.006,NA,Includes both community-based and health facility-based sampling; Additional case data attested in Rugarabamu et al. 2022 (assuming these two studies have distinct sampling pools),37.47998269675493,-5.3732523659013
NA,Tanzania,Rukwa Region,Kalambo District,NA,NA,NA,0,1,2018-06-01,2018-11-30,2018,June,1,0,HU,1,NA,1,Rugarabamu_etal_2022,https://doi.org/10.1186/s40249-022-00959-z,NA,Health facility-based sampling,32.02642714669093,-9.016117703548815
NA,Tanzania,Mwanza Region,Ukerewe District,NA,NA,NA,0,1,2018-06-01,2018-11-30,2018,June,1,0,HU,1,NA,1,Rugarabamu_etal_2022,https://doi.org/10.1186/s40249-022-00959-z,NA,Health facility-based sampling,32.942835883083546,-2.0778605325840966
100,Tanzania,Kilimanjaro Region,Moshi District,NA,NA,NA,0,0,2020-03-01,2020-06-30,2020,March,1,1,HU_LS,7,11,18,Kumalija_etal_2021,https://doi.org/10.1080/16549716.2021.1957554,NA,Approximate location of outbreak determined by referencing Figure 1 in Kumalija et al. 2021; Counting cases according to PCR data given in Table 4,37.36785,-3.557538
